magazine,volume,issue,serial_num,date,title,author,page,note
伊那路,70,3,830,2026/03/10,井月研究ノート（8）井月の初期の動向を『まし水』で読み解く,一ノ瀬　武志,1,
伊那路,70,3,830,2026/03/10,「自然石道祖神」解説,三石　稔,10,
伊那路,70,3,830,2026/03/10,百年前の宮田村平坦部の植物群落,伊藤　一幸,12,
伊那路,70,3,830,2026/03/10,忘れられた少女の死　16歳で散った女子挺身隊員,宮原　達明,22,
伊那路,70,3,830,2026/03/10,境立ての榜示と制札,春日　賢太郎,30,
伊那路,70,3,830,2026/03/10,【図説・上伊那の民俗】（100）自然石道祖神,三石　稔,表紙2,
伊那路,70,3,830,2026/03/10,【絵で観る伊那谷の昆虫】（24）テングチョウ,田中　邦治,表紙3,
伊那路,70,2,829,2026/02/10,井月研究ノート（7）明治2年の歳旦帳を読み解く,一ノ瀬　武志,1,井月特集号
伊那路,70,2,829,2026/02/10,上伊那の植物（16）フクジュソウ（キンポウゲ科）,伊藤　一幸,6,井月特集号
伊那路,70,2,829,2026/02/10,第34回信州伊那井月俳句大会報告,大野田　井蛙,7,井月特集号
伊那路,70,2,829,2026/02/10,井月浪漫『越後獅子』誕生余話（前編）　成立の背景を鑑みる,翁　悦治,11,井月特集号
伊那路,70,2,829,2026/02/10,里山の在来植物はさまざまな人たちによって維持されてきた,伊藤　一幸,21,井月特集号
伊那路,70,2,829,2026/02/10,「御礼・音信」と「施し・勧化」笠原村の心遣い,春日　賢太郎,26,井月特集号
伊那路,70,2,829,2026/02/10,【古文書の窓】（183）大名の官職名,小池　悟志,38,井月特集号
伊那路,70,2,829,2026/02/10,【図説・上伊那の民俗】（99）中曽根の獅子舞（箕輪町中曽根）,三石　稔,表紙2,井月特集号
伊那路,70,2,829,2026/02/10,【絵で観る伊那谷の昆虫】（23）クロコノマチョウ,田中　邦治,表紙3,井月特集号
伊那路,70,1,828,2026/01/10,出火と入寺・御囲人足,春日　賢太郎,1,
伊那路,70,1,828,2026/01/10,飯島町「寺子屋陣屋」の開校　地域の歴史や文化を住民が伝えていくこと,矢野　義幸・森谷　一郎・北林　瑞穂,8,
伊那路,70,1,828,2026/01/10,伊那市出土の唐草文土器（竜西編）「月見松遺跡」など中ア山麓の考古資料から考える,田中　清文,22,
伊那路,70,1,828,2026/01/10,【古文書の窓】(182）薬草御用,小池　悟志,32,
伊那路,70,1,828,2026/01/10,【文化短信】賽の河原の「霊神碑」,吉田　保晴,35,
伊那路,70,1,828,2026/01/10,祖父の葬儀帳から見えること　お金があっても、物が手に入らない時代のこと,矢島　信之,37,
伊那路,70,1,828,2026/01/10,上伊那の植物（15）キササゲ（ノウゼンカズラ科）,伊藤　一幸,39,
伊那路,70,1,828,2026/01/10,【絵で観る伊那谷の昆虫】（22）テントウムシ,田中　邦治,表紙3,
伊那路,69,12,827,2025/12/10,たくさんの温かさに支えられた十王像探訪　伊那市富県（2）（貝沼・南福地・北福地）,宮下　明子,1,
伊那路,69,12,827,2025/12/10,井月と宮田周辺（2）,宮澤　宏治,10,
伊那路,69,12,827,2025/12/10,上伊那の植物（14）キウイフルーツ（マタタビ科）,伊藤　一幸,20,
伊那路,69,12,827,2025/12/10,伊那市出土の唐草文土器（竜東編）　高遠町山室「原遺跡」出土の事例から考察する,田中　清文,21,
伊那路,69,12,827,2025/12/10,【文化短信】荒井神社「奉納こども相撲大会」,中崎　隆生,31,
伊那路,69,12,827,2025/12/10,【古文書の窓】（181）写し絵の興行,小池　悟志,32,
伊那路,69,12,827,2025/12/10,【図説・上伊那の民俗】（98）中川人形浄瑠璃（中川村）,三石　稔,表紙2,
伊那路,69,12,827,2025/12/10,【絵で観る伊那谷の昆虫】（21）ナナフシ,田中　邦治,表紙3,
伊那路,69,11,826,2025/11/10,伊那谷のホシガラス　民俗の窓を通して（57）,吉田　保晴,1,
伊那路,69,11,826,2025/11/10,井月と宮田周辺（1）,宮澤　宏治,8,
伊那路,69,11,826,2025/11/10,『ダンシング・オン・ザ・ロード』はなぜできた？（2）　伊那まつりの歴史と課題,牧田　豊,20,
伊那路,69,11,826,2025/11/10,近代化産業遺産　旧天竜共同防除施設について,桃澤　匡行,38,
伊那路,69,11,826,2025/11/10,上伊那の植物（13）ハナイカダ（ミズキ科）,伊藤　一幸,39,
伊那路,69,11,826,2025/11/10,【図説・上伊那の民俗】（97）天狗と獅子（辰野町北大出）,三石　稔,表紙2,
伊那路,69,11,826,2025/11/10,【絵で観る伊那谷の昆虫】（20）ナガサキアゲハ,田中　邦治,表紙3,
伊那路,69,10,825,2025/10/10,【史料紹介】一輜重輸卒の日露戦争従軍日記　第一師団第拾九補助輸卒隊の石田麻吉,伊藤　修,1,
伊那路,69,10,825,2025/10/10,『ダンシング・オン・ザ・ロード』はなぜできた？（1）　伊那まつりの歴史と課題,牧田　豊,19,
伊那路,69,10,825,2025/10/10,伊那谷のコアジサシ・ミサゴ・キクイタダキ　民俗の窓を通して（56）,吉田　保晴,30,
伊那路,69,10,825,2025/10/10,昔は畦畔の草が大切であった,伊藤　一幸,36,
伊那路,69,10,825,2025/10/10,上伊那の植物（12）クサボケ（バラ科）とタチツボスミレ（スミレ科）,伊藤　一幸,39,
伊那路,69,10,825,2025/10/10,【図説・上伊那の民俗】（96）九頭竜講（伊那市高遠町多町）,三石　稔,表紙2,
伊那路,69,10,825,2025/10/10,【絵で観る伊那谷の昆虫】（19）カナブン,田中　邦治,表紙3,
伊那路,69,9,824,2025/09/10,満蒙開拓青少年義勇軍とは何だったのか（後編）　上伊那の青少年義勇軍を中心に考える,矢澤　静二,1,終戦特集号
伊那路,69,9,824,2025/09/10,被爆・終戦80年目の戦争証言　平和のための信州・戦争展 in 上伊那の報告,宮下　与兵衛,19,終戦特集号
伊那路,69,9,824,2025/09/10,辰野町澤底の「福寿草祭り」のこと,古村　仁士,25,終戦特集号
伊那路,69,9,824,2025/09/10,伊那谷のツグミ類　民俗の窓を通して（55）,吉田　保晴,34,終戦特集号
伊那路,69,9,824,2025/09/10,上伊那の植物（11）センブリ（リンドウ科）,伊藤　一幸,39,終戦特集号
伊那路,69,9,824,2025/09/10,【図説・上伊那の民俗】（95）盆棚（飯島町田切春日平）,三石　稔,表紙2,終戦特集号
伊那路,69,9,824,2025/09/10,【絵で観る伊那谷の昆虫】（18）サカハチチョウ・キタテハ,田中　邦治,表紙3,終戦特集号
伊那路,69,8,823,2025/08/10,満蒙開拓青少年義勇軍とは何だったのか（前編）　上伊那の青少年義勇軍を中心に考える,矢澤　静二,1,終戦特集号
伊那路,69,8,823,2025/08/10,終戦直後、厚生市場から始まった我が家の足跡,唐木　一夫,24,終戦特集号
伊那路,69,8,823,2025/08/10,「在如」～いますがごとし～,伊藤　のり子,29,終戦特集号
伊那路,69,8,823,2025/08/10,戦後80年を語る　命の涯にありて,高見　さゆり,34,終戦特集号
伊那路,69,8,823,2025/08/10,【図説・上伊那の民俗】（94）遊びの場（伊那市美篶芦沢）,三石　稔,表紙2,終戦特集号
伊那路,69,8,823,2025/08/10,【絵で観る伊那谷の昆虫】（17）アゲハチョウ,田中　邦治,表紙3,終戦特集号
伊那路,69,7,822,2025/07/10,神様加集杢之助の末裔の方々と大泉新田村の交流,原　正章,1,
伊那路,69,7,822,2025/07/10,たくさんの温かさに支えられた十王像探訪　伊那市中殿島・富県（1）（新山）,宮下　明子,6,
伊那路,69,7,822,2025/07/10,長野県宝に指定された「小町谷家住宅」（2）,宮脇　正実,14,
伊那路,69,7,822,2025/07/10,下諏訪町の祝殿　大門・中村氏祝殿の場合,丸山　日出夫,22,
伊那路,69,7,822,2025/07/10,【古文書の窓】（180）人相書,小池　悟志,26,
伊那路,69,7,822,2025/07/10,高遠藩と口留番所,春日　賢太郎,29,
伊那路,69,7,822,2025/07/10,【図説・上伊那の民俗】（93）笠原の獅子舞（伊那市美篶笠原御射山社）,三石　稔,表紙2,
伊那路,69,7,822,2025/07/10,【絵で観る伊那谷の昆虫】（16）クマゼミ,田中　邦治,表紙3,
伊那路,69,6,821,2025/06/10,明治初期に活躍した赤穂村の太陽社について　龍水社設立前に栄えた赤穂の製糸の記憶,伴野　豊,1,養蚕特集号
伊那路,69,6,821,2025/06/10,『龍水社に働く工女の日記　昭和十六年高遠農村の記録』（北村あい子著）を刊行して,高嶋　信一・島田　祐司,14,養蚕特集号
伊那路,69,6,821,2025/06/10,箕輪町中曽根大槻家の養蚕,柴　秀毅,20,養蚕特集号
伊那路,69,6,821,2025/06/10,風穴　カイコの孵化を調整,吉田　保晴,28,養蚕特集号
伊那路,69,6,821,2025/06/10,真綿の魅力と作り方　和へ紡ぎたい伊那谷の伝統文化,油谷　まひろ,30,養蚕特集号
伊那路,69,6,821,2025/06/10,蚕の飼育のための桑の利用,伊藤　一幸,37,養蚕特集号
伊那路,69,6,821,2025/06/10,【古文書の窓】（179）捨て馬は重罪,小池　悟志,38,養蚕特集号
伊那路,69,6,821,2025/06/10,【図説・上伊那の民俗】（92）十沢地蔵尊大祭（箕輪町長岡）,三石　稔,表紙2,養蚕特集号
伊那路,69,6,821,2025/06/10,【絵で観る伊那谷の昆虫】（15）ツマグロヒョウモンなど,田中　邦治,表紙3,養蚕特集号
伊那路,69,5,820,2025/05/10,明治期の養子組,宮原　達明,1,
伊那路,69,5,820,2025/05/10,西天竜小史（3）文献に見る「西天竜」の開発　北部教員会西天龍調査研究委員会編『西天龍』の回顧談を中心に,三石　稔,4,
伊那路,69,5,820,2025/05/10,長野県宝に指定された「小町谷家住宅」（1）,宮脇　正実,14,
伊那路,69,5,820,2025/05/10,上伊那の農地を開墾した朝鮮青年兵をたずねて　記憶編5　敗戦末期、ひで子さんの「いのちありて」,竹内　恵子,24,
伊那路,69,5,820,2025/05/10,中央アルプス地名考（19）オットセイ岩,吉田　保晴,36,
伊那路,69,5,820,2025/05/10,【図説・上伊那の民俗】（91）虫封じ（辰野町沢底鎮大神社）,三石　稔,表紙2,
伊那路,69,5,820,2025/05/10,【絵で観る伊那谷の昆虫】（14）ウスバシロチョウ,田中　邦治,表紙3,
伊那路,69,4,819,2025/04/10,西天竜小史（2）文献に見る「西天竜」の開発　西川治「西天龍灌漑水路開発に起因する景観の変化　動態的研究の一例」から,三石　稔,1,
伊那路,69,4,819,2025/04/10,旧井（井口）用水路と砂溜神社祭典,伊藤　修,10,
伊那路,69,4,819,2025/04/10,井月研究ノート（6）『余波の水くき』改訂本について,一ノ瀬　武志,18,
伊那路,69,4,819,2025/04/10,石造物に残された謎の「盃状穴」,伊藤　和也,28,
伊那路,69,4,819,2025/04/10,中央アルプス地名考（18）極楽平,吉田　保晴,36,
伊那路,69,4,819,2025/04/10,極楽平周辺の高山植物,伊藤　一幸,37,
伊那路,69,4,819,2025/04/10,【文化短信】駒ヶ根市立博物館　氣賀澤進氏追悼企画展　謎の唐草文土器展　土器の用途を考える,田中　清文,38,
伊那路,69,4,819,2025/04/10,ご挨拶,氣賀澤　厚典,39,
伊那路,69,4,819,2025/04/10,第12回井月忌の集い俳句大会＜事前投句受賞作＞,,39,
伊那路,69,4,819,2025/04/10,【図説・上伊那の民俗】（90）お念仏（伊那市手良中坪米垣外）,三石　稔,表紙2,
伊那路,69,4,819,2025/04/10,【絵で観る伊那谷の昆虫】（13）イシガケチョウ,田中　邦治,表紙3,
伊那路,69,3,818,2025/03/10,伊那谷のカッコウの仲間　民俗の窓を通して（54）,吉田　保晴,1,
伊那路,69,3,818,2025/03/10,上伊那の植物（10）オキナグサ（キンポウゲ科）,伊藤　一幸,9,
伊那路,69,3,818,2025/03/10,亀趺小話,下嶋　昌平,10,
伊那路,69,3,818,2025/03/10,中央アルプス地名考（17）サギダル,吉田　保晴,15,
伊那路,69,3,818,2025/03/10,ヘボのってます（3）,伊藤　一幸,22,
伊那路,69,3,818,2025/03/10,上伊那の農地を開墾した朝鮮青年兵をたずねて　記憶編4　戦争末期の伊那谷で,竹内　恵子,28,
伊那路,69,3,818,2025/03/10,【図説・上伊那の民俗】（89）道祖神講（伊那市美篶芦沢）,三石　稔,表紙2,
伊那路,69,3,818,2025/03/10,【絵で観る伊那谷の昆虫】（12）ツマグロヒョウモン,田中　邦治,表紙3,
伊那路,69,2,817,2025/02/10,上伊那の農地を開墾した朝鮮青年兵をたずねて　記憶編3（2）1945年、西箕輪で,竹内　恵子,1,
伊那路,69,2,817,2025/02/10,「郷土飯島を知る連続講座」の開催　地域の歴史や文化を住民が伝えていくこと,矢野　義幸,10,
伊那路,69,2,817,2025/02/10,井月研究ノート（5）北信濃で見つけた井月の風景,一ノ瀬　武志,20,
伊那路,69,2,817,2025/02/10,伊那谷のハトの仲間　民俗の窓を通して（53）,吉田　保晴,24,
伊那路,69,2,817,2025/02/10,ヘボのってます（2）,伊藤　一幸,30,
伊那路,69,2,817,2025/02/10,中央アルプス地名考（16）檜尾岳,吉田　保晴,36,
伊那路,69,2,817,2025/02/10,上伊那の植物（9）東春近の大桑（クワ科）,伊藤　一幸,38,
伊那路,69,2,817,2025/02/10,【文化短信】殿様から拝領した甲冑,小池　悟志,39,
伊那路,69,2,817,2025/02/10,【図説・上伊那の民俗】（88）山の神講（伊那市高遠町藤沢荒町）,三石　稔,表紙2,
伊那路,69,2,817,2025/02/10,【絵で観る伊那谷の昆虫】（11）ルリタテハとホトトギス,田中　邦治,表紙3,
伊那路,69,1,816,2025/01/10,伊那谷のカワセミ　民俗の窓を通して（52）,吉田　保晴,1,
伊那路,69,1,816,2025/01/10,上伊那の植物（8）センボンヤリ（キク科）,伊藤　一幸,5,
伊那路,69,1,816,2025/01/10,上伊那の農地を開墾した朝鮮青年兵をたずねて　記憶編3（1）1945年、西箕輪で,竹内　恵子,6,
伊那路,69,1,816,2025/01/10,地域の歴史とその教訓を次の世代に　登戸研究所調査研究会5年間の活動から（その4）駒ヶ根市登戸研究所平和資料館の開設,松久　芳樹,12,
伊那路,69,1,816,2025/01/10,井月研究ノート（4）井月の「暇乞」,一ノ瀬　武志,21,
伊那路,69,1,816,2025/01/10,ヘボのってます（1）,伊藤　一幸,28,
伊那路,69,1,816,2025/01/10,【古文書の窓】（178）黒船来たる,小池　悟志,35,
伊那路,69,1,816,2025/01/10,【文化短信】ある「金毘羅講」の解散（伊那市竜東地区）,中崎　隆生,38,
伊那路,69,1,816,2025/01/10,【絵で観る伊那谷の昆虫】（10）カメムシの仲間,田中　邦治,表紙3,
伊那路,68,12,815,2024/12/10,伊那谷におけるアレチウリとクズの競争,伊藤　一幸,1,
伊那路,68,12,815,2024/12/10,中央アルプス地名考（15）濃ケ池,吉田　保晴,8,
伊那路,68,12,815,2024/12/10,上伊那の農地を開墾した朝鮮青年兵をたずねて　記憶編2（2）戦争末期、西箕輪に来た農耕隊朝鮮兵,竹内　恵子,14,
伊那路,68,12,815,2024/12/10,中国の旅（2024年4～5月）で感じたこと,山口　通之,23,
伊那路,68,12,815,2024/12/10,【古文書の窓】（177）女手形,小池　悟志,30,
伊那路,68,12,815,2024/12/10,伊那谷のケリ・ドバト　民俗の窓を通して（51）,吉田　保晴,32,
伊那路,68,12,815,2024/12/10,【図説・上伊那の民俗】（87）荒井神社織子舞（伊那市荒井区）,三石　稔,表紙2,
伊那路,68,12,815,2024/12/10,【絵で観る伊那谷の昆虫】（9）アオバセセリとスミナガシ,田中　邦治,表紙3,
伊那路,68,11,814,2024/11/10,殿様御入部と村々,春日　賢太郎,1,
伊那路,68,11,814,2024/11/10,旧制伊那中学校応援歌覚書（2）作者不詳の応援歌再考,岩崎　靖,8,
伊那路,68,11,814,2024/11/10,巨岩・巨石から削り出された社標・石柱　上伊那南部の石工たち,伊藤　修・吉田　保晴,16,
伊那路,68,11,814,2024/11/10,『羽廣山縁起』に記された慈覚大師の伝記の典拠について,伊藤　和也,22,
伊那路,68,11,814,2024/11/10,伊那谷のホオジロ類　民俗の窓を通して（50）,吉田　保晴,32,
伊那路,68,11,814,2024/11/10,【文化短信】おいべす講とおやき,福澤　浩之,39,
伊那路,68,11,814,2024/11/10,【図説・上伊那の民俗】（86）御坂山神社獅子舞（駒ヶ根市中沢本曽倉）,三石　稔,表紙2,
伊那路,68,11,814,2024/11/10,【絵で観る伊那谷の昆虫】（8）オオムラサキとゴマダラチョウ,田中　邦治,表紙3,
伊那路,68,10,813,2024/10/10,上伊那の農地を開墾した朝鮮青年兵をたずねて　記憶編2（1）戦争末期、西箕輪に来た農耕隊朝鮮兵,竹内　恵子,1,
伊那路,68,10,813,2024/10/10,大陸に渡った花嫁の満州生活と引き揚げの苦闘　馬場そのさんの体験記から,馬場　その・矢澤　静二,10,
伊那路,68,10,813,2024/10/10,上伊那の植物（7）ハイマツ,伊藤　一幸,25,
伊那路,68,10,813,2024/10/10,旧制伊那中学校応援歌覚書（1）作者不詳の応援歌再考,岩崎　靖,26,
伊那路,68,10,813,2024/10/10,【古文書の窓】（176）高遠を襲った大地震,小池　悟志,36,
伊那路,68,10,813,2024/10/10,【図説・上伊那の民俗】（85）お宮参り（南箕輪村南原）,三石　稔,表紙2,
伊那路,68,10,813,2024/10/10,【絵で観る伊那谷の昆虫】（7）バッタの仲間,田中　邦治,表紙3,
伊那路,68,9,812,2024/09/10,地域の歴史とその教訓を次の世代に　登戸研究所調査研究会5年間の活動から（その3）,松久　芳樹,1,終戦特集号
伊那路,68,9,812,2024/09/10,特攻隊員から復員船・満蒙開拓団引き揚げ船航海士となって　高坂保さんの体験から考える（その2）,矢澤　静二,10,終戦特集号
伊那路,68,9,812,2024/09/10,上伊那の農地を開墾した朝鮮青年兵をたずねて　記憶編1　戦争末期の伊那谷で,竹内　恵子,20,終戦特集号
伊那路,68,9,812,2024/09/10,犬神碑考（5）犬の供養・まとめ,伊藤　修,30,終戦特集号
伊那路,68,9,812,2024/09/10,中央アルプス地名考（14）千畳敷に宿泊施設建設,吉田　保晴,36,終戦特集号
伊那路,68,9,812,2024/09/10,【図説・上伊那の民俗】（84）芝宮神社祇園囃子（飯島町七久保）,三石　稔,表紙2,終戦特集号
伊那路,68,9,812,2024/09/10,【絵で観る伊那谷の昆虫】（6）渡りチョウ「アサギマダラ」,田中　邦治,表紙3,終戦特集号
伊那路,68,8,811,2024/08/10,特攻出撃命令3回受けながら命永らえた特攻隊員　高坂保さんの体験から考える（その1）,矢澤　静二,1,終戦特集号
伊那路,68,8,811,2024/08/10,日本と中国の長い戦争の中で　満州・大連で育った幼児期の思い出,城取　茂美,18,終戦特集号
伊那路,68,8,811,2024/08/10,十五年戦争と歩んできた道　敗戦を意識したのはいつごろからか,有賀　史夫,23,終戦特集号
伊那路,68,8,811,2024/08/10,【図説・上伊那の民俗】（83）茅の輪くぐり（駒ケ根市五十鈴神社）,三石　稔,表紙2,終戦特集号
伊那路,68,8,811,2024/08/10,【絵で観る伊那谷の昆虫】（5）樹液と昆虫,田中　邦治,表紙3,終戦特集号
伊那路,68,7,810,2024/07/10,上伊那の農地を開墾した朝鮮青年兵をたずねて　記憶と記録の連載を始めるにあたり,竹内　恵子,1,
伊那路,68,7,810,2024/07/10,犬神碑考（4）伊那谷南部のお大様と狼・山犬伝説,伊藤　修,8,
伊那路,68,7,810,2024/07/10,地域の歴史とその教訓を次の世代に　登戸研究所調査研究会5年間の活動から（その2）,松久　芳樹,19,
伊那路,68,7,810,2024/07/10,十王像を求めて北へ北へ　天竜川西を探す,宮下　明子,28,
伊那路,68,7,810,2024/07/10,【文化短信】「大島橋」のこと,矢島　信之,38,
伊那路,68,7,810,2024/07/10,【図説・上伊那の民俗】（82）十王信仰（駒ケ根市中沢本曽倉）,三石　稔,表紙2,
伊那路,68,7,810,2024/07/10,【絵で観る伊那谷の昆虫】（4）ミヤマシジミ,田中　邦治,表紙3,
伊那路,68,6,809,2024/06/10,ワサビ田の自然,吉田　保晴,1,自然特集号
伊那路,68,6,809,2024/06/10,上伊那の植物（6）ワサビ,伊藤　一幸,8,自然特集号
伊那路,68,6,809,2024/06/10,南箕輪村ワサビ田の歴史と現状,佐々木　育夫,10,自然特集号
伊那路,68,6,809,2024/06/10,中央アルプスの氷河と「菅の台の七名石」　七名石は氷河による迷子石か,下平　眞樹,21,自然特集号
伊那路,68,6,809,2024/06/10,中央アルプスの登山道整備,矢満田　務,30,自然特集号
伊那路,68,6,809,2024/06/10,犬神碑考（3）お犬様（三峰信仰）と犬神碑,伊藤　修,36,自然特集号
伊那路,68,6,809,2024/06/10,【図説・上伊那の民俗】（81）田植え（飯島町七久保）,三石　稔,表紙2,自然特集号
伊那路,68,6,809,2024/06/10,【絵で観る伊那谷の昆虫】（3）ハッチョウトンボ,田中　邦治,表紙3,自然特集号
伊那路,68,5,808,2024/05/10,中村弥六シンポジウム講演録　開会趣旨,高網　博文,1,中村弥六特集号
伊那路,68,5,808,2024/05/10,中村弥六シンポジウム講演録　基調報告　高遠町から見るアジア　アジア主義者としての中村弥六,趙　軍,2,中村弥六特集号
伊那路,68,5,808,2024/05/10,中村弥六シンポジウム講演録　メディア（新聞）の中の布引丸事件・中村スキャンダル事件,金山　泰志,8,中村弥六特集号
伊那路,68,5,808,2024/05/10,中村弥六シンポジウム講演録　中村弥六マイナスイメージの形成　犬養毅との関係を中心に,木村　実季,17,中村弥六特集号
伊那路,68,5,808,2024/05/10,中村弥六シンポジウム講演録　アジア・太平洋戦争終戦前後にみる中村弥六に対する評価の変化,佐野　実,22,中村弥六特集号
伊那路,68,5,808,2024/05/10,中村弥六シンポジウム講演録　晩年の中村弥六と中国　梅屋庄吉・王大楨関係資料を中心に,円谷　裕美子,26,中村弥六特集号
伊那路,68,5,808,2024/05/10,中村弥六シンポジウム講演録　中村弥六と王大楨,片倉　芳和,31,中村弥六特集号
伊那路,68,5,808,2024/05/10,中村弥六シンポジウム講演録　高遠町による中村弥六関係史料の保存と継承,福澤　浩之,33,中村弥六特集号
伊那路,68,5,808,2024/05/10,【図説・上伊那の民俗】（80）上宮外県神社獅子舞（中川村大草北組）,三石　稔,表紙2,中村弥六特集号
伊那路,68,5,808,2024/05/10,【絵で観る伊那谷の昆虫】（2）アカボシゴマダラ,田中　邦治,表紙3,中村弥六特集号
伊那路,68,4,807,2024/04/10,井月研究ノート（3）『むつひくさ』と井月,一ノ瀬　武志,1,
伊那路,68,4,807,2024/04/10,上伊那の植物（5）カタクリ（ユリ科）,伊藤　一幸,10,
伊那路,68,4,807,2024/04/10,犬神碑考（2）伊那谷の犬神関係碑,伊藤　修,11,
伊那路,68,4,807,2024/04/10,伊那谷のトキ　民俗の窓を通して（49）,吉田　保晴,21,
伊那路,68,4,807,2024/04/10,地域の歴史とその教訓を次の世代に　登戸研究所調査研究会5年間の活動から（その1）,松久　芳樹,24,
伊那路,68,4,807,2024/04/10,わらべ歌は話し言葉が音楽化したものとみていいんじゃない！？　話し言葉とわらべ歌との接点を探って,竹渕　修二,32,
伊那路,68,4,807,2024/04/10,【図説・上伊那の民俗】（79）お高祖頭巾をかぶった双体道祖神（飯島町本郷五中央組）,三石　稔,表紙2,
伊那路,68,4,807,2024/04/10,【絵で観る伊那谷の昆虫】（1）ツマキチョウ,田中　邦治,表紙3,
伊那路,68,3,806,2024/03/10,生誕200年記念　千両千両井月さんまつり　講演録「芭蕉と井月」（2）,小澤　實,1,
伊那路,68,3,806,2024/03/10,犬神碑考（1）飯島町域の犬神関係碑,伊藤　修,10,
伊那路,68,3,806,2024/03/10,井月研究ノート（2）井月の俳句に新たな疑問,一ノ瀬　武志,18,
伊那路,68,3,806,2024/03/10,ますみケ丘の成立と発展,清水　満,22,
伊那路,68,3,806,2024/03/10,＜史料紹介＞上伊那郡平出村の「産物書上扣」（享保20年）,三浦　孝美,28,
伊那路,68,3,806,2024/03/10,【古文書の窓】（175）五人組の組替えを願う,小池　悟志,36,
伊那路,68,3,806,2024/03/10,【文化短信】江戸期の「さんよりこより」を再現,春日　利比古,39,
伊那路,68,3,806,2024/03/10,【図説・上伊那の民俗】（78）那木沢の獅子舞（伊那市高遠町山室那木沢）,三石　稔,表紙2,
伊那路,68,3,806,2024/03/10,【徒然さんぽ】（56）天竜川,吉田　勝美,表紙3,
伊那路,68,2,805,2024/02/10,生誕200年記念　千両千両井月さんまつり　講演録「芭蕉と井月」（1）,小澤　實,1,井月特集号
伊那路,68,2,805,2024/02/10,井月研究ノート（1）『きせ綿』と井月,一ノ瀬　武志,14,井月特集号
伊那路,68,2,805,2024/02/10,井月生誕200年の追憶　花と嵐の生涯,翁　悦治,22,井月特集号
伊那路,68,2,805,2024/02/10,上伊那の植物（4）極楽平の希産種,伊藤　一幸,38,井月特集号
伊那路,68,2,805,2024/02/10,【図説・上伊那の民俗】（77）羽広菜（伊那市西箕輪羽広）,三石　稔,表紙2,井月特集号
伊那路,68,2,805,2024/02/10,【徒然さんぽ】（55）どんど焼き,吉田　勝美,表紙3,井月特集号
伊那路,68,1,804,2024/01/10,猟師の話　アルプスにクマ、シカ、イノシシを追って,中崎　隆生,1,民俗特集号
伊那路,68,1,804,2024/01/10,「浦」ってどんな所,小松　武幸,12,民俗特集号
伊那路,68,1,804,2024/01/10,十王像のつぶやき　飯島町,宮下　明子,18,民俗特集号
伊那路,68,1,804,2024/01/10,伊那谷のミソサザイ　民俗の窓を通して（48）,吉田　保晴,26,民俗特集号
伊那路,68,1,804,2024/01/10,地域の歴史を物語る古文書・古記録の散逸について,福澤　浩之,32,民俗特集号
伊那路,68,1,804,2024/01/10,【徒然さんぽ】（54）梅戸神社,吉田　勝美,表紙3,民俗特集号
伊那路,67,12,803,2023/12/10,高遠藩　幕末・維新期の藩政　「諸士録」（仮称）から,春日　賢太郎,1,
伊那路,67,12,803,2023/12/10,伊那谷の美しい景観と農業の機能　農業と環境保全の両立,宮下　清貴,18,
伊那路,67,12,803,2023/12/10,伊那谷のヒタキ類　民俗の窓を通して（47）,吉田　保晴,25,
伊那路,67,12,803,2023/12/10,【古文書の窓】（174）名前の近代化,小池　悟志,32,
伊那路,67,12,803,2023/12/10,【図説・上伊那の民俗】（76）元宮神社獅子舞（宮田村北割）,三石　稔,表紙2,
伊那路,67,12,803,2023/12/10,【徒然さんぽ】（53）御射山三社御旅所,吉田　勝美,表紙3,
伊那路,67,11,802,2023/11/10,「高遠領産物帳」を読む,小池　悟志,1,
伊那路,67,11,802,2023/11/10,ワサビ田復活のススメ　荒廃ワサビ田の活用で伝統文化の継承を,佐々木　育夫,14,
伊那路,67,11,802,2023/11/10,那須与一と那須三郎についての一考察（その二）,片桐　充昭,26,
伊那路,67,11,802,2023/11/10,五龍大神祭典記,伊藤　修,30,
伊那路,67,11,802,2023/11/10,「浦」の今昔,小松　武幸,35,
伊那路,67,11,802,2023/11/10,【文化短信】移動した道標,吉田　保晴,38,
伊那路,67,11,802,2023/11/10,【図説・上伊那の民俗】（75）梅戸神社獅子舞（飯島町飯島）,三石　稔,表紙2,
伊那路,67,11,802,2023/11/10,【徒然さんぽ】（52）信州大学ユリノキ並木,吉田　勝美,表紙3,
伊那路,67,10,801,2023/10/10,那須与一と那須三郎についての一考察（その一）,片桐　充昭,1,
伊那路,67,10,801,2023/10/10,『鎌倉殿の13人』のころの春近（2）,宮脇　正実,8,
伊那路,67,10,801,2023/10/10,伊那谷のカケス　民俗の窓を通して（46）,吉田　保晴,18,
伊那路,67,10,801,2023/10/10,学校登山のともしびを消さないで,伊藤　一幸,26,
伊那路,67,10,801,2023/10/10,「与地山寺遺跡」の名称について,伊藤　和也,33,
伊那路,67,10,801,2023/10/10,山下雪山筆「内田文右衛門肖像」,福澤　浩之,39,
伊那路,67,10,801,2023/10/10,【図説・上伊那の民俗】（74）二十二夜様（伊那市高遠町島畑）,三石　稔,表紙2,
伊那路,67,10,801,2023/10/10,【徒然さんぽ】（51）創造館（旧上伊那図書館）,吉田　勝美,表紙3,
伊那路,67,9,800,2023/09/10,『伊那路』800号に想う,清水　満,1,800号記念特集号
伊那路,67,9,800,2023/09/10,800号に寄せて,山口　通之,4,800号記念特集号
伊那路,67,9,800,2023/09/10,25年後の卒業論文,伊藤　和也,5,800号記念特集号
伊那路,67,9,800,2023/09/10,ISSNを取得している『伊那路』,前沢　明夫,6,800号記念特集号
伊那路,67,9,800,2023/09/10,これからの『伊那路』に思う,伊藤　修,7,800号記念特集号
伊那路,67,9,800,2023/09/10,『伊那路』800号に寄せて,吉田　保晴,8,800号記念特集号
伊那路,67,9,800,2023/09/10,『伊那路』との関わり,氣賀澤　厚典,9,800号記念特集号
伊那路,67,9,800,2023/09/10,『伊那路』と私,中崎　隆生,10,800号記念特集号
伊那路,67,9,800,2023/09/10,編集委員の仕事,春日　利比古,11,800号記念特集号
伊那路,67,9,800,2023/09/10,『伊那路』と私,北原　創平,12,800号記念特集号
伊那路,67,9,800,2023/09/10,『伊那路』に寄せて,小池　悟志,13,800号記念特集号
伊那路,67,9,800,2023/09/10,『伊那路』編集委員歴35年,田中　清文,14,800号記念特集号
伊那路,67,9,800,2023/09/10,『伊那路』編集委員として,塚田　博之,15,800号記念特集号
伊那路,67,9,800,2023/09/10,『伊那路』と私,内藤　りつ子,16,800号記念特集号
伊那路,67,9,800,2023/09/10,『伊那路』編集委員として,福澤　浩之,16,800号記念特集号
伊那路,67,9,800,2023/09/10,『伊那路』と私,三浦　孝美,17,800号記念特集号
伊那路,67,9,800,2023/09/10,『伊那路』と私,矢澤　静二,19,800号記念特集号
伊那路,67,9,800,2023/09/10,『伊那路』編集委員会の裏方を担当して,矢島　信之,20,800号記念特集号
伊那路,67,9,800,2023/09/10,『伊那路』を振り返る　創刊号および節目の特集号より,,22,800号記念特集号
伊那路,67,9,800,2023/09/10,年表『伊那路』800号までのあゆみ,上伊那郷土研究会,37,800号記念特集号
伊那路,67,9,800,2023/09/10,【図説・上伊那の民俗】（73）おさんやり（箕輪町南小河内）,三石　稔,表紙2,800号記念特集号
伊那路,67,9,800,2023/09/10,【徒然さんぽ】（50）仙丈ケ岳の見える田園,吉田　勝美,表紙3,800号記念特集号
伊那路,67,8,799,2023/08/10,満蒙開拓とは何だったのか　田畑徳治郎さんの体験から考える,矢澤　静二,1,終戦特集号
伊那路,67,8,799,2023/08/10,満洲建設勤労奉仕隊の動き,福澤　浩之,26,終戦特集号
伊那路,67,8,799,2023/08/10,辰野町北大出にも来た農耕勤務隊,酒井　裕美子,30,終戦特集号
伊那路,67,8,799,2023/08/10,絵本『の～このおはなし』戦争と大地震の記憶,木部　則子,33,終戦特集号
伊那路,67,8,799,2023/08/10,飯田千代の分村に協力した祖父伊藤文雄,伊藤　一幸,43,終戦特集号
伊那路,67,8,799,2023/08/10,中央アルプス地名考（13）乗越浄土,吉田　保晴,47,終戦特集号
伊那路,67,8,799,2023/08/10,【図説・上伊那の民俗】（72）津島神社祇園祭り（宮田村町1区から町3区）,三石　稔,表紙2,終戦特集号
伊那路,67,8,799,2023/08/10,【徒然さんぽ】（49）ワサビ田復活,吉田　勝美,表紙3,終戦特集号
伊那路,67,7,798,2023/07/10,伊那市高遠町の都市計画事業　無電柱化工事の完成,山崎　大行,1,景観特集号
伊那路,67,7,798,2023/07/10,上牧里山づくり　地域ボランティアによる,唐木　隆夫,7,景観特集号
伊那路,67,7,798,2023/07/10,三風の会　伊那谷の風景を守るプロジェクト,氏原　睦子,10,景観特集号
伊那路,67,7,798,2023/07/10,伊那谷の美しいシークエンスの分野を超えた保全　三風デザインの実践と課題,上原　三知,15,景観特集号
伊那路,67,7,798,2023/07/10,風景プロジェクトへの取り組み,畑　美樹,21,景観特集号
伊那路,67,7,798,2023/07/10,風景（景観）の見方と伊那西地区における景観形成に向けて,渡部　洋一,24,景観特集号
伊那路,67,7,798,2023/07/10,上伊那地域の景観形成の取り組みの現状と若干の考察,山口　通之,28,景観特集号
伊那路,67,7,798,2023/07/10,【図説・上伊那の民俗】（71）縁切石（飯島町本郷四）,三石　稔,表紙2,景観特集号
伊那路,67,7,798,2023/07/10,【徒然さんぽ】（48）横川の蛇石,吉田　勝美,表紙3,景観特集号
伊那路,67,6,797,2023/06/10,NPO法人子ども・若者サポート「はみんぐ」20年のあゆみ　上伊那子どもサポートセンターからNPO法人はみんぐへ,桜井　裕記,1,
伊那路,67,6,797,2023/06/10,晩年の井月,宮原　達明,12,
伊那路,67,6,797,2023/06/10,第10回井月忌の集い　井月忌俳句大会報告,吉田　保晴,19,
伊那路,67,6,797,2023/06/10,石匠貞治の石仏地域別現在地,飯島　隆人,21,
伊那路,67,6,797,2023/06/10,宮田村の島崎藤村揮毫の西行歌碑と恩師・小田切良彦先生（3）,前沢　明夫,32,
伊那路,67,6,797,2023/06/10,伊那谷のトラツグミ　民俗の窓を通して（45）,吉田　保晴,35,
伊那路,67,6,797,2023/06/10,【古文書の窓】（173）客死した父の墓所の件で一札,下平　すみ子,38,
伊那路,67,6,797,2023/06/10,【図説・上伊那の民俗】（70）馬見塚蚕玉様の祭り（駒ケ根市福岡）,三石　稔,表紙2,
伊那路,67,6,797,2023/06/10,【徒然さんぽ】（47）山寺やきもち踊り,吉田　勝美,表紙3,
伊那路,67,5,796,2023/05/10,中央アルプスにおけるライチョウ復活事業,小林　篤,1,中央アルプス特集号
伊那路,67,5,796,2023/05/10,高山帯におけるニホンザル　ライチョウ保護の観点を踏まえて,杉本　淳,11,中央アルプス特集号
伊那路,67,5,796,2023/05/10,中央アルプスにおける山岳信仰とライチョウについて,小池　勝典,20,中央アルプス特集号
伊那路,67,5,796,2023/05/10,中央アルプスの成立,下平　眞樹,28,中央アルプス特集号
伊那路,67,5,796,2023/05/10,氷河湖「濃ケ池」保護・保全・復元への取り組み,後藤　寛,34,中央アルプス特集号
伊那路,67,5,796,2023/05/10,【図説・上伊那の民俗】（69）西天竜頭首工水神祭（箕輪町木下）,三石　稔,表紙2,中央アルプス特集号
伊那路,67,5,796,2023/05/10,【徒然さんぽ】（46）赤そばの里,吉田　勝美,表紙3,中央アルプス特集号
伊那路,67,4,795,2023/04/10,本郷に遺された人形芝居のかしら,三石　稔,1,民俗芸能特集号
伊那路,67,4,795,2023/04/10,中川人形浄瑠璃の復興　人形芝居「切竹紋次人形」再興事業から10年,下平　達朗,11,民俗芸能特集号
伊那路,67,4,795,2023/04/10,「古田人形芝居」の復興と後継者の育成　「古田人形芝居保存会」が文化財保護功労者として表彰される,矢澤　静二,16,民俗芸能特集号
伊那路,67,4,795,2023/04/10,美女ケ森のお祭り,氣賀澤　厚典,22,民俗芸能特集号
伊那路,67,4,795,2023/04/10,中尾歌舞伎　これまでのいきさつ,松田　元伸,30,民俗芸能特集号
伊那路,67,4,795,2023/04/10,美篶青島のあきや様（秋葉様）と代参,中崎　隆生,33,民俗芸能特集号
伊那路,67,4,795,2023/04/10,【図説・上伊那の民俗】（68）御夜燈当番（伊那市高遠町勝間共信）,三石　稔,表紙2,民俗芸能特集号
伊那路,67,4,795,2023/04/10,【徒然さんぽ】（45）りんご農園,吉田　勝美,表紙3,民俗芸能特集号
伊那路,67,3,794,2023/03/10,十二堂から十王堂へ　秘められた歴史を探る,瀧澤　秀人,1,民俗特集号
伊那路,67,3,794,2023/03/10,辰野町小野の火の見櫓,福島　永,10,民俗特集号
伊那路,67,3,794,2023/03/10,手良におけるミシャグジ様,宮原　達明,24,民俗特集号
伊那路,67,3,794,2023/03/10,築100年を迎えた駒ケ根市郷土館,宮脇　正実,29,民俗特集号
伊那路,67,3,794,2023/03/10,【文化短信】失われた祠,吉田　保晴,39,民俗特集号
伊那路,67,3,794,2023/03/10,【図説・上伊那の民俗】（67）高遠だるま市（伊那市高遠町鉾持神社）,三石　稔,表紙2,民俗特集号
伊那路,67,3,794,2023/03/10,【徒然さんぽ】（44）峰山寺,吉田　勝美,表紙3,民俗特集号
伊那路,67,2,793,2023/02/10,生誕200年記念の井月さんまつり　伊藤伊那男氏講演「井上井月と小林一茶」,宮澤　宏治,1,井月特集号
伊那路,67,2,793,2023/02/10,金子兜太の語った井月と、山頭火、一茶,北村　皆雄,16,井月特集号
伊那路,67,2,793,2023/02/10,井月は宮田に何をしに来たのか　令和4年6月25日　宮田本陣歴史まつりの講演原稿より,一ノ瀬　武志,20,井月特集号
伊那路,67,2,793,2023/02/10,【古文書の窓】（172）八幡宮祭礼での許容願,小口　恵子,36,井月特集号
伊那路,67,2,793,2023/02/10,【図説・上伊那の民俗】（66）南宮神社お筒粥神事（箕輪町木下）,三石　稔,表紙2,井月特集号
伊那路,67,2,793,2023/02/10,【徒然さんぽ】（43）ザザムシ捕り,吉田　勝美,表紙3,井月特集号
伊那路,67,1,792,2023/01/10,伊那市高遠町「日本で最も美しい村」連合加盟後の動向二題　新たな趣向のフォトコンテストと再認定審査の結果,山口　通之,1,
伊那路,67,1,792,2023/01/10,宮田村の島崎藤村揮毫の西行歌碑と恩師・小田切良彦先生（2）,前沢　明夫,6,
伊那路,67,1,792,2023/01/10,『鎌倉殿の13人』のころの春近（1）,宮脇　正実,14,
伊那路,67,1,792,2023/01/10,西天竜小史（1）改良区設立百年,三石　稔,23,
伊那路,67,1,792,2023/01/10,【古文書の窓】（171）の怪談,小池　悟志,32,
伊那路,67,1,792,2023/01/10,伊那谷のアカショウビン　民俗の窓を通して（44）,吉田　保晴,35,
伊那路,67,1,792,2023/01/10,【徒然さんぽ】（42）光前寺三重塔,吉田　勝美,表紙3,
伊那路,66,12,791,2022/12/10,［上伊那歴史研究会実地踏査報告］下伊那地域と上伊那とのつながりを探る　満蒙開拓平和記念館へ　実地踏査の実施に当たって,田村　栄作,1,
伊那路,66,12,791,2022/12/10,［上伊那歴史研究会実地踏査報告］下伊那地域と上伊那とのつながりを探る　満蒙開拓平和記念館へ　満蒙開拓平和記念館を訪ねて,北原　克己,5,
伊那路,66,12,791,2022/12/10,［上伊那歴史研究会実地踏査報告］下伊那地域と上伊那とのつながりを探る　満蒙開拓平和記念館へ　一緒に満蒙開拓平和記念館を運営してくれませんか？,塚田　博之,7,
伊那路,66,12,791,2022/12/10,［上伊那歴史研究会実地踏査報告］下伊那地域と上伊那とのつながりを探る　満蒙開拓平和記念館へ　戦時ポスターを後世に伝えていく意味「阿智村戦時中ポスター展」から,福澤　浩之,10,
伊那路,66,12,791,2022/12/10,上伊那の植物（3）フユノハナワラビ（シダ植物・ハナヤスリ科）,伊藤　一幸,12,
伊那路,66,12,791,2022/12/10,中央アルプス地名考（12）しらび平,吉田　保晴,23,
伊那路,66,12,791,2022/12/10,宮田村の島崎藤村揮毫の西行歌碑と恩師・小田切良彦先生（1）,前沢　明夫,24,
伊那路,66,12,791,2022/12/10,上伊那の道しるべ（1）道標を兼ねた馬頭観音像,田中　清文,31,
伊那路,66,12,791,2022/12/10,【古文書の窓】（170）心優しい代官からの書状（3）,三浦　孝美,32,
伊那路,66,12,791,2022/12/10,【図説・上伊那の民俗】（65）鞍掛小路庚申講（辰野町北大出鞍掛）,三石　稔,表紙2,
伊那路,66,12,791,2022/12/10,【徒然さんぽ】（41）善福寺,吉田　勝美,表紙3,
伊那路,66,11,790,2022/11/10,延命地蔵菩薩寄託の経緯,新井　将史,1,寄託された石仏特集号
伊那路,66,11,790,2022/11/10,貞治仏の移送を担って,下島　順一,3,寄託された石仏特集号
伊那路,66,11,790,2022/11/10,延命地蔵菩薩の寄託から展示まで,有賀　克明,5,寄託された石仏特集号
伊那路,66,11,790,2022/11/10,2022春　貞治仏と新井さんご夫妻,笠原　千俊,24,寄託された石仏特集号
伊那路,66,11,790,2022/11/10,高遠町歴史博物館に寄託の延命地蔵　彫像に見る二つの特異形態を検討する,田中　清文,26,寄託された石仏特集号
伊那路,66,11,790,2022/11/10,貞治仏移設の記録,大澤　佳寿子,32,寄託された石仏特集号
伊那路,66,11,790,2022/11/10,貞治仏搬入後の取り組み,福澤　浩之,36,寄託された石仏特集号
伊那路,66,11,790,2022/11/10,【図説・上伊那の民俗】（64）諏訪形諏訪神社御柱祭（伊那市西春近諏訪形）,三石　稔,表紙2,寄託された石仏特集号
伊那路,66,11,790,2022/11/10,【徒然さんぽ】（40）光久寺,吉田　勝美,表紙3,寄託された石仏特集号
伊那路,66,10,789,2022/10/10,春に誘われ十王像へ　駒ケ根市東伊那・下平,宮下　明子,1,
伊那路,66,10,789,2022/10/10,手良は松茸の一大産地だった,宮原　達明,8,
伊那路,66,10,789,2022/10/10,上伊那の植物（2）オモダカ（オモダカ科）,伊藤　一幸,12,
伊那路,66,10,789,2022/10/10,富県の青いアサガオ　小学校から拡がった地域の光景,酒井　由里,14,
伊那路,66,10,789,2022/10/10,戸台分校物語（5）へき地教育の到達点,岩崎　靖,25,
伊那路,66,10,789,2022/10/10,【古文書の窓】（169）心優しい代官からの書状（2）,三浦　孝美,32,
伊那路,66,10,789,2022/10/10,伊那谷の山の鳥　民俗の窓を通して（43）,吉田　保晴,35,
伊那路,66,10,789,2022/10/10,【図説・上伊那の民俗】（63）蚕玉神社（伊那市西箕輪大萱）,三石　稔,表紙2,
伊那路,66,10,789,2022/10/10,【徒然さんぽ】（39）もみじ湖（箕輪ダム）,吉田　勝美,表紙3,
伊那路,66,9,788,2022/09/10,満蒙開拓青少年義勇軍とはなんだったのか（下）鉄驪義勇隊小池中隊　橋爪五郎氏の体験から考える,矢澤　静二,1,
伊那路,66,9,788,2022/09/10,戸台分校物語（4）へき地教育の到達点,岩崎　靖,6,
伊那路,66,9,788,2022/09/10,高遠町の埋蔵金探索顛末記　「中有黄金充一国」の銘文の謎に挑む,伊藤　和也,16,
伊那路,66,9,788,2022/09/10,伊那谷のセキレイ類　民俗の窓を通して（42）,吉田　保晴,24,
伊那路,66,9,788,2022/09/10,中川村西原におけるブドウ栽培の成立と経過,松村　正明,30,
伊那路,66,9,788,2022/09/10,【文化短信】百寿の母の趣味,白鳥　敏明,37,
伊那路,66,9,788,2022/09/10,【古文書の窓】（168）疫神に退散を命じる,小池　悟志,38,
伊那路,66,9,788,2022/09/10,【図説・上伊那の民俗】（62）盆正月（南箕輪村田畑）,三石　稔,表紙2,
伊那路,66,9,788,2022/09/10,【徒然さんぽ】（38）深沢川横断水路橋,吉田　勝美,表紙3,
伊那路,66,8,787,2022/08/10,満蒙開拓青少年義勇軍とはなんだったのか（上）鉄驪義勇隊小池中隊　橋爪五郎氏の体験から考える,矢澤　静二,1,終戦特集号
伊那路,66,8,787,2022/08/10,戦時下、少年期の思い出2話　陸軍伊那飛行場・朝鮮の家族の受け入れ,橋爪　剛健,17,終戦特集号
伊那路,66,8,787,2022/08/10,上伊那へ来た農耕勤務隊（5）戦争末期の朝鮮半島出身の「日本兵」,原　英章・唐木　達雄,23,終戦特集号
伊那路,66,8,787,2022/08/10,戸台分校物語（3）へき地教育の到達点,岩崎　靖,33,終戦特集号
伊那路,66,8,787,2022/08/10,【図説・上伊那の民俗】（61）水桝と水番（伊那市内の萱横山井）,三石　稔,表紙2,終戦特集号
伊那路,66,8,787,2022/08/10,【徒然さんぽ】（37）千畳敷カール,吉田　勝美,表紙3,終戦特集号
伊那路,66,7,786,2022/07/10,一文書による街道机上考,下嶋　昌平,1,
伊那路,66,7,786,2022/07/10,戸台分校物語（2）へき地教育の到達点,岩崎　靖,11,
伊那路,66,7,786,2022/07/10,上伊那へ来た農耕勤務隊（4）戦争末期の朝鮮半島出身の「日本兵」,原　英章・唐木　達雄,21,
伊那路,66,7,786,2022/07/10,安政国役御普請（8）御目論見・御見分中および御丁張・御仕立て中の諸入用,春日　賢太郎,30,
伊那路,66,7,786,2022/07/10,【古文書の窓】（167）心優しい代官からの書状（1）,三浦　孝美,34,
伊那路,66,7,786,2022/07/10,三義山室の七面講,中崎　隆生,37,
伊那路,66,7,786,2022/07/10,【図説・上伊那の民俗】（60）四十九日の納骨（飯島町本郷）,三石　稔,表紙2,
伊那路,66,7,786,2022/07/10,【徒然さんぽ】（36）三峰川の霞堤,吉田　勝美,表紙3,
伊那路,66,6,785,2022/06/10,森林は誰のものか？,西村　智幸,1,森林整備特集号
伊那路,66,6,785,2022/06/10,上伊那の植物（1）レンゲツツジ（ツツジ科）,伊藤　一幸,5,森林整備特集号
伊那路,66,6,785,2022/06/10,伊那谷で森林整備をする,上杉　勝英,6,森林整備特集号
伊那路,66,6,785,2022/06/10,「十二天の森を守る会」の活動,坂本　裕彦,12,森林整備特集号
伊那路,66,6,785,2022/06/10,理想の森を目指す,米山　富和,16,
伊那路,66,6,785,2022/06/10,伊那西の平地林　市民の森,稲邊　謙次郎,21,森林整備特集号
伊那路,66,6,785,2022/06/10,河川内の樹木伐採について,大瀬木　恵一,24,森林整備特集号
伊那路,66,6,785,2022/06/10,中央アルプス地名考（11）太田切川,吉田　保晴,28,森林整備特集号
伊那路,66,6,785,2022/06/10,ため池の多面的機能をめぐる動向　農業用水機能から災害対応・観光資源・演奏の場にも,山口　通之,32,森林整備特集号
伊那路,66,6,785,2022/06/10,【図説・上伊那の民俗】（59）宮木諏訪神社御柱祭・迎接の儀（辰野町伊那富宮木）,三石　稔,表紙2,森林整備特集号
伊那路,66,6,785,2022/06/10,【徒然さんぽ】（35）西岸寺,吉田　勝美,表紙3,森林整備特集号
伊那路,66,5,784,2022/05/10,高遠藩と御柱大祭の騎馬行列,春日　賢太郎,1,
伊那路,66,5,784,2022/05/10,古文書の楽しみ　天保の「竹島事件」,松澤　英太郎,13,
伊那路,66,5,784,2022/05/10,片桐且元の出自　且元の正妻の出自と片桐氏の系譜,片桐　充昭,18,
伊那路,66,5,784,2022/05/10,上伊那へ来た農耕勤務隊（3）戦争末期の朝鮮半島出身の「日本兵」,原　英章・唐木　達雄,28,
伊那路,66,5,784,2022/05/10,第9回井月忌の集い　井月忌俳句大会,春日　利比古,38,
伊那路,66,5,784,2022/05/10,【図説・上伊那の民俗】（58）鯉のぼり（飯島町石曽根）,三石　稔,表紙2,
伊那路,66,5,784,2022/05/10,【徒然さんぽ】（34）守屋貞治作　延命地蔵菩薩,吉田　勝美,表紙3,
伊那路,66,4,783,2022/04/10,戸台分校物語（1）へき地教育の到達点,岩崎　靖,1,
伊那路,66,4,783,2022/04/10,安政国役御普請（7）御目論見・御見分中および御丁張・御仕立て中の諸入用,春日　賢太郎,10,
伊那路,66,4,783,2022/04/10,上伊那へ来た農耕勤務隊（2）戦争末期の朝鮮半島出身の「日本兵」,原　英章・唐木　達雄,24,
伊那路,66,4,783,2022/04/10,中央アルプス地名考（10）空木岳,吉田　保晴,30,
伊那路,66,4,783,2022/04/10,【古文書の窓】（166）飯田城下に御札が降った,小池　悟志,34,
伊那路,66,4,783,2022/04/10,【図説・上伊那の民俗】（57）御射山神社御柱祭山出し（松川町上片桐）,三石　稔,表紙2,
伊那路,66,4,783,2022/04/10,【徒然さんぽ】（33）花桃の里,吉田　勝美,表紙3,
伊那路,66,3,782,2022/03/10,竹入弘元先生「追悼号」刊行に当たって,山口　通之,2,竹入弘元先生追悼号
伊那路,66,3,782,2022/03/10,回想　竹入弘元先生を偲んで,池上　正直,3,竹入弘元先生追悼号
伊那路,66,3,782,2022/03/10,竹入弘元先生を偲ぶ,清水　満,4,竹入弘元先生追悼号
伊那路,66,3,782,2022/03/10,竹入弘元先生の偉大な功績,白鳥　孝,5,竹入弘元先生追悼号
伊那路,66,3,782,2022/03/10,竹入先生とのご縁,宮脇　瑞穂,7,竹入弘元先生追悼号
伊那路,66,3,782,2022/03/10,竹入弘元先生を偲んで,畑田　奎二,8,竹入弘元先生追悼号
伊那路,66,3,782,2022/03/10,竹入弘元先生に感謝します,桜井　裕記,9,竹入弘元先生追悼号
伊那路,66,3,782,2022/03/10,竹入弘元先生の思い出　上伊那「高退教」との関わりを中心に,久保田　誼,10,竹入弘元先生追悼号
伊那路,66,3,782,2022/03/10,竹入先生に井月の旬を捧げます　朝露のままで手向けん蓮の花,北村　皆雄,11,竹入弘元先生追悼号
伊那路,66,3,782,2022/03/10,竹入先生との旅の思い出,矢島　太郎,14,竹入弘元先生追悼号
伊那路,66,3,782,2022/03/10,竹入先生追想,宮澤　宏治,15,竹入弘元先生追悼号
伊那路,66,3,782,2022/03/10,竹入先生の温顔,翁　悦治,16,竹入弘元先生追悼号
伊那路,66,3,782,2022/03/10,竹入弘元先生・井月のこと,井上　秋魚,18,竹入弘元先生追悼号
伊那路,66,3,782,2022/03/10,竹入先生の石仏調査とその指導,田中　清文,19,竹入弘元先生追悼号
伊那路,66,3,782,2022/03/10,二人三脚で放送した「伊那谷の石仏」,伊藤　秀男,20,竹入弘元先生追悼号
伊那路,66,3,782,2022/03/10,伊那谷の石仏とともに　さようなら竹入先生,熊谷　友幸,22,竹入弘元先生追悼号
伊那路,66,3,782,2022/03/10,竹入先生の面影,三石　稔,24,竹入弘元先生追悼号
伊那路,66,3,782,2022/03/10,竹入先生を囲んでの「伯先研究会」の思い出,北原　明,26,竹入弘元先生追悼号
伊那路,66,3,782,2022/03/10,竹入先生と伊那古文書研究会,小澤　敏美,27,竹入弘元先生追悼号
伊那路,66,3,782,2022/03/10,天空高く雲の上から　竹入弘元先生と向山雅重資料保存会,丸山　輝子,28,竹入弘元先生追悼号
伊那路,66,3,782,2022/03/10,六畳間と旧い仲間,根橋　信水,30,竹入弘元先生追悼号
伊那路,66,3,782,2022/03/10,追憶　竹入弘元先生,関　宗藏,31,竹入弘元先生追悼号
伊那路,66,3,782,2022/03/10,菁々寮の先生,原　泰,32,竹入弘元先生追悼号
伊那路,66,3,782,2022/03/10,竹入弘元先生の記憶しておきたい事柄,矢島　信之,33,竹入弘元先生追悼号
伊那路,66,3,782,2022/03/10,音楽会の思い出　合唱曲は「石仏」,五味　郁子,34,竹入弘元先生追悼号
伊那路,66,3,782,2022/03/10,大学教員を終えるに当たって書いたこと,浦野　東洋一,36,竹入弘元先生追悼号
伊那路,66,3,782,2022/03/10,消えた稗之底村,伊藤　一彦,38,竹入弘元先生追悼号
伊那路,66,3,782,2022/03/10,ダイヤモンド婚式,竹入　良子,40,竹入弘元先生追悼号
伊那路,66,3,782,2022/03/10,竹入弘元先生の略歴・業績　略歴・職歴　諸団体の会員・役員等　主な著書　寄稿一覧,,42,竹入弘元先生追悼号
伊那路,66,3,782,2022/03/10,【徒然さんぽ】（32）小野宿問屋,吉田　勝美,表紙3,竹入弘元先生追悼号
伊那路,66,2,781,2022/02/10,高遠藩上伊那郷「諏訪御柱大引廻し記録」上社御柱は高遠領からの人足100人によって曳き建てられた,三浦　孝美,1,
伊那路,66,2,781,2022/02/10,入営・出征兵士への餞別と除隊兵士への御祝儀　上伊那郡宮田村北割耕地の一事例,伊藤　修,14,
伊那路,66,2,781,2022/02/10,青嶋村（現伊那市美篶青島）の江戸期の稲作,橋爪　剛健,22,
伊那路,66,2,781,2022/02/10,第3回伊那VALLEY映画祭に参加して　二つのテーマ「三六災害」「陸軍伊那飛行場」を中心に,伊藤　一幸,31,
伊那路,66,2,781,2022/02/10,【文化短信】『長野県史』編纂・公文書等の保管活用を求める請願を県議会が採択,山口　通之,35,
伊那路,66,2,781,2022/02/10,【古文書の窓】（165）無宿人を差し置いた件で一札,下平　すみ子,37,
伊那路,66,2,781,2022/02/10,【図説・上伊那の民俗】（56）神願様（伊那市羽広仲仙寺）,三石　稔,表紙2,
伊那路,66,2,781,2022/02/10,【徒然さんぽ】（31）飯田線中田切川橋梁,吉田　勝美,表紙3,
伊那路,66,1,780,2022/01/10,上伊那へ来た農耕勤務隊（1）戦争末期の朝鮮半島出身の「日本兵」,原　英章・唐木　達雄,1,
伊那路,66,1,780,2022/01/10,放浪の石工　藤森吉弥の石仏を探し求めて　秩父編（2）,有賀　利武,11,
伊那路,66,1,780,2022/01/10,安政国役御普請（6）御目論見・御見分中および御丁張・御仕立て中の諸入用,春日　賢太郎,21,
伊那路,66,1,780,2022/01/10,中央アルプス地名考（9）宝剣岳,吉田　保晴,32,
伊那路,66,1,780,2022/01/10,【古文書の窓】（164）村で相果てた旅の乞食に関する届け,小口　恵子,36,
伊那路,66,1,780,2022/01/10,【図説・上伊那の民俗】（55）民俗を学ぶ（伊那市）,三石　稔,表紙2,
伊那路,66,1,780,2022/01/10,【徒然さんぽ】（30）諏訪神社,吉田　勝美,表紙3,
伊那路,65,12,779,2021/12/10,長衛小屋をめぐる歴史,白鳥　孝,1,
伊那路,65,12,779,2021/12/10,首無し・首折れ石仏考　廃仏毀釈説への疑問,伊藤　和也,8,
伊那路,65,12,779,2021/12/10,伊那市通り町一丁目　正藤酒店物語（2）最後の銅板張り看板建築,小平　和夫,19,
伊那路,65,12,779,2021/12/10,「数え歌」について,山本　勝,26,
伊那路,65,12,779,2021/12/10,【文化短信】小野のシダレグリ自生地の保存管理,福島　永,29,
伊那路,65,12,779,2021/12/10,【古文書の窓】（163）夢見の記録（2）,小池　悟志,32,
伊那路,65,12,779,2021/12/10,【図説・上伊那の民俗】（54）猫神（飯島町飯島豊岡）,三石　稔,表紙2,
伊那路,65,12,779,2021/12/10,【徒然さんぽ】（29）晩秋の東駒ヶ岳,吉田　勝美,表紙3,
伊那路,65,11,778,2021/11/10,蒲団と木綿,中崎　隆生,1,
伊那路,65,11,778,2021/11/10,伊那市通り町一丁目　正藤酒店物語（1）最後の銅板張り看板建築,小平　和夫,10,
伊那路,65,11,778,2021/11/10,陸軍登戸研究所本部の疎開先が宮田村の真慶寺であった,伊藤　一幸,20,
伊那路,65,11,778,2021/11/10,放浪の石工　藤森吉弥の石仏を探し求めて　秩父編（1）,有賀　利武,27,
伊那路,65,11,778,2021/11/10,【文化短信】千畳敷でご来光を見る,吉田　保晴,37,
伊那路,65,11,778,2021/11/10,追悼文　北村さんを偲んで,吉田　保晴,38,
伊那路,65,11,778,2021/11/10,【図説・上伊那の民俗】（53）ゴミと鳥居（伊那市西箕輪）,三石　稔,表紙2,
伊那路,65,11,778,2021/11/10,【徒然さんぽ】（28）龍勝寺,吉田　勝美,表紙3,
伊那路,65,10,777,2021/10/10,やまびこ国体回想,小林　哲,1,
伊那路,65,10,777,2021/10/10,天竜川右岸地域の水利と人々の暮らし,三石　稔,7,
伊那路,65,10,777,2021/10/10,伊那路の山と笠原「牧」の地名考（下）,なかむら　信行,16,
伊那路,65,10,777,2021/10/10,片桐氏嫡流系図についての考察（5）,片桐　充昭,27,
伊那路,65,10,777,2021/10/10,其残の画集『名旧真写』を復刻して,翁　悦治,38,
伊那路,65,10,777,2021/10/10,【図説・上伊那の民俗】（52）五十鈴神社獅子練り（駒ヶ根市上穂）,三石　稔,表紙2,
伊那路,65,10,777,2021/10/10,【徒然さんぽ】（27）イチョウ並木,吉田　勝美,表紙3,
伊那路,65,9,776,2021/09/10,放浪の石工　藤森吉弥の石仏を探し求めて　上州編,有賀　利武,1,
伊那路,65,9,776,2021/09/10,他所稼ぎ　江戸稼ぎ（その二）江戸っ子になった伊那人たち,三浦　孝美,10,
伊那路,65,9,776,2021/09/10,戦時中に開校し、閉校となった長野県伊那商業学校（下）,矢澤　静二,18,
伊那路,65,9,776,2021/09/10,安政国役御普請（5）御目論見・御見分中および御丁張・御仕立て中の諸入用,春日　賢太郎,27,
伊那路,65,9,776,2021/09/10,思い出の一枚　日方磐神社の大松の伐採,小林　幸平,36,
伊那路,65,9,776,2021/09/10,【古文書の窓】（162）三くだり半,松澤　英太郎,37,
伊那路,65,9,776,2021/09/10,【図説・上伊那の民俗】（51）自然石道祖神（伊那市美篶上原）,三石　稔,表紙2,
伊那路,65,9,776,2021/09/10,【徒然さんぽ】（26）本郷神社,吉田　勝美,表紙3,
伊那路,65,8,775,2021/08/10,戦時中に開校し、閉校となった長野県伊那商業学校（上）,矢澤　静二,1,終戦特集号
伊那路,65,8,775,2021/08/10,土蔵の中の宝物　満蒙開拓と私,伊藤　一幸,14,終戦特集号
伊那路,65,8,775,2021/08/10,伊那高女（現伊那弥生ヶ丘高校）の開校～第二次大戦時の教師群像（2）,山口　通之,22,終戦特集号
伊那路,65,8,775,2021/08/10,【文化短信】『東京箕輪会会報誌』が上伊那郷土研究会・箕輪町歴史同好会を紹介,山口　通之,30,終戦特集号
伊那路,65,8,775,2021/08/10,重要文化財「坂戸橋」　小・中学生向きの紹介,松村　正明,31,終戦特集号
伊那路,65,8,775,2021/08/10,『伊那路』への拙論、大学院の研究に,竹渕　修二,34,終戦特集号
伊那路,65,8,775,2021/08/10,【古文書の窓】（161）村次願いの口書の写し,小口　恵子,36,終戦特集号
伊那路,65,8,775,2021/08/10,【図説・上伊那の民俗】（50）新盆のしるし（伊那市荒井）,三石　稔,表紙2,終戦特集号
伊那路,65,8,775,2021/08/10,【徒然さんぽ】（25）真慶寺,吉田　勝美,表紙3,終戦特集号
伊那路,65,7,774,2021/07/10,駒ヶ根市中沢の十王像巡り,宮下　明子,1,石造物特集号
伊那路,65,7,774,2021/07/10,貞治の祖父　守屋貞七の石仏　砂岩に彫像した元文年間の作,田中　清文,14,石造物特集号
伊那路,65,7,774,2021/07/10,守屋貞治『石佛菩薩細工』,飯島　隆人,21,石造物特集号
伊那路,65,7,774,2021/07/10,拾われた赤いピアノと自然との共演,平澤　真希・山口　通之,31,石造物特集号
伊那路,65,7,774,2021/07/10,【図説・上伊那の民俗】（49）道祖神（辰野町上辰野堀上荒井）,三石　稔,表紙2,石造物特集号
伊那路,65,7,774,2021/07/10,【徒然さんぽ】（24）高遠しんわの丘ローズガーデン,吉田　勝美,表紙3,石造物特集号
伊那路,65,6,773,2021/06/10,小鮒が泳ぐ水田で「こぶな共生米」を作る,小林　幸平,1,自然との共生農業特集号
伊那路,65,6,773,2021/06/10,子どもたちへの伝言　新規就農33年目の話,小川　文昭,4,自然との共生農業特集号
伊那路,65,6,773,2021/06/10,畑の虫・庭の虫　小さな畑と庭で出会う害虫たち,小川　清美,12,自然との共生農業特集号
伊那路,65,6,773,2021/06/10,変わりゆく農村の自然,米山　富和,18,自然との共生農業特集号
伊那路,65,6,773,2021/06/10,実践！！半農半X（2）,上杉　勝英,24,自然との共生農業特集号
伊那路,65,6,773,2021/06/10,文部科学大臣賞受賞を祝して,村松　直美,30,自然との共生農業特集号
伊那路,65,6,773,2021/06/10,【文化短信】区誌『笠原の生活と歴史』の刊行を終えて,畑　房男,32,自然との共生農業特集号
伊那路,65,6,773,2021/06/10,伊那谷のカワウ　民俗の窓を通して（41）,吉田　保晴,34,自然との共生農業特集号
伊那路,65,6,773,2021/06/10,【図説・上伊那の民俗】（48）境地蔵（中川村桑原）,三石　稔,表紙2,自然との共生農業特集号
伊那路,65,6,773,2021/06/10,【徒然さんぽ】（23）弘妙寺,吉田　勝美,表紙3,自然との共生農業特集号
伊那路,65,5,772,2021/05/10,他所稼ぎ　江戸稼ぎ（その一）高遠藩村人たちの出稼ぎ事情,三浦　孝美,1,
伊那路,65,5,772,2021/05/10,実践！！半農半X（1）,上杉　勝英,10,
伊那路,65,5,772,2021/05/10,伊那路の山と笠原「牧」の地名考（中）,なかむら　信行,16,
伊那路,65,5,772,2021/05/10,安政国役御普請（4）御目論見・御見分中および御丁張・御仕立て中の諸入用,春日　賢太郎,26,
伊那路,65,5,772,2021/05/10,第8回井月忌の集い　井月忌俳句大会報告,北村　皆雄,35,
伊那路,65,5,772,2021/05/10,【文化短信】「柳田賞」受賞の目撃者,春日　利比古,36,
伊那路,65,5,772,2021/05/10,【古文書の窓】（160）夢見の記録,小池　悟志,38,
伊那路,65,5,772,2021/05/10,【図説・上伊那の民俗】（47）馬頭観音の供養（飯島町七久保荒田）,三石　稔,表紙2,
伊那路,65,5,772,2021/05/10,【徒然さんぽ】（22）金鳳寺,吉田　勝美,表紙3,
伊那路,65,4,771,2021/04/10,伊那高女（現伊那弥生ヶ丘高校）の開校～第二次大戦時の教師群像（1）,山口　通之,1,
伊那路,65,4,771,2021/04/10,伊那市が取り組む古い地名調査（21）,竹松　亨,10,
伊那路,65,4,771,2021/04/10,片桐氏嫡流系図についての考察（4）,片桐　充昭,17,
伊那路,65,4,771,2021/04/10,退職後に一人で田舎暮らしができる条件,伊藤　一幸,26,
伊那路,65,4,771,2021/04/10,中央アルプス地名考（8）前岳・中岳,吉田　保晴,31,
伊那路,65,4,771,2021/04/10,【古文書の窓】（159）牢舎の牢番,三浦　孝美,35,
伊那路,65,4,771,2021/04/10,「上伊那郷土研究交流の集い」特集を拝読して,池上　正直,38,
伊那路,65,4,771,2021/04/10,【図説・上伊那の民俗】（46）彼岸のハナヅクリ（伊那市東春近下殿島古寺）,三石　稔,表紙2,
伊那路,65,4,771,2021/04/10,【徒然さんぽ】（21）坂戸橋,吉田　勝美,表紙3,
伊那路,65,3,770,2021/03/10,「坂戸橋」国の重要文化財指定への道のり,安富　郁勇,1,
伊那路,65,3,770,2021/03/10,みんなに愛される坂戸橋に,氣賀澤　厚典,4,
伊那路,65,3,770,2021/03/10,伊那市の小沢川に架かる橋ものがたり,矢島　信之,5,
伊那路,65,3,770,2021/03/10,「お庚申仲間」の今　羽広地区、庚申組アンケートより,原　泰,9,
伊那路,65,3,770,2021/03/10,安政国役御普請（3）御目論見・御見分中および御丁張・御仕立て中の諸入用,春日　賢太郎,19,
伊那路,65,3,770,2021/03/10,根岸派歌人　桃澤茂春の望郷のうた,桃澤　匡行,29,
伊那路,65,3,770,2021/03/10,伊那谷のツグミの仲間　民俗の窓を通して（40）,吉田　保晴,33,
伊那路,65,3,770,2021/03/10,【古文書の窓】（158）鳴物等御停止中の不祥事のお詫び,下平　すみ子,36,
伊那路,65,3,770,2021/03/10,【文化短信】『上伊那教育会研究紀要　第42集（令和2年度）』刊行,山口　通之,39,
伊那路,65,3,770,2021/03/10,【図説・上伊那の民俗】（45）尼落し（飯島町七久保新田）,三石　稔,表紙2,
伊那路,65,3,770,2021/03/10,【徒然さんぽ】（20）蔵澤寺,吉田　勝美,表紙3,
伊那路,65,2,769,2021/02/10,令和2年度上伊那郷土研究交流の集い報告,福澤　浩之,1,上伊那郷土研究交流の集い特集号
伊那路,65,2,769,2021/02/10,「上伊那郷土研究交流の集い」の歩み,山口　通之,4,上伊那郷土研究交流の集い特集号
伊那路,65,2,769,2021/02/10,「交流の集い in みのわ」に参加して,大槻　敏子,9,上伊那郷土研究交流の集い特集号
伊那路,65,2,769,2021/02/10,「上伊那郷土研究交流の集い」に参加して,鳥山　千代子,10,上伊那郷土研究交流の集い特集号
伊那路,65,2,769,2021/02/10,伊那路の山と笠原「牧」の地名考（上）,なかむら　信行,11,上伊那郷土研究交流の集い特集号
伊那路,65,2,769,2021/02/10,伊那市が取り組む古い地名調査（20）,竹松　亨,21,上伊那郷土研究交流の集い特集号
伊那路,65,2,769,2021/02/10,上伊那にある、奥三河石工が彫った石仏・石塔について（四）その他の墓塔・奥三河にある上伊那石工の石仏,伊折　俊夫,28,上伊那郷土研究交流の集い特集号
伊那路,65,2,769,2021/02/10,【古文書の窓】（157）天保の凶作、年貢の検見取りを願う,小口　恵子,36,上伊那郷土研究交流の集い特集号
伊那路,65,2,769,2021/02/10,【図説・上伊那の民俗】（44）古寺のハナヅクリ（伊那市東春近下殿島古寺）,三石　稔,表紙2,上伊那郷土研究交流の集い特集号
伊那路,65,2,769,2021/02/10,【徒然さんぽ】（19）明音寺,吉田　勝美,表紙3,上伊那郷土研究交流の集い特集号
伊那路,65,1,768,2021/01/10,新型コロナウイルス感染拡大防止に伴う高遠中学校の対応,山﨑　茂則,1,
伊那路,65,1,768,2021/01/10,伊那市にも存在した「十三塚」完全遺構,伊藤　和也,16,
伊那路,65,1,768,2021/01/10,伊那市が取り組む古い地名調査（19）,竹松　亨,24,
伊那路,65,1,768,2021/01/10,正しく、強く、努力して　円山田作翁の人生訓,桃澤　匡行,31,
伊那路,65,1,768,2021/01/10,【古文書の窓】（156）麻疹と食べ物,小池　悟志,34,
伊那路,65,1,768,2021/01/10,伊那谷のレンジャク類　民俗の窓を通して（39）,吉田　保晴,37,
伊那路,65,1,768,2021/01/10,【図説・上伊那の民俗】（43）三峯様の祭り（辰野町下辰野）,三石　稔,表紙2,
伊那路,65,1,768,2021/01/10,【徒然さんぽ】（18）松島神社,吉田　勝美,表紙3,
伊那路,64,12,767,2020/12/10,俳人岩波其残の生涯を知る,翁　悦治,1,
伊那路,64,12,767,2020/12/10,上伊那にある、奥三河石工が彫った石仏・石塔について（三）如来・祠・板碑型の石塔,伊折　俊夫,15,
伊那路,64,12,767,2020/12/10,【文化短信】『江戸時代　羽廣村の古文書20選』,重盛　欣三,24,
伊那路,64,12,767,2020/12/10,片桐氏嫡流系図についての考察（3）,片桐　充昭,26,
伊那路,64,12,767,2020/12/10,【図説・上伊那の民俗】（42）畔草刈り（飯島町飯島）,三石　稔,表紙2,
伊那路,64,12,767,2020/12/10,【徒然さんぽ】（17）大宮五十鈴神社,吉田　勝美,表紙3,
伊那路,64,11,766,2020/11/10,保科正之の切支丹政策,瀧澤　秀人,1,
伊那路,64,11,766,2020/11/10,三峰川通りにおける安政国役御普請（2）,春日　賢太郎,17,
伊那路,64,11,766,2020/11/10,手良郷土館と明治時代の冠婚葬祭・年中行事（2）,宮原　達明,34,
伊那路,64,11,766,2020/11/10,【図説・上伊那の民俗】（41）魔除け（箕輪町南小河内）,三石　稔,表紙2,
伊那路,64,11,766,2020/11/10,【徒然さんぽ】（16）旧駒ヶ根市役所庁舎,吉田　勝美,表紙3,
伊那路,64,10,765,2020/10/10,松島氏に関する明音寺所蔵資料,上野　徳俊,1,箕輪町松島特集号
伊那路,64,10,765,2020/10/10,松島王墓古墳と原東山道,北條　芳隆,8,箕輪町松島特集号
伊那路,64,10,765,2020/10/10,「懐中扣」が伝える村人の幕末、明治,三浦　孝美,18,箕輪町松島特集号
伊那路,64,10,765,2020/10/10,第29回信州伊那井月俳句大会入選句,,33,箕輪町松島特集号
伊那路,64,10,765,2020/10/10,【古文書の窓】（155）高遠藩と清内路関所（3）,小池　悟志,34,箕輪町松島特集号
伊那路,64,10,765,2020/10/10,随想　孫引き三題,桃澤　匡行,37,箕輪町松島特集号
伊那路,64,10,765,2020/10/10,【図説・上伊那の民俗】（40）栗林神社獅子舞（駒ヶ根市東伊那）,三石　稔,表紙2,箕輪町松島特集号
伊那路,64,10,765,2020/10/10,【徒然さんぽ】（15）恩徳寺,吉田　勝美,表紙3,箕輪町松島特集号
伊那路,64,9,764,2020/09/10,戦時下の「組合記録」中川村下平耕地南組合の相互扶助活動,伊藤　修,1,終戦特集・民俗特集号
伊那路,64,9,764,2020/09/10,引き揚げ者の救護・案内所について　上伊那連合青年団の辰野駅前の活動をとおして,竹渕　修二,11,終戦特集・民俗特集号
伊那路,64,9,764,2020/09/10,秋葉三尺坊　深澤鎮火社　例大祭　箕輪町松島の秋祭り,中崎　隆生,18,終戦特集・民俗特集号
伊那路,64,9,764,2020/09/10,手良郷土館と明治時代の冠婚葬祭・年中行事（1）,宮原　達明,28,終戦特集・民俗特集号
伊那路,64,9,764,2020/09/10,第7号「藤村の『水車塚』碑建立の経緯を探る」への論評,,35,終戦特集・民俗特集号　著者名記載なし
伊那路,64,9,764,2020/09/10,【古文書の窓】（154）郷蔵へ米備え置き証文,清水　満,36,終戦特集・民俗特集号
伊那路,64,9,764,2020/09/10,【図説・上伊那の民俗】（39）さんよりこより（伊那市美篶川手）,三石　稔,表紙2,終戦特集・民俗特集号
伊那路,64,9,764,2020/09/10,【徒然さんぽ】（14）澄心寺,吉田　勝美,表紙3,終戦特集・民俗特集号
伊那路,64,8,763,2020/08/10,「伊号第366潜水艦」と人間魚雷「回天」特攻隊　大久保力男さんの体験から,矢澤　静二,1,終戦特集号
伊那路,64,8,763,2020/08/10,伊那飛行場で赤とんぼの整備兵として　特攻兵も送り出した私が見たもの・体験したこと,城倉　肇,11,終戦特集号
伊那路,64,8,763,2020/08/10,悲しき満洲建設勤労奉仕隊,福澤　浩之,20,終戦特集号
伊那路,64,8,763,2020/08/10,登戸研究所調査研究会　2年間の現地調査で浮かび上がってきた課題　歴史の教訓を次の世代に　資料を地域の財産に　登戸研究所調査研究会の取り組み報告（3）,松久　芳樹,22,終戦特集号
伊那路,64,8,763,2020/08/10,戸台の化石（2）戸台のアンモナイトは多属種（その2）,北村　健治,35,終戦特集号
伊那路,64,8,763,2020/08/10,【図説・上伊那の民俗】（38）ヨイソレ（箕輪町南小河内）,三石　稔,表紙2,終戦特集号
伊那路,64,8,763,2020/08/10,【徒然さんぽ】（13）蓮華寺,吉田　勝美,表紙3,終戦特集号
伊那路,64,7,762,2020/07/10,三峰川通りにおける安政国役御普請（1）,春日　賢太郎,1,
伊那路,64,7,762,2020/07/10,藤村の「水車塚」碑　建立の経緯を探る　碑は藤村の蜂谷家への感謝であり蜂谷義一の頒徳碑でもある,前沢　明夫,15,
伊那路,64,7,762,2020/07/10,【古文書の窓】（153）高遠藩の御林　切り株に極印,三浦　孝美,34,
伊那路,64,7,762,2020/07/10,笠原平五頼直は美篶笠原の住人ではなかった？,桜井　裕記,37,
伊那路,64,7,762,2020/07/10,【図説・上伊那の民俗】（37）墓掃除（飯島町）,三石　稔,表紙2,
伊那路,64,7,762,2020/07/10,【徒然さんぽ】（12）津島神社,吉田　勝美,表紙3,
伊那路,64,6,761,2020/06/10,伊那谷のキツツキ類　民俗の窓を通して（38）,吉田　保晴,1,自然特集号
伊那路,64,6,761,2020/06/10,上伊那の豊かな自然をいつまでも　ミヤマシジミと共に,岡村　裕,8,自然特集号
伊那路,64,6,761,2020/06/10,戸台の化石（2）戸台のアンモナイトは多属種（その1）,北村　健治,14,自然特集号
伊那路,64,6,761,2020/06/10,上伊那にある、奥三河石工が彫った石仏・石塔について（二）菩薩の石仏,伊折　俊夫,27,自然特集号
伊那路,64,6,761,2020/06/10,島木赤彦・芦部猪之吉と飯島,桃澤　匡行,36,自然特集号
伊那路,64,6,761,2020/06/10,【図説・上伊那の民俗】（36）ワサビ田（南箕輪村塩ノ井）,三石　稔,表紙2,自然特集号
伊那路,64,6,761,2020/06/10,【徒然さんぽ】（11）深妙寺,吉田　勝美,表紙3,自然特集号
伊那路,64,5,760,2020/05/10,上伊那における人口減少の様相と対応　箕輪町の人口について,上伊那教育会郷土研究部　地理班,1,
伊那路,64,5,760,2020/05/10,伊那市の人口問題　少子化・高齢化・人口減少,丸山　敞一郎,15,
伊那路,64,5,760,2020/05/10,十王像のこれから,宮下　明子,22,
伊那路,64,5,760,2020/05/10,中央アルプス地名考（7）島田娘,吉田　保晴,29,
伊那路,64,5,760,2020/05/10,思い出の人・思い出の事（31）人形師　岡本芳一氏,桃澤　匡行,32,
伊那路,64,5,760,2020/05/10,【文化短信】第7回井月忌俳句大会報告,春日　利比古,36,
伊那路,64,5,760,2020/05/10,【古文書の窓】（152）満水で流失した渡船の造立願い,下平　すみ子,38,
伊那路,64,5,760,2020/05/10,【図説・上伊那の民俗】（35）代掻き（伊那市富県）,三石　稔,表紙2,
伊那路,64,5,760,2020/05/10,【徒然さんぽ】（10）遠照寺,吉田　勝美,表紙3,
伊那路,64,4,759,2020/04/10,上伊那の入定塚・行人塚・山伏塚,伊藤　和也,1,
伊那路,64,4,759,2020/04/10,上伊那にある、奥三河石工が彫った石仏・石塔について（一）奥三河型庚申塔,伊折　俊夫,14,
伊那路,64,4,759,2020/04/10,片桐氏嫡流系図についての考察（2）,片桐　充昭,22,
伊那路,64,4,759,2020/04/10,伊那電「唐木停留所廃止」後日譚,北原　昌弘,32,
伊那路,64,4,759,2020/04/10,【文化短信】『地形図でたどる長野県の100年』の紹介,小林　辰興,34,
伊那路,64,4,759,2020/04/10,【古文書の窓】（151）村の子どもと山のおきて,三浦　孝美,36,
伊那路,64,4,759,2020/04/10,【文化短信】飯沢勘六「懐中扣」を特集した『辰野町資料』第120号発行,森下　春,39,
伊那路,64,4,759,2020/04/10,【図説・上伊那の民俗】（34）事始めのお念仏（伊那市高遠町引持）,三石　稔,表紙2,
伊那路,64,4,759,2020/04/10,【徒然さんぽ】（9）光前寺,吉田　勝美,表紙3,
伊那路,64,3,758,2020/03/10,「進徳館の日」記念講演　内藤家の「若殿」と最後の枢密顧問官　最高裁判所創設に関わった二人の高遠人,那須　弘平,1,高遠町特集号
伊那路,64,3,758,2020/03/10,新高遠小学校校歌をめぐって　作詞者　北原作英を中心として,春日　博人,16,高遠町特集号
伊那路,64,3,758,2020/03/10,伊那市が取り組む古い地名調査（18）,竹松　亨,23,高遠町特集号
伊那路,64,3,758,2020/03/10,第2回「高遠石工」石造物フォトコンテスト,山口　通之,31,高遠町特集号
伊那路,64,3,758,2020/03/10,中央アルプス地名考（6）千畳敷,吉田　保晴,35,高遠町特集号
伊那路,64,3,758,2020/03/10,【文化短信】伊那市立美篶小学校開校118周年　児童の感想　資料館企画展,矢島　信之,38,高遠町特集号
伊那路,64,3,758,2020/03/10,【図説・上伊那の民俗】（33）かにかや（松川町上片桐上町）,三石　稔,表紙2,高遠町特集号
伊那路,64,3,758,2020/03/10,【徒然さんぽ】（8）熱田神社,吉田　勝美,表紙3,高遠町特集号
伊那路,64,2,757,2020/02/10,第7回井月さんまつり　高木俊輔氏講演「幕末維新の文学と真実」,宮澤　宏治,1,井月特集号
伊那路,64,2,757,2020/02/10,高津才次郎作の『浜松市行進歌』について　「井月」と出会う前に経験した作詞をめぐるある不本意な結果,小粥　章司,11,井月特集号
伊那路,64,2,757,2020/02/10,伊那谷の校歌検索（3）旧制伊那中学校（伊那北高等学校）と富県小学校,春日　利比古,22,井月特集号
伊那路,64,2,757,2020/02/10,中央アルプス地名考（5）黒川に流れ下る滝,吉田　保晴,25,井月特集号
伊那路,64,2,757,2020/02/10,思い出の人・思い出の事（30）美術史家　原彰一先生,桃澤　匡行,29,井月特集号
伊那路,64,2,757,2020/02/10,【古文書の窓】（150）大満水につきお願い,下平　すみ子,32,井月特集号
伊那路,64,2,757,2020/02/10,忘れ去られそうな東春近「柏坪」の地名,北原　昌弘,35,井月特集号
伊那路,64,2,757,2020/02/10,【文化短信】伊那の百年企業　伊那バス株式会社,中崎　隆生,39,井月特集号
伊那路,64,2,757,2020/02/10,【図説・上伊那の民俗】（32）篶竹細工（伊那市美篶上川手）,三石　稔,表紙2,井月特集号
伊那路,64,2,757,2020/02/10,【徒然さんぽ】（7）鉾持神社　だるま市,吉田　勝美,表紙3,井月特集号
伊那路,64,1,756,2020/01/10,民家に陸軍演習兵士が泊まる　歩兵第五十九聯隊機動演習における飯島村での宿営,伊藤　修,1,
伊那路,64,1,756,2020/01/10,シンポジウム「大本営の移転計画（本土決戦準備）と登戸研究所の疎開」歴史の教訓を次の世代に　資料を地域の財産に　登戸研究所調査研究会の取り組み報告（2）,松久　芳樹,15,
伊那路,64,1,756,2020/01/10,伊那市が取り組む古い地名調査（17）,竹松　亨,27,
伊那路,64,1,756,2020/01/10,中央アルプス地名考（4）ヒゲスリ岩,吉田　保晴,35,
伊那路,64,1,756,2020/01/10,【古文書の窓】（149）高遠藩と清内路関所（2）,小池　悟志,36,
伊那路,64,1,756,2020/01/10,【徒然さんぽ】（6）仲仙寺,吉田　勝美,表紙3,
伊那路,63,12,755,2019/12/10,［第44回上伊那歴史研究会県外実地踏査報告］愛知・岐阜と上伊那とのつながりを探る　戦争と平和を視点に　戦争体験を聞きながら,田村　栄作,1,広域特集号
伊那路,63,12,755,2019/12/10,［第44回上伊那歴史研究会県外実地踏査報告］愛知・岐阜と上伊那とのつながりを探る　戦争と平和を視点に　三菱重工業名古屋航空機製作所跡を訪ねて,塚田　博之,5,広域特集号
伊那路,63,12,755,2019/12/10,［第44回上伊那歴史研究会県外実地踏査報告］愛知・岐阜と上伊那とのつながりを探る　戦争と平和を視点に　『いのちありて』念願の慰霊碑へのお参りを果たして,岸本　多恵子,8,広域特集号
伊那路,63,12,755,2019/12/10,［第44回上伊那歴史研究会県外実地踏査報告］愛知・岐阜と上伊那とのつながりを探る　戦争と平和を視点に　戦争と平和の資料館「ピースあいち」を訪ねて,小島　諭,13,広域特集号
伊那路,63,12,755,2019/12/10,［第44回上伊那歴史研究会県外実地踏査報告］愛知・岐阜と上伊那とのつながりを探る　戦争と平和を視点に　語り継ぐことに込められた願い,竹若　康雄,17,広域特集号
伊那路,63,12,755,2019/12/10,［第44回上伊那歴史研究会県外実地踏査報告］愛知・岐阜と上伊那とのつながりを探る　戦争と平和を視点に　藤前干潟,池上　篤,18,広域特集号
伊那路,63,12,755,2019/12/10,［第44回上伊那歴史研究会県外実地踏査報告］愛知・岐阜と上伊那とのつながりを探る　戦争と平和を視点に　各務原陸軍飛行場等戦時遺跡への実地踏査,久保田　誼,20,広域特集号
伊那路,63,12,755,2019/12/10,［第44回上伊那歴史研究会県外実地踏査報告］愛知・岐阜と上伊那とのつながりを探る　戦争と平和を視点に　液冷発動機の開発と運用に見る日本の戦争遂行能力,湯澤　章平,24,広域特集号
伊那路,63,12,755,2019/12/10,［第44回上伊那歴史研究会県外実地踏査報告］愛知・岐阜と上伊那とのつながりを探る　戦争と平和を視点に　「杉原千畝記念館」を訪ねて,内藤　りつ子,27,広域特集号
伊那路,63,12,755,2019/12/10,［第44回上伊那歴史研究会県外実地踏査報告］愛知・岐阜と上伊那とのつながりを探る　戦争と平和を視点に　あのころのこと,松澤　英太郎,30,広域特集号
伊那路,63,12,755,2019/12/10,［第44回上伊那歴史研究会県外実地踏査報告］愛知・岐阜と上伊那とのつながりを探る　戦争と平和を視点に　『いのちありて』の背景を巡って　雑感,田中　真奈美,32,広域特集号
伊那路,63,12,755,2019/12/10,［第44回上伊那歴史研究会県外実地踏査報告］愛知・岐阜と上伊那とのつながりを探る　戦争と平和を視点に　戦時下の中京地域への空襲,山口　通之,34,広域特集号
伊那路,63,12,755,2019/12/10,【古文書の窓】（148）禁酒の誓,松澤　英太郎,40,広域特集号
伊那路,63,12,755,2019/12/10,【文化短信】「伊那谷の石仏（守屋貞治の石仏傑作選）」を鑑賞して,庄村　栄子,42,広域特集号
伊那路,63,12,755,2019/12/10,【図説・上伊那の民俗】（31）上戸のデーモンジ（伊那市西箕輪上戸）,三石　稔,表紙2,広域特集号
伊那路,63,12,755,2019/12/10,【徒然さんぽ】（5）大御食神社,吉田　勝美,表紙3,広域特集号
伊那路,63,11,754,2019/11/10,3万年前の航海再現プロジェクトから学んだ縄文大工の考え　自然＋人間＋道具＝暮らし,雨宮　国広,1,
伊那路,63,11,754,2019/11/10,石仏探訪記　守屋孫兵衛と傅三郎の石仏,田中　清文,11,
伊那路,63,11,754,2019/11/10,片桐氏嫡流系図についての考察（1）,片桐　充昭,21,
伊那路,63,11,754,2019/11/10,大塔合戦に参加した上伊那の武将とその本拠地,丸山　敞一郎,30,
伊那路,63,11,754,2019/11/10,東春近村の草相撲強豪3力士,北原　昌弘,34,
伊那路,63,11,754,2019/11/10,【古文書の窓】（147）村定メ,松澤　英太郎,38,
伊那路,63,11,754,2019/11/10,【図説・上伊那の民俗】（30）吉瀬諏訪社の獅子舞（駒ケ根市中沢吉瀬）,三石　稔,表紙2,
伊那路,63,11,754,2019/11/10,【徒然さんぽ】（4）聖徳寺,吉田　勝美,表紙3,
伊那路,63,10,753,2019/10/10,上伊那における立川流建築,吉澤　政己,1,西春近特集号
伊那路,63,10,753,2019/10/10,名廻東古墳,唐木　孝雄,11,西春近特集号
伊那路,63,10,753,2019/10/10,伊那市西春近小出城跡の研究　小出城の縄張り調査,井口　章・稲垣　高幸・唐木　孝雄・小平　和夫・原　浩範・宮脇　正実,19,西春近特集号
伊那路,63,10,753,2019/10/10,思い出の人・思い出の事（29）郷土史研究家　松村彌次兵衛先生,桃澤　匡行,28,西春近特集号
伊那路,63,10,753,2019/10/10,伊那谷の草原の鳥　民俗の窓を通して（37）,吉田　保晴,31,西春近特集号
伊那路,63,10,753,2019/10/10,【古文書の窓】（146）高遠藩と清内路関所（1）,小池　悟志,36,西春近特集号
伊那路,63,10,753,2019/10/10,【図説・上伊那の民俗】（29）稲架（伊那市富県南福地）,三石　稔,表紙2,西春近特集号
伊那路,63,10,753,2019/10/10,【徒然さんぽ】（3）七蔵寺,吉田　勝美,表紙3,西春近特集号
伊那路,63,9,752,2019/09/10,「山の神」　伊那市高遠町藤沢・平沢・野底福島トンネル,中崎　隆生,1,
伊那路,63,9,752,2019/09/10,このように近現代史を学んでいる　伊那市と上田小県地域の取り組み事例,山口　通之,11,
伊那路,63,9,752,2019/09/10,『官刻孝義録』と高遠城下豊後屋善兵衛,六波羅　喜洋,19,
伊那路,63,9,752,2019/09/10,伊那市が取り組む古い地名調査（16）,竹松　亨,27,
伊那路,63,9,752,2019/09/10,【古文書の窓】（145）生類憐みの令の話,三浦　孝美,36,
伊那路,63,9,752,2019/09/10,【図説・上伊那の民俗】（28）上戸の振りまんど（伊那市西箕輪上戸）,三石　稔,表紙2,
伊那路,63,9,752,2019/09/10,【徒然さんぽ】（2）無量寺,吉田　勝美,表紙3,
伊那路,63,8,751,2019/08/10,特攻隊に感動と熱狂の上伊那の子どもたち　何が、誰が、そうさせたのか,矢澤　静二,1,終戦特集号
伊那路,63,8,751,2019/08/10,陸軍第15師団歩兵第17旅団　秋季機動演習と沿線住民,伊藤　修,18,終戦特集号
伊那路,63,8,751,2019/08/10,歴史の教訓を次の世代に　資料を地域の財産に　登戸研究所調査研究会の取り組み報告（1）,松久　芳樹,27,終戦特集号
伊那路,63,8,751,2019/08/10,戦争末期から戦後にかけての学校生活の様子　東春近国民学校日誌から,北原　昌弘,35,終戦特集号
伊那路,63,8,751,2019/08/10,【図説・上伊那の民俗】（27）田の草取り（伊那市美篶）,三石　稔,表紙2,終戦特集号
伊那路,63,8,751,2019/08/10,【徒然さんぽ】（1）矢彦神社,吉田　勝美,表紙3,終戦特集号
伊那路,63,7,750,2019/07/10,河南村（現伊那市高遠町）生まれの中原豊太郎「征長従軍奇聞録」所収　和蘭留学生某内密報告を読む,瀧澤　秀人,1,
伊那路,63,7,750,2019/07/10,伊那市が取り組む古い地名調査（15）,竹松　亨,14,
伊那路,63,7,750,2019/07/10,片桐氏家紋の系流,片桐　充昭,24,
伊那路,63,7,750,2019/07/10,『郷土誌　美篶尋常高等小学校』が原点となって,矢島　信之,27,
伊那路,63,7,750,2019/07/10,思い出の人・思い出の事（28）陣嶺館と日本画展,桃澤　匡行,31,
伊那路,63,7,750,2019/07/10,【古文書の窓】（144）五人組組替願いに付き御役所にお願い,下平　すみ子,34,
伊那路,63,7,750,2019/07/10,【文化短信】山本龍洞の六曲一隻屏風,福澤　浩之,37,
伊那路,63,7,750,2019/07/10,【図説・上伊那の民俗】（26）きのえね様の祭り（辰野町小野雨沢第2常会）,三石　稔,表紙2,
伊那路,63,7,750,2019/07/10,【おとぎ絵姿花彩帖】（60）,橋爪　まんぷ,表紙3,
伊那路,63,6,749,2019/06/10,戸台の化石（1）「戸台」を有名にしたトリゴニア,北村　健治,1,自然特集号
伊那路,63,6,749,2019/06/10,伊那谷の夜鳴く鳥　民俗の窓を通して（36）,吉田　保晴,11,自然特集号
伊那路,63,6,749,2019/06/10,砂利採取で証明された元禄期の農民愁訴,春日　利比古,22,自然特集号
伊那路,63,6,749,2019/06/10,戦国時代末期の片桐氏の系譜とその動向,片桐　充昭,24,自然特集号
伊那路,63,6,749,2019/06/10,第6回井月忌の集い　井月忌俳句大会報告,大野田　井蛙,28,自然特集号
伊那路,63,6,749,2019/06/10,第6回千両千両井月さんまつり　後日譚,春日　利比古,30,自然特集号
伊那路,63,6,749,2019/06/10,【文化短信】山の神,中崎　隆生,32,自然特集号
伊那路,63,6,749,2019/06/10,【古文書の窓】（143）高遠藩主参勤交代大名行列につき通し日雇い請負証文,清水　満,34,自然特集号
伊那路,63,6,749,2019/06/10,思い出の人・思い出の事（27）皇太子時代の上皇さまと上皇后さまをお迎えして,桃澤　匡行,37,自然特集号
伊那路,63,6,749,2019/06/10,【図説・上伊那の民俗】（25）上原のお三夜様（伊那市美篶上原勢至堂）,三石　稔,表紙2,自然特集号
伊那路,63,6,749,2019/06/10,【おとぎ絵姿花彩帖】（59）,橋爪　まんぷ,表紙3,自然特集号
伊那路,63,5,748,2019/05/10,松本忍び廻り,小池　悟志,1,
伊那路,63,5,748,2019/05/10,伊那市が取り組む古い地名調査（14）,竹松　亨,12,
伊那路,63,5,748,2019/05/10,伊那谷の校歌検索（2）続　藤澤小学校,春日　利比古,21,
伊那路,63,5,748,2019/05/10,大正時代の悲運の政治家　野溝傳一郎,北原　昌弘,24,
伊那路,63,5,748,2019/05/10,中央アルプス地名考（3）南駒ケ岳,吉田　保晴,32,
伊那路,63,5,748,2019/05/10,【古文書の窓】（142）捨て子の話（下）,三浦　孝美,36,
伊那路,63,5,748,2019/05/10,【文化短信】「わが河童の故郷に陸軍登戸研究所がやってきた」,清水　久志,39,
伊那路,63,5,748,2019/05/10,【図説・上伊那の民俗】（24）古瀬の獅子舞（中川村片桐古瀬）,三石　稔,表紙2,
伊那路,63,5,748,2019/05/10,【おとぎ絵姿花彩帖】（58）,橋爪　まんぷ,表紙3,
伊那路,63,4,747,2019/04/10,旧記に見る片桐城没落についての考察,片桐　充昭,1,
伊那路,63,4,747,2019/04/10,天明の大飢饉の生き地獄を見た石工　餓死萬霊等供養塔　石工　信州　飯島増右衛門,松橋　由雄,8,
伊那路,63,4,747,2019/04/10,奪衣婆　十王像の中の女性一人,宮下　明子,18,
伊那路,63,4,747,2019/04/10,高遠町諸町の中村家旧蔵資料より資料3点紹介　1．雲谷等顔＜人物山水＞、2．阪本天山筆の漢詩屏風、3．英一蝶＜聖像＞（阪本天山賛文）,林　洋一,25,
伊那路,63,4,747,2019/04/10,【古文書の窓】（141）捨て子の話（上）,三浦　孝美,37,
伊那路,63,4,747,2019/04/10,【図説・上伊那の民俗】（23）コートー念仏（駒ケ根市東伊那大久保）,三石　稔,表紙2,
伊那路,63,4,747,2019/04/10,【おとぎ絵姿花彩帖】（57）,橋爪　まんぷ,表紙3,
伊那路,63,3,746,2019/03/10,無形民俗文化財として活かし、継承する,三石　稔,1,民俗特集号
伊那路,63,3,746,2019/03/10,中川村の銭不動　「千匹馬図」と「軍人の絵馬」,中崎　隆生,9,民俗特集号
伊那路,63,3,746,2019/03/10,美味しい上伊那の食,田中　佳乃,17,民俗特集号
伊那路,63,3,746,2019/03/10,伊那谷のシジュウカラの仲間　民俗の窓を通して（35）,吉田　保晴,20,民俗特集号
伊那路,63,3,746,2019/03/10,見つかった伊那市横山「春日社奉額句合」の記録,清水　満,28,民俗特集号
伊那路,63,3,746,2019/03/10,【古文書の窓】（140）乳母の世話の話,三浦　孝美,38,民俗特集号
伊那路,63,3,746,2019/03/10,【図説・上伊那の民俗】（22）お日待ち（飯島町日曽利）,三石　稔,表紙2,民俗特集号
伊那路,63,3,746,2019/03/10,【おとぎ絵姿花彩帖】（56）,橋爪　まんぷ,表紙3,民俗特集号
伊那路,63,2,745,2019/02/10,今泉怐之介氏講演「井月と一茶」を聴いて,宮澤　宏治,1,井月特集号
伊那路,63,2,745,2019/02/10,伊那市の経塚について（3）「キョウヅカ地名」を中心に,伊藤　和也,15,井月特集号
伊那路,63,2,745,2019/02/10,伊那市が取り組む古い地名調査（13）,竹松　亨,22,井月特集号
伊那路,63,2,745,2019/02/10,伊那谷の校歌検索（1）藤澤小学校,春日　利比古,32,井月特集号
伊那路,63,2,745,2019/02/10,思い出の人・思い出の事（26）　伊那史学会主幹　原田島村先生,桃澤　匡行,34,井月特集号
伊那路,63,2,745,2019/02/10,【文化短信】武井覚太郎を顕彰した『辰野町資料』発行,三浦　孝美,36,井月特集号
伊那路,63,2,745,2019/02/10,【古文書の窓】（139）酒造稼ぎ鑑札頂戴願い,清水　満,38,井月特集号
伊那路,63,2,745,2019/02/10,【図説・上伊那の民俗】（21）道祖神の祭り（伊那市高遠町山室宮沢）,三石　稔,表紙2,井月特集号
伊那路,63,2,745,2019/02/10,【おとぎ絵姿花彩帖】（55）,橋爪　まんぷ,表紙3,井月特集号
伊那路,63,1,744,2019/01/10,日露戦争における上伊那地方の出征兵士と農村社会の一様相,伊藤　修,1,
伊那路,63,1,744,2019/01/10,中央アルプス地名考（2）中央アルプスから流れ下る滝,吉田　保晴,12,
伊那路,63,1,744,2019/01/10,「第19回上伊那郷土研究交流の集い」報告,吉田　保晴,22,
伊那路,63,1,744,2019/01/10,交流の集いに参加して,佐藤　花子,23,
伊那路,63,1,744,2019/01/10,宮田宿を歩き、昔を思う　昭和初期の宮田宿,岸本　多惠子,24,
伊那路,63,1,744,2019/01/10,宮田村の代田家寄贈品概要,小池　勝典,31,
伊那路,63,1,744,2019/01/10,【古文書の窓】（138）火元人の入寺御免を,下平　すみ子,38,
伊那路,63,1,744,2019/01/10,【おとぎ絵姿花彩帖】（54）,橋爪　まんぷ,表紙3,
伊那路,62,12,743,2018/12/10,［第43回上伊那歴史研究会県外実地踏査報告］　遠州静岡と上伊那とのつながりを探る　秋葉信仰や早太郎伝説を視点に　秋葉みちから静岡県へ,田村　栄作,1,広域特集号
伊那路,62,12,743,2018/12/10,［第43回上伊那歴史研究会県外実地踏査報告］　遠州静岡と上伊那とのつながりを探る　秋葉信仰や早太郎伝説を視点に　秋葉神社上社に参る,竹若　康雄,4,広域特集号
伊那路,62,12,743,2018/12/10,［第43回上伊那歴史研究会県外実地踏査報告］　遠州静岡と上伊那とのつながりを探る　秋葉信仰や早太郎伝説を視点に　賀茂真淵記念館と秋葉街道,春日　利比古,7,広域特集号
伊那路,62,12,743,2018/12/10,［第43回上伊那歴史研究会県外実地踏査報告］　遠州静岡と上伊那とのつながりを探る　秋葉信仰や早太郎伝説を視点に　早太郎伝説への仮説,杉田　純治,12,広域特集号
伊那路,62,12,743,2018/12/10,［第43回上伊那歴史研究会県外実地踏査報告］　遠州静岡と上伊那とのつながりを探る　秋葉信仰や早太郎伝説を視点に　秋葉総本殿可睡齋を訪ねて,高木　幸伸,17,広域特集号
伊那路,62,12,743,2018/12/10,［第43回上伊那歴史研究会県外実地踏査報告］　遠州静岡と上伊那とのつながりを探る　秋葉信仰や早太郎伝説を視点に　秋葉街道・中央構造線をゆく,吉田　保晴,20,広域特集号
伊那路,62,12,743,2018/12/10,［第43回上伊那歴史研究会県外実地踏査報告］　遠州静岡と上伊那とのつながりを探る　秋葉信仰や早太郎伝説を視点に　一度は参詣したかった秋葉神社へ,下平　哲,22,広域特集号
伊那路,62,12,743,2018/12/10,［第43回上伊那歴史研究会県外実地踏査報告］　遠州静岡と上伊那とのつながりを探る　秋葉信仰や早太郎伝説を視点に　秋葉信仰解けた疑問,小澤　敏美,23,広域特集号
伊那路,62,12,743,2018/12/10,［第43回上伊那歴史研究会県外実地踏査報告］　遠州静岡と上伊那とのつながりを探る　秋葉信仰や早太郎伝説を視点に　暑い空の下での出来事,久保田　誼,25,広域特集号
伊那路,62,12,743,2018/12/10,［第43回上伊那歴史研究会県外実地踏査報告］　遠州静岡と上伊那とのつながりを探る　秋葉信仰や早太郎伝説を視点に　三峰川の洪水に立ち向かってきた青島区の秋葉講、その他の信仰行事,矢島　信之,26,広域特集号
伊那路,62,12,743,2018/12/10,発見！丸秘資料「朝鮮同胞に對する内地人反省資録」,矢澤　静二,29,広域特集号
伊那路,62,12,743,2018/12/10,【古文書の窓】（137）御柱祭催行についての返答書,松澤　英太郎,32,広域特集号
伊那路,62,12,743,2018/12/10,ふるさとの子育て（34）毒母,大槻　武治,34,広域特集号
伊那路,62,12,743,2018/12/10,【図説・上伊那の民俗】（20）鞍掛のデーモンジ（辰野町北大出鞍掛）,三石　稔,表紙2,広域特集号
伊那路,62,12,743,2018/12/10,【おとぎ絵姿花彩帖】（53）,橋爪　まんぷ,表紙3,広域特集号
伊那路,62,11,742,2018/11/10,『古今書院』創設者・西春近村出身の橋本福松（10）教員から実業家へと歩んだその波乱の生涯に学ぶ,三上　徹也,1,
伊那路,62,11,742,2018/11/10,ネパール　シタ・ダルマ小学校贈呈式　ヒマラヤトレッキング　アンナプルナ山群,清水　満,13,
伊那路,62,11,742,2018/11/10,思い出の人・思い出の事（25）伊那高女で愛唱された「月見草」の歌,桃澤　匡行,22,
伊那路,62,11,742,2018/11/10,伊那市が取り組む古い地名調査（12）,竹松　亨,26,
伊那路,62,11,742,2018/11/10,伊那谷のイカル　民俗の窓を通して（34）,吉田　保晴,35,
伊那路,62,11,742,2018/11/10,【古文書の窓】（136）宗門改の厳しさ,松澤　英太郎,38,
伊那路,62,11,742,2018/11/10,【図説・上伊那の民俗】（19）石曽根諏訪神社獅子舞（飯島町石曽根）,三石　稔,表紙2,
伊那路,62,11,742,2018/11/10,【おとぎ絵姿花彩帖】（52）,橋爪　まんぷ,表紙3,
伊那路,62,10,741,2018/10/10,伊那街道宮田宿,小池　孝,1,宮田宿特集号
伊那路,62,10,741,2018/10/10,宮田宿の歴史的建造物,小池　勝典,11,宮田宿特集号
伊那路,62,10,741,2018/10/10,宮田村の景観を考える会の取り組み,天野　早人,21,宮田宿特集号
伊那路,62,10,741,2018/10/10,宮田村の景観計画と歴史保全区域,佐々木　葉,26,宮田宿特集号
伊那路,62,10,741,2018/10/10,「物語」の再生とまちづくり　蔵と町屋の保存・活用に向けて,藤倉　英世,30,宮田宿特集号
伊那路,62,10,741,2018/10/10,宮田宿の歴史を共有する「宮田まちなか博物館」,増田　大夢,35,宮田宿特集号
伊那路,62,10,741,2018/10/10,「竹屋」（唐木家）管見　宮田宿の中で、生き方を探る,唐木　達雄,38,宮田宿特集号
伊那路,62,10,741,2018/10/10,宮田宿の本陣について,小池　勝典,42,宮田宿特集号
伊那路,62,10,741,2018/10/10,宮田村の原始・古代史概要,太田　保,44,宮田宿特集号
伊那路,62,10,741,2018/10/10,【図説・上伊那の民俗】（18）伊那森神社例祭（駒ヶ根市東伊那）,三石　稔,表紙2,宮田宿特集号
伊那路,62,10,741,2018/10/10,【おとぎ絵姿花彩帖】（51）,橋爪　まんぷ,表紙3,
伊那路,62,9,740,2018/09/10,高遠に残る槍・薙刀　高遠町歴史博物館収蔵品等から概観する,林　洋一,1,
伊那路,62,9,740,2018/09/10,『古今書院』創設者・西春近村出身の橋本福松（9）教員から実業家へと歩んだその波乱の生涯に学ぶ,三上　徹也,13,
伊那路,62,9,740,2018/09/10,春近五人衆　片切昌為の動静（上）,宮下　玄覇,25,
伊那路,62,9,740,2018/09/10,伊那市の経塚について（2）経典供養塔を中心に,伊藤　和也,33,
伊那路,62,9,740,2018/09/10,【古文書の窓】（135）村方百姓に取り立てられた一札,松澤　英太郎,38,
伊那路,62,9,740,2018/09/10,【図説・上伊那の民俗】（17）仏迎え（伊那市美篶六道地蔵尊）,三石　稔,表紙2,
伊那路,62,9,740,2018/09/10,【おとぎ絵姿花彩帖】（50）,橋爪　まんぷ,表紙3,
伊那路,62,8,739,2018/08/10,教育現場から見た上伊那における「二・四（教員赤化）事件」　『伊藤泰輔日記』と関係者からの聞き取りを中心に,矢澤　静二,1,終戦特集号
伊那路,62,8,739,2018/08/10,旧陸軍伊那飛行場の遺構の保存をめぐって　「環状北線」道路開設との関わりを中心に,山口　通之,17,終戦特集号
伊那路,62,8,739,2018/08/10,父母の満州開拓・富貴原郷開拓団の記録,中城　安子,27,終戦特集号
伊那路,62,8,739,2018/08/10,埋められた戦没者慰霊の碑　時代の流れに翻弄された手良招魂碑,宮原　達明,37,終戦特集号
伊那路,62,8,739,2018/08/10,東春近国民学校の義勇軍送出　国民学校日誌から,北原　昌弘,43,終戦特集号
伊那路,62,8,739,2018/08/10,【図説・上伊那の民俗】（16）千社参り（伊那市美篶青島）,三石　稔,表紙2,終戦特集号
伊那路,62,8,739,2018/08/10,【おとぎ絵姿花彩帖】（49）,橋爪　まんぷ,表紙3,終戦特集号
伊那路,62,7,738,2018/07/10,中央アルプス地名考（1）木曽駒ケ岳,吉田　保晴,1,
伊那路,62,7,738,2018/07/10,東高遠ヨケと呼ばれる所　父祖の地を尋ねる,瀧澤　秀人,12,
伊那路,62,7,738,2018/07/10,有賀月松と手良の貴船社俳額,宮原　達明,23,
伊那路,62,7,738,2018/07/10,「登戸研究所」調査研究会の発足,小木曽　伸一,29,
伊那路,62,7,738,2018/07/10,第42回全国高等学校総合文化祭　8月長野県で開催　上伊那では伊那市（郷土芸能）・駒ヶ根市（ボランティア）が会場に,広瀬　邦仁・山口　通之,33,
伊那路,62,7,738,2018/07/10,【古文書の窓】（134）入会山の利用,松澤　英太郎,38,
伊那路,62,7,738,2018/07/10,【図説・上伊那の民俗】（15）お誕生祝い（飯島町）,三石　稔,表紙2,
伊那路,62,7,738,2018/07/10,【おとぎ絵姿花彩帖】（48）,橋爪　まんぷ,表紙3,
伊那路,62,6,737,2018/06/10,伊那市の経塚について（1）遺跡・遺物を中心に,伊藤　和也,1,
伊那路,62,6,737,2018/06/10,伊那電気鉄道の労働争議　大正末期の様子を写真で追う,小林　哲,6,
伊那路,62,6,737,2018/06/10,「高遠石工」石造物フォトコンテストの開催　「日本で最も美しい村連合」加盟の事業として,山口　通之,17,
伊那路,62,6,737,2018/06/10,石仏と対峙する静かな時間　「高遠石工フォトコンテスト」の応募作品に寄せて,熊谷　友幸,21,
伊那路,62,6,737,2018/06/10,伊那市が取り組む古い地名調査（11）,竹松　亨,23,
伊那路,62,6,737,2018/06/10,伊那谷の高山の鳥　民俗の窓を通して（33）,吉田　保晴,32,
伊那路,62,6,737,2018/06/10,ふるさとの子育て（33）アサガオの花,大槻　武治,35,
伊那路,62,6,737,2018/06/10,【古文書の窓】（133）水戸浪士の通行に関する旅人の話,下平　すみ子,36,
伊那路,62,6,737,2018/06/10,【図説・上伊那の民俗】（14）雪形（駒ヶ根市赤穂）,三石　稔,表紙2,
伊那路,62,6,737,2018/06/10,【おとぎ絵姿花彩帖】（47）,橋爪　まんぷ,表紙3,
伊那路,62,5,736,2018/05/10,茅の輪くぐり　上伊那の事例から,中崎　隆生,1,
伊那路,62,5,736,2018/05/10,天竜川の移動で流失した中州の村「鍛冶ケ島」の歴史,北原　昌弘,9,
伊那路,62,5,736,2018/05/10,伊那谷のカモの仲間　民俗の窓を通して（32）,吉田　保晴,16,
伊那路,62,5,736,2018/05/10,第5回井月忌の集い・井月忌俳句大会　報告,大野田　井蛙・春日　利比古・矢島　信之,25,
伊那路,62,5,736,2018/05/10,思い出の人・思い出の事（24）『源氏三枕』の発見,桃澤　匡行,29,
伊那路,62,5,736,2018/05/10,【古文書の窓】（132）旅行中亡くなった人の始末,松澤　英太郎,32,
伊那路,62,5,736,2018/05/10,『古今書院』創設者・西春近村出身の橋本福松（8）教員から実業家へと歩んだその波乱の生涯に学ぶ,三上　徹也,34,
伊那路,62,5,736,2018/05/10,【図説・上伊那の民俗】（13）やきもち踊り（伊那市山寺）,三石　稔,表紙2,
伊那路,62,5,736,2018/05/10,【おとぎ絵姿花彩帖】（46）,橋爪　まんぷ,表紙3,
伊那路,62,4,735,2018/04/10,高遠藩主が描いた鳥の絵　高遠町歴史博物館収蔵品等から概観する,林　洋一,1,
伊那路,62,4,735,2018/04/10,仲仙寺にあったとされる「十二坊」に関する考察,伊藤　和也,16,
伊那路,62,4,735,2018/04/10,ふるさとの水と農業　歩みと課題に思う,春日　州一,24,
伊那路,62,4,735,2018/04/10,伊那市が取り組む古い地名調査（10）,竹松　亨,29,
伊那路,62,4,735,2018/04/10,ふるさとの子育て（32）いじめ,大槻　武治,39,
伊那路,62,4,735,2018/04/10,【図説・上伊那の民俗】（12）庚申講（飯島町本郷第6）,三石　稔,表紙2,
伊那路,62,4,735,2018/04/10,【おとぎ絵姿花彩帖】（45）,橋爪　まんぷ,表紙3,
伊那路,62,3,734,2018/03/10,「第18回上伊那郷土研究交流の集い」現地巡検概報,伊藤　一夫,1,上伊那郷土研究交流の集い特集号
伊那路,62,3,734,2018/03/10,注目してほしい地域「東伊那」,福澤　浩之,2,上伊那郷土研究交流の集い特集号
伊那路,62,3,734,2018/03/10,東伊那善福寺の西国三十三観音を訪ねて　第18回上伊那郷土研究交流の集いに寄せて,田中　清文,8,上伊那郷土研究交流の集い特集号
伊那路,62,3,734,2018/03/10,郷土研究と公民館,新井　幸徳,14,上伊那郷土研究交流の集い特集号
伊那路,62,3,734,2018/03/10,「東伊那の集い」に思う,桃澤　匡行,18,上伊那郷土研究交流の集い特集号
伊那路,62,3,734,2018/03/10,「誑三才孩兒」に一瞬、奇異のひらめき,唐木　達雄,20,上伊那郷土研究交流の集い特集号
伊那路,62,3,734,2018/03/10,『古今書院』創設者・西春近村出身の橋本福松（7）教員から実業家へと歩んだその波乱の生涯に学ぶ,三上　徹也,22,上伊那郷土研究交流の集い特集号
伊那路,62,3,734,2018/03/10,伊那谷のカスミ網猟　民俗の窓を通して（31）,吉田　保晴,30,上伊那郷土研究交流の集い特集号
伊那路,62,3,734,2018/03/10,【文化短信】「春の高校伊那駅伝」をさらに誇れる文化に,矢島　信之,39,上伊那郷土研究交流の集い特集号
伊那路,62,3,734,2018/03/10,【図説・上伊那の民俗】（11）数珠回し（辰野町横川飯沼沢）,三石　稔,表紙2,上伊那郷土研究交流の集い特集号
伊那路,62,3,734,2018/03/10,【おとぎ絵姿花彩帖】（44）,橋爪　まんぷ,表紙3,上伊那郷土研究交流の集い特集号
伊那路,62,2,733,2018/02/10,描く紋、縫う紋,中崎　隆生,1,
伊那路,62,2,733,2018/02/10,信州の石工たち　天明の大飢饉供養碑の日本史上の白眉　飯嶋増右衛門の生涯と名もなき石工の優れた石仏,松橋　由雄,9,
伊那路,62,2,733,2018/02/10,戦国時代の殿島城（伊那市東春近）築城時期の推測,北原　昌弘,21,
伊那路,62,2,733,2018/02/10,思い出の人・思い出の事（23）飯島町の「お陣屋まつり」,桃澤　匡行,28,
伊那路,62,2,733,2018/02/10,伊那市が取り組む古い地名調査（9）,竹松　亨,31,
伊那路,62,2,733,2018/02/10,【図説・上伊那の民俗】（10）ホンダレ様（箕輪町富田）,三石　稔,表紙2,
伊那路,62,2,733,2018/02/10,【おとぎ絵姿花彩帖】（43）,橋爪　まんぷ,表紙3,
伊那路,62,1,732,2018/01/10,二人の風狂俳諧師　路通と井月,正津　勉,1,井月特集号
伊那路,62,1,732,2018/01/10,幕末の高遠文化と進徳館　井月を受け入れた文化的流れ,笹本　正治,14,井月特集号
伊那路,62,1,732,2018/01/10,2016・2017年の井月発見句,矢島　太郎,28,井月特集号
伊那路,62,1,732,2018/01/10,伊那における相馬御風と良寛さん,小原　洋一,31,井月特集号
伊那路,62,1,732,2018/01/10,【古文書の窓】（131）村の参使、山の口明け日の伝達を失念,三浦　孝美,36,井月特集号
伊那路,62,1,732,2018/01/10,【文化短信】「全校囲碁教室」伊那西小学校,有賀　弘,39,井月特集号
伊那路,62,1,732,2018/01/10,【おとぎ絵姿花彩帖】（42）,橋爪　まんぷ,表紙3,井月特集号
伊那路,61,12,731,2017/12/10,［第42回上伊那歴史研究会県外実地踏査報告］近江国と上伊那とのつながりを探る　木地師発祥の地と近江の売薬を視点に　滋賀県への旅,田村　栄作,1,
伊那路,61,12,731,2017/12/10,［第42回上伊那歴史研究会県外実地踏査報告］近江国と上伊那とのつながりを探る　木地師発祥の地と近江の売薬を視点に　木地師発祥の地から学べる地域のあり方,福澤　浩之,4,
伊那路,61,12,731,2017/12/10,［第42回上伊那歴史研究会県外実地踏査報告］近江国と上伊那とのつながりを探る　木地師発祥の地と近江の売薬を視点に　木地師資料館を訪ねて,氣賀澤　厚典,9,
伊那路,61,12,731,2017/12/10,［第42回上伊那歴史研究会県外実地踏査報告］近江国と上伊那とのつながりを探る　木地師発祥の地と近江の売薬を視点に　台風の鈴鹿山地での思いがけない出会い,久保田　誼,12,
伊那路,61,12,731,2017/12/10,［第42回上伊那歴史研究会県外実地踏査報告］近江国と上伊那とのつながりを探る　木地師発祥の地と近江の売薬を視点に　近江売薬と上伊那との関係や如何に？,矢澤　静二,13,
伊那路,61,12,731,2017/12/10,［第42回上伊那歴史研究会県外実地踏査報告］近江国と上伊那とのつながりを探る　木地師発祥の地と近江の売薬を視点に　近江配置薬行商人・父のルーツを訪ねて,竹若　康雄,17,
伊那路,61,12,731,2017/12/10,［第42回上伊那歴史研究会県外実地踏査報告］近江国と上伊那とのつながりを探る　木地師発祥の地と近江の売薬を視点に　紫香楽宮跡を訪ねて,内藤　りつ子,21,
伊那路,61,12,731,2017/12/10,［第42回上伊那歴史研究会県外実地踏査報告］近江国と上伊那とのつながりを探る　木地師発祥の地と近江の売薬を視点に　信楽伝統産業会館を訪ねて,矢島　信之,23,
伊那路,61,12,731,2017/12/10,［第42回上伊那歴史研究会県外実地踏査報告］近江国と上伊那とのつながりを探る　木地師発祥の地と近江の売薬を視点に　目から鱗の銅鐸博物館,高木　幸伸,26,
伊那路,61,12,731,2017/12/10,［第42回上伊那歴史研究会県外実地踏査報告］近江国と上伊那とのつながりを探る　木地師発祥の地と近江の売薬を視点に　雑感,松澤　英太郎,28,
伊那路,61,12,731,2017/12/10,［第42回上伊那歴史研究会県外実地踏査報告］近江国と上伊那とのつながりを探る　木地師発祥の地と近江の売薬を視点に　永源氏の里・紫香楽宮・大岩山銅鐸博物館を巡って,橋爪　平治,30,
伊那路,61,12,731,2017/12/10,［第42回上伊那歴史研究会県外実地踏査報告］近江国と上伊那とのつながりを探る　木地師発祥の地と近江の売薬を視点に　歴史研究の進歩を実感,池上　昭,32,
伊那路,61,12,731,2017/12/10,【文化短信】美篶地区に残る戦争遺物の活用,矢島　信之,34,
伊那路,61,12,731,2017/12/10,【図説・上伊那の民俗】（9）かさんぼこ（飯島町日曽利）,三石　稔,表紙2,
伊那路,61,12,731,2017/12/10,【おとぎ絵姿花彩帖】（41）,橋爪　まんぷ,表紙3,
伊那路,61,11,730,2017/11/10,高遠に残る刀剣　高遠町歴史博物館収蔵品などを概観する,林　洋一,1,
伊那路,61,11,730,2017/11/10,『古今書院』創設者・西春近村出身の橋本福松（6）教員から実業家へと歩んだその波乱の生涯に学ぶ,三上　徹也,11,
伊那路,61,11,730,2017/11/10,「青葉の笛」俳諧に及ぶ,矢島　太郎,22,
伊那路,61,11,730,2017/11/10,伊那谷のライチョウ　民俗の窓を通して（30）,吉田　保晴,31,
伊那路,61,11,730,2017/11/10,思い出の人・思い出の事（22）山下清展の顛末,桃澤　匡行,37,
伊那路,61,11,730,2017/11/10,日本の子育て（31）劣等感,大槻　武治,39,
伊那路,61,11,730,2017/11/10,【図説・上伊那の民俗】（8）ザザムシ漁（箕輪町）,三石　稔,表紙2,
伊那路,61,11,730,2017/11/10,【おとぎ絵姿花彩帖】（40）,橋爪　まんぷ,表紙3,
伊那路,61,10,729,2017/10/10,石工　藤森吉弥の作品を訪ねて　鷲窟山観音院（曹洞宗）へ,堀内　敏文,1,石工特集号
伊那路,61,10,729,2017/10/10,石匠　守屋貞七の全石造物を探る　石工歴60年間に333体彫像か,田中　清文,18,石工特集号
伊那路,61,10,729,2017/10/10,節分の今　「かにかや」を中心に,三石　稔,25,石工特集号
伊那路,61,10,729,2017/10/10,【古文書の窓】（130）矢彦神社、正保国絵図の訂正を訴える,三浦　孝美,36,石工特集号
伊那路,61,10,729,2017/10/10,【図説・上伊那の民俗】（7）本郷神社「大三国」（飯島町本郷）,三石　稔,表紙2,石工特集号
伊那路,61,10,729,2017/10/10,【おとぎ絵姿花彩帖】（39）,橋爪　まんぷ,表紙3,石工特集号
伊那路,61,9,728,2017/09/10,戦没同窓生の「鎮魂碑」建立と憲法学者芦部信喜氏の講演　太平洋戦争と旧制伊那中学校の歴史を踏まえて,久保田　誼,1,終戦特集号
伊那路,61,9,728,2017/09/10,「県立伊那高等女学校と名古屋空襲」をテーマに公演　2016年福岡県筑紫地区の第30回記念「平和のつどい」で,山口　通之,11,終戦特集号
伊那路,61,9,728,2017/09/10,学童も駆り出された忠魂碑の移転と再建,北原　昌弘,19,終戦特集号
伊那路,61,9,728,2017/09/10,伊那市が取り組む古い地名調査（8）,竹松　亨,23,終戦特集号
伊那路,61,9,728,2017/09/10,飯島町にも来た大相撲,桃澤　匡行,34,終戦特集号
伊那路,61,9,728,2017/09/10,伊那谷のクイナ類　民俗の窓を通して（29）,吉田　保晴,36,終戦特集号
伊那路,61,9,728,2017/09/10,日本の子育て（30）自ら学ぶ,大槻　武治,38,終戦特集号
伊那路,61,9,728,2017/09/10,【文化短信】「少年の塔」,矢澤　静二,39,終戦特集号
伊那路,61,9,728,2017/09/10,【図説・上伊那の民俗】（6）大御食神社「福子切り」（駒ケ根市赤穂）,三石　稔,表紙2,終戦特集号
伊那路,61,9,728,2017/09/10,【おとぎ絵姿花彩帖】（38）,橋爪　まんぷ,表紙3,終戦特集号
伊那路,61,8,727,2017/08/10,南海の楽園・玉砕の島　パラオの旅,後藤　寛,1,終戦特集号
伊那路,61,8,727,2017/08/10,昭和20年度『上片桐国民学校日誌』を読む　特に東京二子玉川国民学校集団疎開と時局に関する事項ならびに他資料対比考察,大場　茂明,14,終戦特集号
伊那路,61,8,727,2017/08/10,辰野にあった防空監視哨と対空監視哨　B29の襲来に備えて,竹渕　修二,33,終戦特集号
伊那路,61,8,727,2017/08/10,【古文書の窓】（129）預り人の扱いにつきお願い,下平　すみ子,38,終戦特集号
伊那路,61,8,727,2017/08/10,【図説・上伊那の民俗】（5）田畑の「まんど」（南箕輪村田畑）,三石　稔,表紙2,終戦特集号
伊那路,61,8,727,2017/08/10,【おとぎ絵姿花彩帖】（37）,橋爪　まんぷ,表紙3,終戦特集号
伊那路,61,7,726,2017/07/10,石仏写真考　「高遠石工の石仏」鑑賞の新たな視点,熊谷　友幸,1,
伊那路,61,7,726,2017/07/10,昭和21年の音楽教科書（第3学年用）,山本　勝,12,
伊那路,61,7,726,2017/07/10,「下伊那における井月の顕彰活動」の訂正・補遺,宮澤　宏治,18,
伊那路,61,7,726,2017/07/10,中村不折の作品が道後温泉旅館にあった,北原　昌弘,19,
伊那路,61,7,726,2017/07/10,書籍紹介『地図中心』特集　ぴっかり辰野町ぴっかり,小林　辰興,24,
伊那路,61,7,726,2017/07/10,【文化短信】花と音楽の共演,矢島　信之,26,
伊那路,61,7,726,2017/07/10,【古文書の窓】（128）虫害による被害甚大の訴え,清水　満,28,
伊那路,61,7,726,2017/07/10,伊那市が取り組む古い地名調査（7）,竹松　亨,31,
伊那路,61,7,726,2017/07/10,【図説・上伊那の民俗】（4）南宮神社御鹿奉納神事（箕輪町木下）,三石　稔,表紙2,
伊那路,61,7,726,2017/07/10,【おとぎ絵姿花彩帖】（36）,橋爪　まんぷ,表紙3,
伊那路,61,6,725,2017/06/10,南アルプス仙丈ケ岳の植生保護活動　「仙丈小屋のあの晩」の思い出,白鳥　孝,1,自然特集号
伊那路,61,6,725,2017/06/10,人知れず深刻化するツキノワグマによる剝皮被害と対策,近藤　道治,11,自然特集号
伊那路,61,6,725,2017/06/10,三遠南信の風に吹かれて,宮下　明子,18,自然特集号
伊那路,61,6,725,2017/06/10,宝剣岳の錫杖,堺澤　清人,26,自然特集号
伊那路,61,6,725,2017/06/10,「井月さんの歌」について,一ノ瀬　武志,29,自然特集号
伊那路,61,6,725,2017/06/10,伊那谷のウぐイス類　民俗の窓を通して（28）,吉田　保晴,32,自然特集号
伊那路,61,6,725,2017/06/10,日本の子育て（29）初詣,大槻　武治,39,自然特集号
伊那路,61,6,725,2017/06/10,【図説・上伊那の民俗】（3）土蔵の「しぶきよけ」（飯島町七久保）,三石　稔,表紙2,自然特集号
伊那路,61,6,725,2017/06/10,【おとぎ絵姿花彩帖】（35）,橋爪　まんぷ,表紙3,自然特集号
伊那路,61,5,724,2017/05/10,『伊那路』創刊60周年記念事業報告,氣賀澤　厚典,1,創刊60周年記念事業特集号
伊那路,61,5,724,2017/05/10,『古今書院』創設者・西春近村出身の橋本福松（5）教員から実業家へと歩んだその波乱の生涯に学ぶ,三上　徹也,7,創刊60周年記念事業特集号
伊那路,61,5,724,2017/05/10,下伊那における井月の顕彰活動,宮澤　宏治,19,創刊60周年記念事業特集号
伊那路,61,5,724,2017/05/10,郷土の歴史を学ぶ　中川村公民館の取り組み,片桐　充昭,32,創刊60周年記念事業特集号
伊那路,61,5,724,2017/05/10,思い出の人・思い出の事（21）奥出雲・三沢郷への一人旅,桃澤　匡行,38,創刊60周年記念事業特集号
伊那路,61,5,724,2017/05/10,【図説・上伊那の民俗】（2）町の数珠回し（中川村大草沖町）,三石　稔,表紙2,創刊60周年記念事業特集号
伊那路,61,5,724,2017/05/10,【おとぎ絵姿花彩帖】（34）,橋爪　まんぷ,表紙3,創刊60周年記念事業特集号
伊那路,61,4,723,2017/04/10,水戸浪士通過の際の高遠藩兵　「祖父の昔語り」より,瀧澤　秀人,1,
伊那路,61,4,723,2017/04/10,中馬が運んだお茶,倉田　敬吾,15,
伊那路,61,4,723,2017/04/10,伊那市が取り組む古い地名調査（6）,竹松　亨,23,
伊那路,61,4,723,2017/04/10,思い出の人・思い出の事（20）飯島・岩間氏全国大会の思い出,桃澤　匡行,31,
伊那路,61,4,723,2017/04/10,執筆のきっかけ「山下慶治」氏の思い出,北原　昌弘,33,
伊那路,61,4,723,2017/04/10,『伊那路』を生活の友として,矢澤　喬治,35,
伊那路,61,4,723,2017/04/10,ふるさと伊那の思い出,原　弘,35,
伊那路,61,4,723,2017/04/10,日本の子育て（28）後ろに眼がある,大槻　武治,38,
伊那路,61,4,723,2017/04/10,【図説・上伊那の民俗】（1）中尾歌舞伎,三石　稔,表紙2,
伊那路,61,4,723,2017/04/10,【おとぎ絵姿花彩帖】（33）,橋爪　まんぷ,表紙3,
伊那路,61,3,722,2017/03/10,「第17回上伊那郷土研究交流の集い」報告,伊藤　修,1,上伊那郷土研究交流の集い特集号
伊那路,61,3,722,2017/03/10,羽広誌研究会の取り組み　『羽広誌』刊行とそれを生かした活動,山口　通之,2,上伊那郷土研究交流の集い特集号
伊那路,61,3,722,2017/03/10,仲仙寺の寺宝を映像で探る,重盛　欣三,9,上伊那郷土研究交流の集い特集号
伊那路,61,3,722,2017/03/10,林宗賢編著『羽廣山仲仙寺縁起』から仲仙寺史を概観する,池上　昭,17,上伊那郷土研究交流の集い特集号
伊那路,61,3,722,2017/03/10,仲仙寺の絵馬,濵　慎一,28,上伊那郷土研究交流の集い特集号
伊那路,61,3,722,2017/03/10,西箕輪羽広・仲仙寺に学ぶ　「交流の集い」の感想,松村　正明,32,上伊那郷土研究交流の集い特集号
伊那路,61,3,722,2017/03/10,第17回上伊那郷土研究交流の集いに参加しての雑感,太田　保,34,上伊那郷土研究交流の集い特集号
伊那路,61,3,722,2017/03/10,仲仙寺との縁,蟹澤　廣美,36,上伊那郷土研究交流の集い特集号
伊那路,61,3,722,2017/03/10,【文化短信】まぼろしのコマクサ,吉田　保晴,38,上伊那郷土研究交流の集い特集号
伊那路,61,3,722,2017/03/10,【高山の植物】（50）ニョホウチドリ　南アルプスで見かけた植物（37）,田中　茂,表紙2,上伊那郷土研究交流の集い特集号
伊那路,61,3,722,2017/03/10,【おとぎ絵姿花彩帖】（32）,橋爪　まんぷ,表紙3,上伊那郷土研究交流の集い特集号
伊那路,61,2,721,2017/02/10,『伊那路』創刊60年　最近10年間のあゆみ,清水　満,1,創刊60周年記念特集号（2）
伊那路,61,2,721,2017/02/10,『伊那路』創刊60周年記念企画　『伊那路』アンケート調査集計,編集部,5,創刊60周年記念特集号（2）
伊那路,61,2,721,2017/02/10,蚕糸業と上伊那　『伊那路』創刊60周年記念特集に寄せて,小野　和英,9,創刊60周年記念特集号（2）
伊那路,61,2,721,2017/02/10,伊澤修二と聴覚障害者教育・幼児教育,柳川　広美,23,創刊60周年記念特集号（2）
伊那路,61,2,721,2017/02/10,井月日記甲・乙翻刻（4）,竹入　弘元,27,創刊60周年記念特集号（2）
伊那路,61,2,721,2017/02/10,【文化短信】特別展「大下宇陀児」展　箕輪町郷土博物館,山本　勝,35,創刊60周年記念特集号（2）
伊那路,61,2,721,2017/02/10,日本の子育て（27）不登校,大槻　武治,36,創刊60周年記念特集号（2）
伊那路,61,2,721,2017/02/10,井月拵の木刀の記,細田　伊佐夫,37,創刊60周年記念特集号（2）
伊那路,61,2,721,2017/02/10,【高山の植物】（49）ホテイラン　南アルプスで見かけた植物（36）,田中　茂,表紙2,創刊60周年記念特集号（2）
伊那路,61,2,721,2017/02/10,【おとぎ絵姿花彩帖】（31）,橋爪　まんぷ,表紙3,創刊60周年記念特集号（2）
伊那路,61,1,720,2017/01/10,年表『伊那路』600号〜のあゆみ,上伊那郷土研究会,1,創刊60周年記念特集号（1）
伊那路,61,1,720,2017/01/10,『伊那路』創刊60周年記念に寄せて,池上　正直,5,創刊60周年記念特集号（1）
伊那路,61,1,720,2017/01/10,この10年の『伊那路』掲載、俳人井月関係論考を読んで,竹入　弘元,8,創刊60周年記念特集号（1）
伊那路,61,1,720,2017/01/10,『古今書院』創設者・西春近村出身の橋本福松（4）教員から実業家へと歩んだその波乱の生涯に学ぶ,三上　徹也,18,創刊60周年記念特集号（1）
伊那路,61,1,720,2017/01/10,わらべ歌の終わりの音について　心の状態と歌の終止音との関係,竹渕　修二,34,創刊60周年記念特集号（1）
伊那路,60,12,719,2016/12/10,［第41回上伊那歴史研究会県外実地踏査報告］越中富山と上伊那とのつながりを探る　越中富山の薬売り・飛騨ブリ・木曽義仲（樋口次郎兼光）を視点に　富山県への旅,田村　栄作,1,広域特集号
伊那路,60,12,719,2016/12/10,［第41回上伊那歴史研究会県外実地踏査報告］越中富山と上伊那とのつながりを探る　越中富山の薬売り・飛騨ブリ・木曽義仲（樋口次郎兼光）を視点に　白川郷と和田家,氣賀澤　厚典,6,広域特集号
伊那路,60,12,719,2016/12/10,［第41回上伊那歴史研究会県外実地踏査報告］越中富山と上伊那とのつながりを探る　越中富山の薬売り・飛騨ブリ・木曽義仲（樋口次郎兼光）を視点に　倶利伽羅峠を訪ねて,渡辺　弘行,9,広域特集号
伊那路,60,12,719,2016/12/10,［第41回上伊那歴史研究会県外実地踏査報告］越中富山と上伊那とのつながりを探る　越中富山の薬売り・飛騨ブリ・木曽義仲（樋口次郎兼光）を視点に　飛騨ブリの道,竹若　康雄,12,広域特集号
伊那路,60,12,719,2016/12/10,［第41回上伊那歴史研究会県外実地踏査報告］越中富山と上伊那とのつながりを探る　越中富山の薬売り・飛騨ブリ・木曽義仲（樋口次郎兼光）を視点に　富山市売薬資料館を訪ねて,福澤　浩之,15,広域特集号
伊那路,60,12,719,2016/12/10,［第41回上伊那歴史研究会県外実地踏査報告］越中富山と上伊那とのつながりを探る　越中富山の薬売り・飛騨ブリ・木曽義仲（樋口次郎兼光）を視点に　薬種商の館金岡邸を見学して,内藤　りつ子,18,広域特集号
伊那路,60,12,719,2016/12/10,［第41回上伊那歴史研究会県外実地踏査報告］越中富山と上伊那とのつながりを探る　越中富山の薬売り・飛騨ブリ・木曽義仲（樋口次郎兼光）を視点に　実地踏査良きかな,松澤　英太郎,21,広域特集号
伊那路,60,12,719,2016/12/10,［第41回上伊那歴史研究会県外実地踏査報告］越中富山と上伊那とのつながりを探る　越中富山の薬売り・飛騨ブリ・木曽義仲（樋口次郎兼光）を視点に　富山方面実地踏査からあれこれ,伊藤　一夫,23,広域特集号
伊那路,60,12,719,2016/12/10,［第41回上伊那歴史研究会県外実地踏査報告］越中富山と上伊那とのつながりを探る　越中富山の薬売り・飛騨ブリ・木曽義仲（樋口次郎兼光）を視点に　今「信用」と「先用後利」に生きる　越中・大和・近江の薬屋さんと上伊那,矢澤　静二,24,広域特集号
伊那路,60,12,719,2016/12/10,伊那市が取り組む古い地名調査（5）,竹松　亨,29,広域特集号
伊那路,60,12,719,2016/12/10,【高山の植物】（48）シナノコザクラ　南アルプスで見かけた植物（35）,田中　茂,表紙2,広域特集号
伊那路,60,12,719,2016/12/10,【おとぎ絵姿花彩帖】（30）,橋爪　まんぷ,表紙3,広域特集号
伊那路,60,11,718,2016/11/10,講演「句から覗いた井月　酒と食べ物」,伊藤　伊那男,1,
伊那路,60,11,718,2016/11/10,子規庵以後の歌会,桃澤　匡行,18,
伊那路,60,11,718,2016/11/10,井月日記甲・乙翻刻（3）,竹入　弘元,24,
伊那路,60,11,718,2016/11/10,江戸時代の治水家「伊藤由助」の生涯と功績,北原　昌弘,32,
伊那路,60,11,718,2016/11/10,短歌　破袋大黒柱鬼の首（16）,野溝　直人,38,
伊那路,60,11,718,2016/11/10,日本の子育て（26）啐啄同時,大槻　武治,39,
伊那路,60,11,718,2016/11/10,【高山の植物】（47）トウヤクリンドウ　南アルプスで見かけた植物（34）,田中　茂,表紙2,
伊那路,60,11,718,2016/11/10,【おとぎ絵姿花彩帖】（29）,橋爪　まんぷ,表紙3,
伊那路,60,10,717,2016/10/10,常円寺丸山公園の二十二夜様,中崎　隆生,1,民俗特集号
伊那路,60,10,717,2016/10/10,赤穂村役場庁舎の建築について　地方自治の先駆者福澤泰江の「建築小言」,小池　金義,10,民俗特集号
伊那路,60,10,717,2016/10/10,高遠に残るそばの道具　高遠町歴史博物館・伊那市民俗資料館所蔵品より,林　洋一,21,民俗特集号
伊那路,60,10,717,2016/10/10,都に春を（2）東大寺の謎,亀田　武巳,26,民俗特集号
伊那路,60,10,717,2016/10/10,伊那市が取り組む古い地名調査（4）,竹松　亨,30,民俗特集号
伊那路,60,10,717,2016/10/10,伊那谷のブッポウソウ　民俗の窓を通して（27）,吉田　保晴,37,民俗特集号
伊那路,60,10,717,2016/10/10,【高山の植物】（46）トラキチラン　南アルプスで見かけた植物（33）,田中　茂,表紙2,民俗特集号
伊那路,60,10,717,2016/10/10,【おとぎ絵姿花彩帖】（28）,橋爪　まんぷ,表紙3,民俗特集号
伊那路,60,9,716,2016/09/10,『庚子日録』に見る根岸短歌会と歌人たち,桃澤　匡行,1,
伊那路,60,9,716,2016/09/10,短歌　破袋大黒柱鬼の首（15）,野溝　直人,9,
伊那路,60,9,716,2016/09/10,井月日記甲・乙翻刻（2）,竹入　弘元,10,
伊那路,60,9,716,2016/09/10,都に春を（1）東大寺の謎,亀田　武巳,16,
伊那路,60,9,716,2016/09/10,『古今書院』創設者・西春近村出身の橋本福松（3）教員から実業家へと歩んだその波乱の生涯に学ぶ,三上　徹也,27,
伊那路,60,9,716,2016/09/10,【文化短信】出前講座「防災」　木下北城地区「あった会」,山本　勝,39,
伊那路,60,9,716,2016/09/10,【高山の植物】（45）オサバグサ　南アルプスで見かけた植物（32）,田中　茂,表紙2,
伊那路,60,9,716,2016/09/10,【おとぎ絵姿花彩帖】（27）,橋爪　まんぷ,表紙3,
伊那路,60,8,715,2016/08/10,ガダルカナルの惨禍と伊那飛行場の建設,久保田　誼,1,終戦特集号
伊那路,60,8,715,2016/08/10,私の戦争体験　東京における学生時代,春日　輝海,12,終戦特集号
伊那路,60,8,715,2016/08/10,少年農兵隊（甲種食糧増産隊）活動の記録　長野県大隊の一事例,小池　金義,30,終戦特集号
伊那路,60,8,715,2016/08/10,マリアナ諸島パガン島帰還聞き取り余話,北原　昌弘,39,終戦特集号
伊那路,60,8,715,2016/08/10,日本の子育て（25）選挙,大槻　武治,46,終戦特集号
伊那路,60,8,715,2016/08/10,【文化短信】美篶小学校資料館運営委員会　長野県文化財保護功労表彰受賞,伊藤　一夫,47,終戦特集号
伊那路,60,8,715,2016/08/10,【高山の植物】（44）タテヤマキンバイ　南アルプスで見かけた植物（31）,田中　茂,表紙2,終戦特集号
伊那路,60,8,715,2016/08/10,【おとぎ絵姿花彩帖】（26）,橋爪　まんぷ,表紙3,終戦特集号
伊那路,60,7,714,2016/07/10,伊那市高遠町が「日本で最も美しい村」連合に加盟　上伊那では中川村にいで2番目,山口　通之,1,
伊那路,60,7,714,2016/07/10,井月日記甲・乙翻刻（1）,竹入　弘元,13,
伊那路,60,7,714,2016/07/10,「乱世の井月」の講演記を読んで,矢島　太郎,20,
伊那路,60,7,714,2016/07/10,伊那市が取り組む古い地名調査（3）,竹松　亨,26,
伊那路,60,7,714,2016/07/10,伊那谷のウソ　民俗の窓を通して（26）,吉田　保晴,33,
伊那路,60,7,714,2016/07/10,【文化短信】「伊那地侍八勇士」の石碑建立,清水　満,36,
伊那路,60,7,714,2016/07/10,【古文書の窓】（127）御船を流した御船守の詫び証文,下平　すみ子,38,
伊那路,60,7,714,2016/07/10,【高山の植物】（43）ミヤマムラサキ　南アルプスで見かけた植物（30）,田中　茂,表紙2,
伊那路,60,7,714,2016/07/10,【おとぎ絵姿花彩帖】（25）,橋爪　まんぷ,表紙3,
伊那路,60,6,713,2016/06/10,世界の中の信州蕎麦　ソバの起源、蕎麦の多様性,松島　憲一,1,そば（蕎麦）特集号
伊那路,60,6,713,2016/06/10,信州そば発祥の地といわれる伊那,小林　史麿,9,そば（蕎麦）特集号
伊那路,60,6,713,2016/06/10,高遠そば,飯島　進,18,そば（蕎麦）特集号
伊那路,60,6,713,2016/06/10,寒さらしそば,伊藤　亨,22,そば（蕎麦）特集号
伊那路,60,6,713,2016/06/10,飯島町の種子ソバ栽培,小林　雄一,26,そば（蕎麦）特集号
伊那路,60,6,713,2016/06/10,飯島町のソバと「いいじま手打ち蕎麦の会」の取り組み,小林　忠彦,31,そば（蕎麦）特集号
伊那路,60,6,713,2016/06/10,中川赤そば花まつり,片桐　充昭,35,そば（蕎麦）特集号
伊那路,60,6,713,2016/06/10,赤そば（箕輪町上古田地区）,唐澤　利文,36,そば（蕎麦）特集号
伊那路,60,6,713,2016/06/10,伊那谷にいた鳥　民俗の窓を通して（25）,吉田　保晴,38,そば（蕎麦）特集号
伊那路,60,6,713,2016/06/10,驚くほど早かった伊那地方の種痘,三浦　孝美,43,そば（蕎麦）特集号
伊那路,60,6,713,2016/06/10,【高山の植物】（42）アカイシキバナノコマノツメ　南アルプスで見かけた植物（29）,田中　茂,表紙2,そば（蕎麦）特集号
伊那路,60,6,713,2016/06/10,【おとぎ絵姿花彩帖】（24）,橋爪　まんぷ,表紙3,そば（蕎麦）特集号
伊那路,60,5,712,2016/05/10,上伊那地域にも広がる松くい虫被害　被害の現状と対策を考える,近藤　道治,1,
伊那路,60,5,712,2016/05/10,短歌　破袋大黒柱鬼の首（14）,野溝　直人,10,
伊那路,60,5,712,2016/05/10,伊那市が取り組む古い地名調査（2）,竹松　亨,11,
伊那路,60,5,712,2016/05/10,伊那商事索道（2）当時の写真と職員の証言から検証,小林　哲,22,
伊那路,60,5,712,2016/05/10,高遠町歴史博物館・春季特別展　中村不折　生誕150年「己を広げ　己を高め」について,林　洋一,30,
伊那路,60,5,712,2016/05/10,『古今書院』創設者・西春近村出身の橋本福松（2）教員から実業家へと歩んだその波乱の生涯に学ぶ,三上　徹也,35,
伊那路,60,5,712,2016/05/10,【高山の植物】（41）ツガザクラ　南アルプスで見かけた植物（28）,田中　茂,表紙2,
伊那路,60,5,712,2016/05/10,【おとぎ絵姿花彩帖】（23）,橋爪　まんぷ,表紙3,
伊那路,60,4,711,2016/04/10,『古今書院』創設者・西春近村出身の橋本福松（1）教員から実業家へと歩んだその波乱の生涯に学ぶ,三上　徹也,1,
伊那路,60,4,711,2016/04/10,伊那市が取り組む古い地名調査（1）,竹松　亨,12,
伊那路,60,4,711,2016/04/10,伊那商事索道（1）当時の写真と職員の証言から検証,小林　哲,20,
伊那路,60,4,711,2016/04/10,上伊那地域の「御柱」,,32,著者記載なし
伊那路,60,4,711,2016/04/10,飯塚政美氏を偲ぶ,赤羽　義洋,33,
伊那路,60,4,711,2016/04/10,日本の子育て（24）人を見たら泥棒と思え,大槻　武治,35,
伊那路,60,4,711,2016/04/10,【文化短信】光前寺の「柿葺き」葺き替え見学,吉田　保晴,36,
伊那路,60,4,711,2016/04/10,【古文書の窓】（126）宮大工棟梁小口直四郎の請負証文,三浦　孝美,38,
伊那路,60,4,711,2016/04/10,【高山の植物】（40）イワヒゲ　南アルプスで見かけた植物（27）,田中　茂,表紙2,
伊那路,60,4,711,2016/04/10,【おとぎ絵姿花彩帖】（22）,橋爪　まんぷ,表紙3,
伊那路,60,3,710,2016/03/10,桃澤茂春の歌　子規庵歌会参加の以前と以後,山田　宗夫,1,
伊那路,60,3,710,2016/03/10,私の戦争体験,上柳　優二郎,13,
伊那路,60,3,710,2016/03/10,東春近小学校教員赤化事件後の学童意識調査結果,北原　昌弘,26,
伊那路,60,3,710,2016/03/10,短歌　破袋大黒柱鬼の首（13）,野溝　直人,31,
伊那路,60,3,710,2016/03/10,『芸人と俳人』を読む　又吉直樹・堀本裕樹対談,矢島　太郎,32,
伊那路,60,3,710,2016/03/10,日本の子育て（23）子煩悩,大槻　武治,36,
伊那路,60,3,710,2016/03/10,【文化短信】学童疎開の碑,氣賀澤　厚典,37,
伊那路,60,3,710,2016/03/10,【古文書の窓】（125）維新の余波,松澤　英太郎,38,
伊那路,60,3,710,2016/03/10,【高山の植物】（39）チシマアマナ　南アルプスで見かけた植物（26）,田中　茂,表紙2,
伊那路,60,3,710,2016/03/10,【おとぎ絵姿花彩帖】（21）,橋爪　まんぷ,表紙3,
伊那路,60,2,709,2016/02/10,「第16回上伊那郷土研究交流の集い」報告,伊藤　修,1,上伊那郷土研究交流の集い特集号
伊那路,60,2,709,2016/02/10,辰野町小野の歴史と石造物,辰野町石造物調査会,2,上伊那郷土研究交流の集い特集号
伊那路,60,2,709,2016/02/10,小野という地域から学ぶ,福澤　浩之,21,上伊那郷土研究交流の集い特集号
伊那路,60,2,709,2016/02/10,古田晃記念館見学記　渋川驍著『柴笛』の血染め原稿との巡り合い,伊藤　一夫,25,上伊那郷土研究交流の集い特集号
伊那路,60,2,709,2016/02/10,「ものの見えたるひかり」寸感の連想,唐木　達雄,28,上伊那郷土研究交流の集い特集号
伊那路,60,2,709,2016/02/10,上伊那郷土研究交流の集いに参加して,赤坂　文隆,31,上伊那郷土研究交流の集い特集号
伊那路,60,2,709,2016/02/10,「夜明け前」,松澤　英太郎,33,上伊那郷土研究交流の集い特集号
伊那路,60,2,709,2016/02/10,高遠町歴史博物館　秋季特別展「戦争の残影」を終えて,林　洋一,34,上伊那郷土研究交流の集い特集号
伊那路,60,2,709,2016/02/10,【高山の植物】（38）ハクセンナズナ　南アルプスで見かけた植物（25）,田中　茂,表紙2,上伊那郷土研究交流の集い特集号
伊那路,60,2,709,2016/02/10,【おとぎ絵姿花彩帖】（20）,橋爪　まんぷ,表紙3,上伊那郷土研究交流の集い特集号
伊那路,60,1,708,2016/01/10,講演「乱世の井月」,宮坂　静生,1,井月特集号
伊那路,60,1,708,2016/01/10,2015年の井月発見句,矢島　太郎,20,井月特集号
伊那路,60,1,708,2016/01/10,慶応2年在大坂　高遠藩兵の足跡を求めて　「祖父の昔語り」より,瀧澤　秀人,24,井月特集号
伊那路,60,1,708,2016/01/10,【おとぎ絵姿花彩帖】（19）,橋爪　まんぷ,表紙3,井月特集号
伊那路,59,12,707,2015/12/10,長野県南信工科短期大学校の開校が間近　平成28年4月開校・県内2番目,山口　通之,1,
伊那路,59,12,707,2015/12/10,諏訪の御柱考（2）陰陽五行思想から謎を解く,田中　清文,7,
伊那路,59,12,707,2015/12/10,「嗚呼痛恨満州開拓の詞」に長藤村が入っていない,伊東　忠康,18,
伊那路,59,12,707,2015/12/10,短歌　破袋大黒柱鬼の首（12）,野溝　直人,21,
伊那路,59,12,707,2015/12/10,高遠藩大手門坂「決闘事件」の真相と後日譚,北原　昌弘,22,
伊那路,59,12,707,2015/12/10,橋本俊明著『正岡子規直門桃澤茂春実暦』感想文,竹入　弘元,27,
伊那路,59,12,707,2015/12/10,伊那を訪れたノーベル賞作家,小牧　崇,29,
伊那路,59,12,707,2015/12/10,日本の子育て（22）黒子,大槻　武治,32,
伊那路,59,12,707,2015/12/10,【文化短信】伊那西地区総合展「体験交流学習　ミニ講座」,大日野　昭美,33,
伊那路,59,12,707,2015/12/10,【高山の植物】（37）シナノショウキラン　南アルプスで見かけた植物（24）,田中　茂,表紙2,
伊那路,59,12,707,2015/12/10,【おとぎ絵姿花彩帖】（18）,橋爪　まんぷ,表紙3,
伊那路,59,11,706,2015/11/10,諏訪の御柱考（1）陰陽五行思想から謎を解く,田中　清文,1,文化・民俗特集号
伊那路,59,11,706,2015/11/10,伊那御柱の昔,三浦　孝美,12,文化・民俗特集号
伊那路,59,11,706,2015/11/10,今泉のお薬師様とイチョウの樹,中崎　隆生,23,文化・民俗特集号
伊那路,59,11,706,2015/11/10,短歌　破袋大黒柱鬼の首（11）,野溝　直人,29,文化・民俗特集号
伊那路,59,11,706,2015/11/10,伊那市内の埋蔵文化財破壊の経過　太平洋戦争終戦後,飯塚　政美,30,文化・民俗特集号
伊那路,59,11,706,2015/11/10,『俳人井月　幕末維新　風狂に死す』感想文,竹入　弘元,36,文化・民俗特集号
伊那路,59,11,706,2015/11/10,【文化短信】冬の使者・コハクチョウ,吉田　保晴,38,文化・民俗特集号
伊那路,59,11,706,2015/11/10,日本の子育て（21）自治,大槻　武治,39,文化・民俗特集号
伊那路,59,11,706,2015/11/10,【高山の植物】（36）アリドオシラン　南アルプスで見かけた植物（23）,田中　茂,表紙2,文化・民俗特集号
伊那路,59,11,706,2015/11/10,【おとぎ絵姿花彩帖】（17）,橋爪　まんぷ,表紙3,文化・民俗特集号
伊那路,59,10,705,2015/10/10,［第40回上伊那歴史研究会県外実地踏査報告］終戦70年、疎開と上伊那とのつながりを探る　実地踏査の概要,渡辺　弘行,1,戦後70年特集号（3）
伊那路,59,10,705,2015/10/10,［第40回上伊那歴史研究会県外実地踏査報告］終戦70年、疎開と上伊那とのつながりを探る　東京大空襲・戦災資料センター訪問,杉田　純治,4,戦後70年特集号（3）
伊那路,59,10,705,2015/10/10,［第40回上伊那歴史研究会県外実地踏査報告］終戦70年、疎開と上伊那とのつながりを探る　明治大学平和教育登戸研究所資料館,田村　栄作,9,戦後70年特集号（3）
伊那路,59,10,705,2015/10/10,［第40回上伊那歴史研究会県外実地踏査報告］終戦70年、疎開と上伊那とのつながりを探る　登戸研究所から見えてきた研究者・技術者たちの姿,福澤　浩之,13,戦後70年特集号（3）
伊那路,59,10,705,2015/10/10,［第40回上伊那歴史研究会県外実地踏査報告］終戦70年、疎開と上伊那とのつながりを探る　「絶対国防圏」の崩壊と海軍司令部,高木　幸伸,16,戦後70年特集号（3）
伊那路,59,10,705,2015/10/10,［第40回上伊那歴史研究会県外実地踏査報告］終戦70年、疎開と上伊那とのつながりを探る　学童疎開と上伊那,内藤　りつ子,20,戦後70年特集号（3）
伊那路,59,10,705,2015/10/10,［第40回上伊那歴史研究会県外実地踏査報告］終戦70年、疎開と上伊那とのつながりを探る　戦後70年、私の夏,田畑　静夫,24,戦後70年特集号（3）
伊那路,59,10,705,2015/10/10,［第40回上伊那歴史研究会県外実地踏査報告］終戦70年、疎開と上伊那とのつながりを探る　伊那飛行場に存在した建物の戦後利用について,河野　景,26,戦後70年特集号（3）
伊那路,59,10,705,2015/10/10,［第40回上伊那歴史研究会県外実地踏査報告］終戦70年、疎開と上伊那とのつながりを探る　再開した上伊那高校生平和ゼミナールの活動,北原　恵美,28,戦後70年特集号（3）
伊那路,59,10,705,2015/10/10,［第40回上伊那歴史研究会県外実地踏査報告］終戦70年、疎開と上伊那とのつながりを探る　学童疎開の苦難の歴史を語り継ぐために　東京都二子玉川国民学校の記録から,桂川　雅信,31,戦後70年特集号（3）
伊那路,59,10,705,2015/10/10,［第40回上伊那歴史研究会県外実地踏査報告］終戦70年、疎開と上伊那とのつながりを探る　「望郷の鐘」上映会の取り組み,荒　惠子,43,戦後70年特集号（3）
伊那路,59,10,705,2015/10/10,【古文書の窓】（124）新町村、村名の改名を願う,三浦　孝美,46,戦後70年特集号（3）
伊那路,59,10,705,2015/10/10,【高山の植物】（35）シャクジョウソウ　南アルプスで見かけた植物（22）,田中　茂,表紙2,戦後70年特集号（3）
伊那路,59,10,705,2015/10/10,【おとぎ絵姿花彩帖】（16）,橋爪　まんぷ,表紙3,戦後70年特集号（3）
伊那路,59,9,704,2015/09/10,上伊那の満蒙開拓青少年義勇軍はどのように送り出されたか？,矢澤　静二,1,戦後70年特集号（2）
伊那路,59,9,704,2015/09/10,満州引き揚げの記憶,清水　満,16,戦後70年特集号（2）
伊那路,59,9,704,2015/09/10,戦争と私,松井　君子,22,戦後70年特集号（2）
伊那路,59,9,704,2015/09/10,幼児と大東亜戦争,畑　義治,25,戦後70年特集号（2）
伊那路,59,9,704,2015/09/10,伊那市内の招魂碑と忠魂碑について,飯塚　政美,31,戦後70年特集号（2）
伊那路,59,9,704,2015/09/10,【文化短信】みんなの森の歩く道（大芝公園森林セラピーロード）,山本　勝,38,戦後70年特集号（2）
伊那路,59,9,704,2015/09/10,【高山の植物】（34）オヤマノエンドウ　南アルプスで見かけた植物（21）,田中　茂,表紙2,戦後70年特集号（2）
伊那路,59,9,704,2015/09/10,【おとぎ絵姿花彩帖】（15）,橋爪　まんぷ,表紙3,戦後70年特集号（2）
伊那路,59,8,703,2015/08/10,戦後の南向村　戦時色一掃と進駐軍,伊藤　修,1,戦後70年特集号（1）
伊那路,59,8,703,2015/08/10,中川西小学校に残る「学校日誌の集団疎開記録」と「天狗久人形」によせて,大場　茂明,12,戦後70年特集号（1）
伊那路,59,8,703,2015/08/10,地区唯一の被爆者「救援被爆」聞き取り記,北原　昌弘,22,戦後70年特集号（1）
伊那路,59,8,703,2015/08/10,短歌　破袋大黒柱鬼の首（10）,野溝　直人,26,戦後70年特集号（1）
伊那路,59,8,703,2015/08/10,終戦前後の飯田線の女性職員　戦争で翻弄された飯田線,小林　哲,27,戦後70年特集号（1）
伊那路,59,8,703,2015/08/10,撫順,小松　巌,31,戦後70年特集号（1）
伊那路,59,8,703,2015/08/10,【古文書の窓】（123）行き倒れ死人に付きお届け,下平　すみ子,36,戦後70年特集号（1）
伊那路,59,8,703,2015/08/10,日本の子育て（20）十人十色,大槻　武治,38,戦後70年特集号（1）
伊那路,59,8,703,2015/08/10,【高山の植物】（33）チョウジコメツツジ　南アルプスで見かけた植物（20）,田中　茂,表紙2,戦後70年特集号（1）
伊那路,59,8,703,2015/08/10,【おとぎ絵姿花彩帖】（14）,橋爪　まんぷ,表紙3,戦後70年特集号（1）
伊那路,59,7,702,2015/07/10,伝承の「馬鹿殿」とは誰か　高遠藩における鳥居氏の苛政,牧田　豊,1,
伊那路,59,7,702,2015/07/10,フランス、ドイツ海外講演　俳人井月　放浪の系譜に見る,北村　皆雄,14,
伊那路,59,7,702,2015/07/10,特別講演　パリ日本文化会館での映画『ほかいびと』上映に寄せて　井上井月における「挨拶」と「諷詠」,堀切　克洋,20,
伊那路,59,7,702,2015/07/10,ひとつの小さな土器をめぐって　辰野町平出山の神遺跡と周辺（覚書）,赤羽　義洋,24,
伊那路,59,7,702,2015/07/10,中山道よもやま話　歴史エッセイ編（5）木曽路の石仏,宮下　明子,28,
伊那路,59,7,702,2015/07/10,日本の子育て（19）鐘の鳴る丘,大槻　武治,32,
伊那路,59,7,702,2015/07/10,南箕輪に残る富士塚,松澤　英太郎,33,
伊那路,59,7,702,2015/07/10,【文化短信】『終戦から七十年　平和への誓い　中川村に残る兵事資料』,松村　正明,36,
伊那路,59,7,702,2015/07/10,短歌　破袋大黒柱鬼の首（9）,野溝　直人,40,
伊那路,59,7,702,2015/07/10,【高山の植物】（32）タカネバラ　南アルプスで見かけた植物（19）,田中　茂,表紙2,
伊那路,59,7,702,2015/07/10,【おとぎ絵姿花彩帖】（13）,橋爪　まんぷ,表紙3,
伊那路,59,6,701,2015/06/10,「笠原紙」を想う　伊那谷も和紙の里,北村　健治,1,自然特集号
伊那路,59,6,701,2015/06/10,上伊那で見られる中央構造線,北澤　夏樹,8,自然特集号
伊那路,59,6,701,2015/06/10,伊那谷のキセキレイ　民俗の窓を通して（24）,吉田　保晴,19,自然特集号
伊那路,59,6,701,2015/06/10,信州浅間岳焼一件,竹入　弘元,28,自然特集号
伊那路,59,6,701,2015/06/10,短歌　破袋大黒柱鬼の首（8）,野溝　直人,31,自然特集号
伊那路,59,6,701,2015/06/10,景観行政団体移行に伴う景観計画区域について　主に長野県内の事例に見る特徴,山口　通之,32,自然特集号
伊那路,59,6,701,2015/06/10,日本の子育て（18）少年よ、大志を抱け、老人の私のように,大槻　武治,38,自然特集号
伊那路,59,6,701,2015/06/10,中山道よもやま話　歴史エッセイ編（4）和田峠　警官殉職事件,宮下　明子,39,自然特集号
伊那路,59,6,701,2015/06/10,【高山の植物】（31）テガタチドリ　南アルプスで見かけた植物（18）,田中　茂,表紙2,自然特集号
伊那路,59,6,701,2015/06/10,【おとぎ絵姿花彩帖】（12）,橋爪　まんぷ,表紙3,自然特集号
伊那路,59,5,700,2015/05/10,『伊那路』700号の発行に当たって,上伊那郷土研究会,1,
伊那路,59,5,700,2015/05/10,近代への夜明けを求めた「平田派」の躍動　伊那・中津川を結ぶ岡村菊叟の書簡,久保田　誼,2,
伊那路,59,5,700,2015/05/10,岡村菊叟から中津川　市岡殷政への書簡　幕末・維新期、高遠藩の動向が見えてきた,池上　昭,10,
伊那路,59,5,700,2015/05/10,中山道よもやま話　歴史エッセイ編（3）水戸浪士の墓,宮下　明子,25,
伊那路,59,5,700,2015/05/10,井上井月顕彰会前会長　堀内功氏のご逝去を悼む,伊藤　一夫,28,
伊那路,59,5,700,2015/05/10,弔辞　井上井月顕彰会会長　堀内功さんへ,北村　皆雄,29,
伊那路,59,5,700,2015/05/10,伊藤伊那男著『漂泊の俳人井上井月』感想,竹入　弘元,32,
伊那路,59,5,700,2015/05/10,短歌　破袋大黒柱鬼の首（7）,野溝　直人,33,
伊那路,59,5,700,2015/05/10,伊澤修二宛ての書状の主は伊藤博文か,北原　昌弘,34,
伊那路,59,5,700,2015/05/10,【古文書の窓】（122）新四国霊場建立のための勧進帳趣意書,松澤　英太郎,38,
伊那路,59,5,700,2015/05/10,【高山の植物】（30）コケモモ　南アルプスで見かけた植物（17）,田中　茂,表紙2,
伊那路,59,5,700,2015/05/10,【おとぎ絵姿花彩帖】（11）,橋爪　まんぷ,表紙3,
伊那路,59,4,699,2015/04/10,伊那電気鉄道の各種事故を検証,小林　哲,1,
伊那路,59,4,699,2015/04/10,旧跡古町八幡社の跡を訪ねて,山岸　貢,12,
伊那路,59,4,699,2015/04/10,2014年の井月発見,矢島　太郎,16,
伊那路,59,4,699,2015/04/10,伊那史壇の思い出,矢澤　喬治,18,
伊那路,59,4,699,2015/04/10,『伊那路』総目次データベースをご活用ください,平賀　研也,20,
伊那路,59,4,699,2015/04/10,まぼろしの上伊那郡「春富町」,北原　昌弘,22,
伊那路,59,4,699,2015/04/10,「高藩探勝」の制作　命じた藩主は果たして頼卿公か,伊藤　敦,27,
伊那路,59,4,699,2015/04/10,今年の県内を中心とした御開帳　仲仙寺御開帳と関連行事を中心に,山口　通之,31,
伊那路,59,4,699,2015/04/10,伊那谷の鷹狩り　民俗の窓を通して（23）,吉田　保晴,35,
伊那路,59,4,699,2015/04/10,【文化短信】中川村公民館が全国優秀公民館に,氣賀澤　厚典,39,
伊那路,59,4,699,2015/04/10,【高山の植物】（29）アオノツガザクラ　南アルプスで見かけた植物（16）,田中　茂,表紙2,
伊那路,59,4,699,2015/04/10,【おとぎ絵姿花彩帖】（10）,橋爪　まんぷ,表紙3,
伊那路,59,3,698,2015/03/10,宮澤賢治の心友である詩人「緑石」の辰野における創作について,小林　辰興,1,
伊那路,59,3,698,2015/03/10,わらべ歌に使われている音について,竹渕　修二,19,
伊那路,59,3,698,2015/03/10,神社総代一年の仕事　箕輪南宮神社の場合,山本　勝,24,
伊那路,59,3,698,2015/03/10,思い出の人・思い出の事（19）参道の確認調査で発見された西岸寺梵鐘鋳造遺跡,桃澤　匡行,33,
伊那路,59,3,698,2015/03/10,日本の子育て（17）ふるさと,大槻　武治,36,
伊那路,59,3,698,2015/03/10,【文化短信】春まつり　ひな祭り,赤羽　義洋,37,
伊那路,59,3,698,2015/03/10,【古文書の窓】（121）「御射山社碑」碑陰文,松澤　英太郎,38,
伊那路,59,3,698,2015/03/10,【高山の植物】（28）タカネナデシコ　南アルプスで見かけた植物（15）,田中　茂,表紙2,
伊那路,59,3,698,2015/03/10,【おとぎ絵姿花彩帖】（9）,橋爪　まんぷ,表紙3,
伊那路,59,2,697,2015/02/10,伊那市創造館の活動を通して見えた南アルプスジオパークの魅力,濵　慎一,1,上伊那郷土研究交流の集い特集号
伊那路,59,2,697,2015/02/10,重要文化財「熱田神社本殿」見学記,三浦　孝美,14,上伊那郷土研究交流の集い特集号
伊那路,59,2,697,2015/02/10,「上伊那郷土研究交流の集い」に参加して,丸田　晃,18,上伊那郷土研究交流の集い特集号
伊那路,59,2,697,2015/02/10,「上伊那郷土研究交流の集い」に参加して,松村　正明,19,上伊那郷土研究交流の集い特集号
伊那路,59,2,697,2015/02/10,引持（ひきじ）の「ことはじめの念仏」,中崎　隆生,21,上伊那郷土研究交流の集い特集号
伊那路,59,2,697,2015/02/10,思い出の人・思い出の事（18）正岡子規の妹　律から礼状をもらった俳人　知久星斗,桃澤　匡行,27,上伊那郷土研究交流の集い特集号
伊那路,59,2,697,2015/02/10,短歌　破袋大黒柱鬼の首（6）,野溝　直人,30,上伊那郷土研究交流の集い特集号
伊那路,59,2,697,2015/02/10,伊那谷の亜高山の鳥　民俗の窓を通して（22）,吉田　保晴,31,上伊那郷土研究交流の集い特集号
伊那路,59,2,697,2015/02/10,日本の子育て（16）なぜ？,大槻　武治,35,上伊那郷土研究交流の集い特集号
伊那路,59,2,697,2015/02/10,【古文書の窓】（120）庚申塔建て替えについての定め,清水　満,36,上伊那郷土研究交流の集い特集号
伊那路,59,2,697,2015/02/10,【考古あれこれ】（27）縄文中期の焼畑農耕を考える,田中　清文,38,上伊那郷土研究交流の集い特集号
伊那路,59,2,697,2015/02/10,【高山の植物】（27）キバナシャクナゲ　南アルプスで見かけた植物（14）,田中　茂,表紙2,上伊那郷土研究交流の集い特集号
伊那路,59,2,697,2015/02/10,【おとぎ絵姿花彩帖】（8）,橋爪　まんぷ,表紙3,上伊那郷土研究交流の集い特集号
伊那路,59,1,696,2015/01/10,講演「放浪の系譜を継ぐもの　惟然・井月・山頭火・放哉」,石　寒太,1,井月特集号
伊那路,59,1,696,2015/01/10,井月詠新発見句　美篶井月会50周年の成果,矢島　太郎,19,井月特集号
伊那路,59,1,696,2015/01/10,井月句碑を巡る,嶋田　白蓮坊,32,井月特集号
伊那路,59,1,696,2015/01/10,江戸に出た兄弟が商人として成功した記録（2）,松澤　努,38,井月特集号
伊那路,59,1,696,2015/01/10,日本の子育て（15）人生設計,大槻　武治,46,井月特集号
伊那路,59,1,696,2015/01/10,【文化短信】伊那谷唯一の銭湯,矢澤　静二,47,井月特集号
伊那路,59,1,696,2015/01/10,【おとぎ絵姿花彩帖】（7）,橋爪　まんぷ,表紙3,井月特集号
伊那路,58,12,695,2014/12/10,［第39回上伊那歴史研究会県外実地踏査報告］愛知県三河と上伊那とのつながりを探る　愛知県への旅,田村　栄作,1,広域特集号
伊那路,58,12,695,2014/12/10,［第39回上伊那歴史研究会県外実地踏査報告］愛知県三河と上伊那とのつながりを探る　中馬の一大中継地「足助」,福澤　浩之,4,広域特集号
伊那路,58,12,695,2014/12/10,［第39回上伊那歴史研究会県外実地踏査報告］愛知県三河と上伊那とのつながりを探る　塩の道を訪ねて,氣賀澤　厚典,7,広域特集号
伊那路,58,12,695,2014/12/10,［第39回上伊那歴史研究会県外実地踏査報告］愛知県三河と上伊那とのつながりを探る　伝建制度を生かした街並み保存が進む足助,渡辺　弘行,9,広域特集号
伊那路,58,12,695,2014/12/10,［第39回上伊那歴史研究会県外実地踏査報告］愛知県三河と上伊那とのつながりを探る　吉良上野介義央公菩提寺華蔵寺訪問と「理鏡さま」のこと,矢島　信之,12,広域特集号
伊那路,58,12,695,2014/12/10,［第39回上伊那歴史研究会県外実地踏査報告］愛知県三河と上伊那とのつながりを探る　吉良歴史民俗資料館,内藤　りつ子,15,広域特集号
伊那路,58,12,695,2014/12/10,［第39回上伊那歴史研究会県外実地踏査報告］愛知県三河と上伊那とのつながりを探る　水戸浪士の足跡を中津川に訪ねて,新井　幸徳,18,広域特集号
伊那路,58,12,695,2014/12/10,［第39回上伊那歴史研究会県外実地踏査報告］愛知県三河と上伊那とのつながりを探る　県外実地踏査に初めて参加して,春日　幸人,21,広域特集号
伊那路,58,12,695,2014/12/10,［第39回上伊那歴史研究会県外実地踏査報告］愛知県三河と上伊那とのつながりを探る　旅の雑感・道に思うこと,竹若　康雄,23,広域特集号
伊那路,58,12,695,2014/12/10,江戸に出た兄弟が商人として成功した記録（1）,松澤　努,25,広域特集号
伊那路,58,12,695,2014/12/10,絵島の墓を発見した田山花袋は高遠へ泊まったのか？,北原　昌弘,36,広域特集号
伊那路,58,12,695,2014/12/10,中山道よもやま話　歴史エッセイ編（2）三留野宿　天才相場師・電力王　福沢桃介,宮下　明子,39,広域特集号
伊那路,58,12,695,2014/12/10,日本の子育て（14）嘘つきは泥棒の始まり,大槻　武治,41,広域特集号
伊那路,58,12,695,2014/12/10,【高山の植物】（26）西駒ケ岳のコマクサ,田中　茂,表紙2,広域特集号
伊那路,58,12,695,2014/12/10,【おとぎ絵姿花彩帖】（6）,橋爪　まんぷ,表紙3,広域特集号
伊那路,58,11,694,2014/11/10,柿木憲二先生の面影と歩まれた道,,1,柿木憲二先生追悼号
伊那路,58,11,694,2014/11/10,柿木憲二先生『伊那路』寄稿録,『伊那路』編集部,2,柿木憲二先生追悼号
伊那路,58,11,694,2014/11/10,弔辞　大きかった『伊那路』発展へのご功績,池上　正直,4,柿木憲二先生追悼号
伊那路,58,11,694,2014/11/10,弔辞　仏教文化探究へのお導きに感謝,横田　良巳,5,柿木憲二先生追悼号
伊那路,58,11,694,2014/11/10,弔辞　仏教美術の世界へいざなってくださったご恩,高地　房子,7,柿木憲二先生追悼号
伊那路,58,11,694,2014/11/10,弔辞　高校生以来のご恩に感謝,気賀澤　徳義,10,柿木憲二先生追悼号
伊那路,58,11,694,2014/11/10,追悼句,春日愚　良子,11,柿木憲二先生追悼号
伊那路,58,11,694,2014/11/10,追悼文　柿木憲二さん追悼,竹入　弘元,12,柿木憲二先生追悼号
伊那路,58,11,694,2014/11/10,追悼文　同僚として、師として,六波羅　美代,13,柿木憲二先生追悼号
伊那路,58,11,694,2014/11/10,追悼文　「柿さ」のこと,小池　确,14,柿木憲二先生追悼号
伊那路,58,11,694,2014/11/10,追悼文　郷土史に踏み込んだ憲二君,矢島　太郎,15,柿木憲二先生追悼号
伊那路,58,11,694,2014/11/10,追悼文　柿木先生・柿木さん・ケンチャ,安川　博,17,柿木憲二先生追悼号
伊那路,58,11,694,2014/11/10,追悼文　柿木先生を偲んで,杉浦　積,18,柿木憲二先生追悼号
伊那路,58,11,694,2014/11/10,追悼文　恩師柿木憲二先生を偲んで,武田　幸作,20,柿木憲二先生追悼号
伊那路,58,11,694,2014/11/10,追悼文　邂逅記,柳澤　次夫,22,柿木憲二先生追悼号
伊那路,58,11,694,2014/11/10,青き日々の夢の儘　父憲二のこと,柿木　英人,23,柿木憲二先生追悼号
伊那路,58,11,694,2014/11/10,諏訪神社に関連する歴史的変遷,飯塚　政美,26,柿木憲二先生追悼号
伊那路,58,11,694,2014/11/10,日本の子育て（13）いろはかるた,大槻　武治,33,柿木憲二先生追悼号
伊那路,58,11,694,2014/11/10,思い出の人・思い出の事（17）山田邦夫氏,桃澤　匡行,34,柿木憲二先生追悼号
伊那路,58,11,694,2014/11/10,【文化短信】「西箕輪ぬくもり館」に薪ストーブ,山口　通之,36,柿木憲二先生追悼号
伊那路,58,11,694,2014/11/10,【古文書の窓】（119）久保村（現南箕輪村久保区）にも「御柱祭」があった？,松澤　英太郎,38,柿木憲二先生追悼号
伊那路,58,11,694,2014/11/10,【高山の植物】（25）オンタデ　南アルプスで見かけた植物（13）,田中　茂,表紙2,柿木憲二先生追悼号
伊那路,58,11,694,2014/11/10,【おとぎ絵姿花彩帖】（5）,橋爪　まんぷ,表紙3,柿木憲二先生追悼号
伊那路,58,10,693,2014/10/10,「奉納成田山不動明王」木札について,中川村歴史民俗資料館,1,民俗特集号
伊那路,58,10,693,2014/10/10,上伊那茅葺き民家の現状と展望　「昭和調査」と「平成調査」との比較分析を基に,矢澤　静二,14,民俗特集号
伊那路,58,10,693,2014/10/10,「体のいい村八分」で由緒ある隣組名が消えた,北原　昌弘,29,民俗特集号
伊那路,58,10,693,2014/10/10,明治中期の天竜川通船広告,松澤　英太郎,33,民俗特集号
伊那路,58,10,693,2014/10/10,日本の子育て（12）蛙の子は蛙,大槻　武治,37,民俗特集号
伊那路,58,10,693,2014/10/10,思い出の人・思い出の事（16）布施他人夫氏,桃澤　匡行,38,民俗特集号
伊那路,58,10,693,2014/10/10,【高山の植物】（24）ヒメカラマツ　南アルプスで見かけた植物（12）,田中　茂,表紙2,民俗特集号
伊那路,58,10,693,2014/10/10,【おとぎ絵姿花彩帖】（4）,橋爪　まんぷ,表紙3,民俗特集号
伊那路,58,9,692,2014/09/10,日本ジオパーク南アルプス大会に寄せて,春日　博実,1,自然と人間との関わり特集号
伊那路,58,9,692,2014/09/10,南アルプス（中央構造線エリア）ジオパークガイドの取り組み,小松　千里,10,自然と人間との関わり特集号
伊那路,58,9,692,2014/09/10,中央構造線と並行する構造線の考察,春日　宗夫,13,自然と人間との関わり特集号
伊那路,58,9,692,2014/09/10,伊那谷のイヌワシ　民俗の窓を通して（21）,吉田　保晴,15,自然と人間との関わり特集号
伊那路,58,9,692,2014/09/10,思沢川にゲンジボタルを復活,森上　信勝,20,自然と人間との関わり特集号
伊那路,58,9,692,2014/09/10,大正の遭難　平成の遭難,唐木　勉,25,自然と人間との関わり特集号
伊那路,58,9,692,2014/09/10,思い出の人・思い出の事（15）中川一政画伯,桃澤　匡行,30,自然と人間との関わり特集号
伊那路,58,9,692,2014/09/10,中山道よもやま話　歴史エッセイ編（1）下諏訪宿　和宮諏訪御通行,宮下　明子,32,自然と人間との関わり特集号
伊那路,58,9,692,2014/09/10,出雲大社千家国磨宮司様との思い出,飯島　紘,34,自然と人間との関わり特集号
伊那路,58,9,692,2014/09/10,日本の子育て（11）寒くひもじく育てよ,大槻　武治,36,自然と人間との関わり特集号
伊那路,58,9,692,2014/09/10,【文化短信】奈良県薬師寺東塔の瓦,氣賀澤　厚典,37,自然と人間との関わり特集号
伊那路,58,9,692,2014/09/10,【考古あれこれ】（26）中島淑雄さんと考古学,伊藤　修,38,自然と人間との関わり特集号
伊那路,58,9,692,2014/09/10,【高山の植物】（23）ムカゴユキノシタ　南アルプスで見かけた植物（11）,田中　茂,表紙2,自然と人間との関わり特集号
伊那路,58,9,692,2014/09/10,【おとぎ絵姿花彩帖】（3）,橋爪　まんぷ,表紙3,自然と人間との関わり特集号
伊那路,58,8,691,2014/08/10,満蒙開拓、青少年義勇軍を題材にする二つの記念館、資料館,池上　昭,1,終戦特集号
伊那路,58,8,691,2014/08/10,満蒙開拓計画と勤労奉仕隊結成について,城倉　肇,10,終戦特集号
伊那路,58,8,691,2014/08/10,陸軍登戸研究所の疎開文書について,木下　健蔵,13,終戦特集号
伊那路,58,8,691,2014/08/10,太平洋戦争当時の児童作文,,18,終戦特集号
伊那路,58,8,691,2014/08/10,学童の集団疎開　東京市世田谷区中里国民学校元疎開児童の疎開地再訪,宮原　達明,19,終戦特集号
伊那路,58,8,691,2014/08/10,疎開学童の受け入れと私の終戦,北原　昌弘,30,終戦特集号
伊那路,58,8,691,2014/08/10,太平洋戦争終戦当日の記録,,34,終戦特集号
伊那路,58,8,691,2014/08/10,上農寮へ講堂「清心寮」を寄贈した塩澤幸一海軍大将について,矢澤　喬治,35,終戦特集号
伊那路,58,8,691,2014/08/10,【文化短信】残したい天竜川の湖地名,三浦　孝美,37,終戦特集号
伊那路,58,8,691,2014/08/10,【古文書の窓】（118）貞享年間の片桐6カ村の山の口の定め,下平　すみ子,38,終戦特集号
伊那路,58,8,691,2014/08/10,【高山の植物】（22）ミヤマウイキョウ　南アルプスで見かけた植物（10）,田中　茂,表紙2,終戦特集号
伊那路,58,8,691,2014/08/10,【おとぎ絵姿花彩帖】（2）,橋爪　まんぷ,表紙3,終戦特集号
伊那路,58,7,690,2014/07/10,東京での「第1回井月忌の集い」報告,伊藤　伊那男・大野田　好記,1,井月特集号
伊那路,58,7,690,2014/07/10,「第1回井月忌の集い」に参加して,市川　和雄,7,井月特集号
伊那路,58,7,690,2014/07/10,講演「『井月編俳諧三部集』発刊と井月研究の動向」,竹入　弘元,10,井月特集号
伊那路,58,7,690,2014/07/10,シンポジウム「井月探究、新たな視点」記録抄,北村　皆雄・今泉　恂之介・北野　直衛・竹入　弘元,19,井月特集号
伊那路,58,7,690,2014/07/10,中川村片桐「天の中川」橋　命名の由来考　その歴史的背景と意義,田中　清文,29,井月特集号
伊那路,58,7,690,2014/07/10,思い出の人・思い出の事（14）桃澤夢宅歌碑の建立　西岸寺境内,桃澤　匡行,41,井月特集号
伊那路,58,7,690,2014/07/10,伊那谷のオオヨシキリ　民俗の窓を通して（20）,吉田　保晴,43,井月特集号
伊那路,58,7,690,2014/07/10,【考古あれこれ】（25）地元へ帰った中央道路線内の出土品,赤羽　義洋,46,井月特集号
伊那路,58,7,690,2014/07/10,【高山の植物】（21）イワオウギ　南アルプスで見かけた植物（9）,田中　茂,表紙2,井月特集号
伊那路,58,7,690,2014/07/10,【おとぎ絵姿花彩帖】（1）,橋爪　まんぷ,表紙3,井月特集号
伊那路,58,6,689,2014/06/10,阪本天山勒銘石記念碑と小出の人々,唐木　勉,1,
伊那路,58,6,689,2014/06/10,東春近村、大正時代の2人の政治家「野溝伝一郎」と「戸田由美」,北原　昌弘,7,
伊那路,58,6,689,2014/06/10,大正期の南アルプス自然調査記録を読んで（2）赤石山系植物実地踏査の日録を中心に,春日　博人,14,
伊那路,58,6,689,2014/06/10,上伊那のえびす講　辰野町宮木地区の代参を中心に,北原　利雄,27,
伊那路,58,6,689,2014/06/10,【古文書の窓】（117）「御廻状写帳」から　高札と江戸回米,三浦　孝美,38,
伊那路,58,6,689,2014/06/10,日本の子育て（10）子どもの喧嘩に親が出る,大槻　武治,40,
伊那路,58,6,689,2014/06/10,【高山の植物】（20）レイジンソウ　南アルプスで見かけた植物（8）,田中　茂,表紙2,
伊那路,58,5,688,2014/05/10,南アルプス国立公園指定50周年に寄せて,春日　博実,1,南アルプス国立公園50周年記念特集号
伊那路,58,5,688,2014/05/10,南アルプスが国立公園となるまでの経緯,矢澤　静二,9,南アルプス国立公園50周年記念特集号
伊那路,58,5,688,2014/05/10,大正期の南アルプス自然調査記録を読んで（1）自然研究10年の歩みを中心に,春日　博人,17,南アルプス国立公園50周年記念特集号
伊那路,58,5,688,2014/05/10,矢島忠三郎氏の東駒ケ岳登攀記を読んで,山岸　貢,25,南アルプス国立公園50周年記念特集号
伊那路,58,5,688,2014/05/10,『尊王攘夷水戸浪士始末』にもあった松島止宿の宿割り,矢澤　喬治,30,南アルプス国立公園50周年記念特集号
伊那路,58,5,688,2014/05/10,日本の子育て（9）かわいい子には旅をさせよ,大槻　武治,38,南アルプス国立公園50周年記念特集号
伊那路,58,5,688,2014/05/10,【文化短信】『蕗原拾葉』に見る南アルプスに関わる記録,伊藤　一夫,39,南アルプス国立公園50周年記念特集号
伊那路,58,5,688,2014/05/10,井月句からの子どもスケッチ（2）井月カレンダーより,太田　光子,40,南アルプス国立公園50周年記念特集号
伊那路,58,5,688,2014/05/10,【高山の植物】（19）オオヒョウタンボク　南アルプスで見かけた植物（7）,田中　茂,表紙2,南アルプス国立公園50周年記念特集号
伊那路,58,4,687,2014/04/10,伊那地域の石造物の石工たち,竹入　弘元,1,伊那の石工と石造物特集号
伊那路,58,4,687,2014/04/10,高遠石工守屋貞治の石仏　伊那市以北,清水　満,19,伊那の石工と石造物特集号
伊那路,58,4,687,2014/04/10,『伊那路』に掲載された伊那谷石工関連の論考,上伊那郷土研究会,27,伊那の石工と石造物特集号
伊那路,58,4,687,2014/04/10,高遠石工守屋家三代百年の足跡現地見学会　貞七〜孫兵衛〜そして貞治,上伊那郷土研究会,33,伊那の石工と石造物特集号
伊那路,58,4,687,2014/04/10,【文化短信】早春の妖精・カタクリ,吉田　保晴,37,伊那の石工と石造物特集号
伊那路,58,4,687,2014/04/10,【古文書の窓】（116）家出人尋出につき請書,春日　博人,38,伊那の石工と石造物特集号
伊那路,58,4,687,2014/04/10,【師匠の背中（2）より】（66）「見た」「見られた」,若林　徹男,40,伊那の石工と石造物特集号
伊那路,58,4,687,2014/04/10,【高山の植物】（18）コイチヨウラン　南アルプスで見かけた植物（6）,田中　茂,表紙2,伊那の石工と石造物特集号
伊那路,58,3,686,2014/03/10,講演「井月の内なる芭蕉」,復本　一郎,1,井月特集号
伊那路,58,3,686,2014/03/10,講演「井月をめぐる幕末の俳人たち」,今泉　恂之介,19,井月特集号
伊那路,58,3,686,2014/03/10,井月句からの子どもスケッチ　井月カレンダーより,太田　光子,28,井月特集号
伊那路,58,3,686,2014/03/10,糸魚川市での井月作品見学,矢島　太郎,30,井月特集号
伊那路,58,3,686,2014/03/10,手良の鳥宮（殿宮）と弖良公伝説,宮原　達明,32,井月特集号
伊那路,58,3,686,2014/03/10,日本の子育て（8）遊びをせんとや生まれけむ,大槻　武治,36,井月特集号
伊那路,58,3,686,2014/03/10,【文化短信】宝刀手入れ見学会,山本　勝,37,井月特集号
伊那路,58,3,686,2014/03/10,【考古あれこれ】（24）「南羽場遺跡」発見の契機,桃澤　匡行,38,井月特集号
伊那路,58,3,686,2014/03/10,【師匠の背中（2）より】（65）地名の調査で思うこと,若林　徹男,40,井月特集号
伊那路,58,3,686,2014/03/10,【高山の植物】（17）ジンヨウスイバ　南アルプスで見かけた植物（5）,田中　茂,表紙2,井月特集号
伊那路,58,2,685,2014/02/10,「下平勇日記」に見る戦時下の南向村の様子,下平　すみ子,1,上伊那郷土研究交流の集い特集号
伊那路,58,2,685,2014/02/10,短歌　破袋大黒柱鬼の首（5）,野溝　直人,13,上伊那郷土研究交流の集い特集号
伊那路,58,2,685,2014/02/10,時代を反映した青年たちの思い　中川村の青年会活動,三浦　孝美,14,上伊那郷土研究交流の集い特集号
伊那路,58,2,685,2014/02/10,「第14回上伊那郷土研究交流の集い」報告,矢澤　静二,29,上伊那郷土研究交流の集い特集号
伊那路,58,2,685,2014/02/10,「ようこそ中川へ」,松村　隆,31,上伊那郷土研究交流の集い特集号
伊那路,58,2,685,2014/02/10,「村を支えた青年会」で思うこと,宮下　明子,32,上伊那郷土研究交流の集い特集号
伊那路,58,2,685,2014/02/10,「交流の集い」に参加して,山中　文人,33,上伊那郷土研究交流の集い特集号
伊那路,58,2,685,2014/02/10,「上伊那郷土研究交流の集い」に参加して,新井　幸徳,34,上伊那郷土研究交流の集い特集号
伊那路,58,2,685,2014/02/10,日本の子育て（7）三度申し聞かせたことを守らねば打つぞ,大槻　武治,36,上伊那郷土研究交流の集い特集号
伊那路,58,2,685,2014/02/10,【文化短信】中川東小学校から移管された資料,伊藤　修,37,上伊那郷土研究交流の集い特集号
伊那路,58,2,685,2014/02/10,【古文書の窓】（115）家付き娘の出した養子証書,伊藤　一夫,38,上伊那郷土研究交流の集い特集号
伊那路,58,2,685,2014/02/10,【師匠の背中（2）より】（64）我家のカレンダー,若林　徹男,40,上伊那郷土研究交流の集い特集号
伊那路,58,2,685,2014/02/10,【高山の植物】（16）シコタンソウ　南アルプスで見かけた植物（4）,田中　茂,表紙2,上伊那郷土研究交流の集い特集号
伊那路,58,1,684,2014/01/10,「古筆要用集」から見た高遠藩の御觸書,竹松　亨,1,
伊那路,58,1,684,2014/01/10,名工伝　守屋貞治（4）守屋家石工三代100年の足跡,田中　清文,7,
伊那路,58,1,684,2014/01/10,故赤羽篤先生にささげる「『吾妻鏡』における菅冠者討伐一件の歴史的意義について」補遺（3）,赤羽　義章,19,
伊那路,58,1,684,2014/01/10,短歌　破袋大黒柱鬼の首（4）,野溝　直人,26,
伊那路,58,1,684,2014/01/10,翻刻『祖翁二百年回建碑録』明治期の伊那俳諧人が催した時雨忌の記録,竹入　弘元・翁　悦治,27,
伊那路,58,1,684,2014/01/10,【文化短信】高遠石工「守屋家三代100年の足跡」高遠地区石仏見学会,山本　勝,37,
伊那路,58,1,684,2014/01/10,【考古あれこれ】（23）若森社遺跡出土の銅錘,米山　妙子,38,
伊那路,58,1,684,2014/01/10,【師匠の背中（2）より】（63）子供の稼ぎ（薪採り）,若林　徹男,40,
伊那路,57,12,683,2013/12/10,［第38回上伊那歴史研究会県外実地踏査報告］茨城県と上伊那とのつながりを探る　実地踏査の概要,田村　栄作,1,広域特集号
伊那路,57,12,683,2013/12/10,［第38回上伊那歴史研究会県外実地踏査報告］茨城県と上伊那とのつながりを探る　水戸浪士の足跡を下仁田に訪ねて,新井　幸徳,7,広域特集号
伊那路,57,12,683,2013/12/10,［第38回上伊那歴史研究会県外実地踏査報告］茨城県と上伊那とのつながりを探る　回天神社・筑波山神社と天狗党,福澤　浩之,10,広域特集号
伊那路,57,12,683,2013/12/10,［第38回上伊那歴史研究会県外実地踏査報告］茨城県と上伊那とのつながりを探る　弘道館と水戸学,北原　利雄,13,広域特集号
伊那路,57,12,683,2013/12/10,［第38回上伊那歴史研究会県外実地踏査報告］茨城県と上伊那とのつながりを探る　満蒙開拓青少年義勇軍内原訓練所の跡を訪ねて,渡辺　弘行,15,広域特集号
伊那路,57,12,683,2013/12/10,［第38回上伊那歴史研究会県外実地踏査報告］茨城県と上伊那とのつながりを探る　県外踏査に参加して,北原　斉,18,広域特集号
伊那路,57,12,683,2013/12/10,［第38回上伊那歴史研究会県外実地踏査報告］茨城県と上伊那とのつながりを探る　大山守　大塲家　郷士屋敷,池上　和子,19,広域特集号
伊那路,57,12,683,2013/12/10,［第38回上伊那歴史研究会県外実地踏査報告］茨城県と上伊那とのつながりを探る　霞ヶ浦と水戸藩南領の関連考,池上　昭,20,広域特集号
伊那路,57,12,683,2013/12/10,［第38回上伊那歴史研究会県外実地踏査報告］茨城県と上伊那とのつながりを探る　「満蒙開拓青少年義勇軍」と「上伊那教育会」・「少年の塔」,矢澤　静二,22,広域特集号
伊那路,57,12,683,2013/12/10,名工伝　守屋貞治（3）守屋家石工三代100年の足跡,田中　清文,28,広域特集号
伊那路,57,12,683,2013/12/10,日本の子育て（6）真の私,大槻　武治,37,広域特集号
伊那路,57,12,683,2013/12/10,蓑虫（連作短歌3）,有賀　功,38,広域特集号
伊那路,57,12,683,2013/12/10,【文化短信】「ハソン」するは修繕すること,矢島　信之,39,広域特集号
伊那路,57,12,683,2013/12/10,【古文書の窓】（114）鍼治秘伝に関する「神文之事」,池上　正直,40,広域特集号
伊那路,57,12,683,2013/12/10,【師匠の背中（2）より】（62）冬ごもり,若林　徹男,42,広域特集号
伊那路,57,12,683,2013/12/10,【高山の植物】（15）ヒロハユキザサ　南アルプスで見かけた植物（3）,田中　茂,表紙2,広域特集号
伊那路,57,11,682,2013/11/10,奪われた山林　手良沢山の官有林奪回運動,宮原　達明,1,
伊那路,57,11,682,2013/11/10,名工伝　守屋貞治（2）守屋家石工三代100年の足跡,田中　清文,10,
伊那路,57,11,682,2013/11/10,小説「紫雲英の中で」,青山　榛三郎,20,
伊那路,57,11,682,2013/11/10,故赤羽篤先生にささげる「『吾妻鏡』における菅冠者討伐一件の歴史的意義について」補遺（2）,赤羽　義章,27,
伊那路,57,11,682,2013/11/10,【文化短信】長野県の大切な教育資産である「公民館」の活用・充実を,矢澤　静二,39,
伊那路,57,11,682,2013/11/10,【師匠の背中（2）より】（61）茸採り,若林　徹男,40,
伊那路,57,11,682,2013/11/10,【高山の植物】（14）タカネビランジ　南アルプスで見かけた植物（2）,田中　茂,表紙2,
伊那路,57,10,681,2013/10/10,上伊那における茅葺き民家　昭和末期の茅葺き民家調査と現状との比較考察,矢澤　静二,1,民俗特集号
伊那路,57,10,681,2013/10/10,短歌　破袋大黒柱鬼の首（3）,野溝　直人,12,民俗特集号
伊那路,57,10,681,2013/10/10,名工伝　守屋貞治（1）守屋家石工三代100年の足跡,田中　清文,13,民俗特集号
伊那路,57,10,681,2013/10/10,わらべ歌などは音階の基準に合わせて記譜したいもの　日本伝統音楽の記譜法の乱れについて,竹渕　修二,23,民俗特集号
伊那路,57,10,681,2013/10/10,年中無休で回るお灯籠様（常夜灯）,宮原　達明,32,民俗特集号
伊那路,57,10,681,2013/10/10,戦後の結婚式（お客）の思い出,北原　昌弘,35,民俗特集号
伊那路,57,10,681,2013/10/10,日本の子育て（5）三つ子の魂百まで,大槻　武治,38,民俗特集号
伊那路,57,10,681,2013/10/10,【文化短信】辰野いきものネットワーク,赤羽　義洋,39,民俗特集号
伊那路,57,10,681,2013/10/10,【師匠の背中（2）より】（60）そばの味,若林　徹男,40,民俗特集号
伊那路,57,10,681,2013/10/10,【高山の植物】（13）イチョウラン　南アルプスで見かけた植物（1）,田中　茂,表紙2,民俗特集号
伊那路,57,9,680,2013/09/10,故赤羽篤先生にささげる「『吾妻鏡』における菅冠者討伐一件の歴史的意義について」補遺（1）,赤羽　義章,1,
伊那路,57,9,680,2013/09/10,「古文書」って楽しい,酒井　巌,15,
伊那路,57,9,680,2013/09/10,郡役所常円寺仮設当時の上伊那郡政の実態,伊藤　一夫,18,
伊那路,57,9,680,2013/09/10,桃澤如水も列席した橋本雅邦の還暦祝賀会,桃澤　匡行,25,
伊那路,57,9,680,2013/09/10,親子二代　追憶の西駒ヶ岳,山岸　貢,28,
伊那路,57,9,680,2013/09/10,伊那谷のハチクマ・ツミ・ハイタカ　民俗の窓を通して（19）,吉田　保晴,33,
伊那路,57,9,680,2013/09/10,【文化短信】若者の記録　中川村青年会の会誌・機関紙,三浦　孝美,37,
伊那路,57,9,680,2013/09/10,【古文書の窓】（113）六老の図　老いる,松澤　英太郎,38,
伊那路,57,9,680,2013/09/10,【師匠の背中（2）より】（59）戦地には行けなかった師匠,若林　徹男,40,
伊那路,57,9,680,2013/09/10,【高山の植物】（12）ハクサンチドリ　中ア高山のラン,田中　茂,表紙2,
伊那路,57,8,679,2013/08/10,現伊那小学校ほか数校に中島飛行機疎開計画　児童労働で戦闘機生産遂行ねらう,久保田　誼,1,終戦特集号
伊那路,57,8,679,2013/08/10,赤穂町（現駒ヶ根市）に来た第5農耕勤務隊第9中隊,小池　金義,8,終戦特集号
伊那路,57,8,679,2013/08/10,平成24年度特別展「日中、アジア・太平洋戦争と中川村」から,中川村歴史民俗資料館,16,終戦特集号
伊那路,57,8,679,2013/08/10,リヤカーで東京南千住から引き揚げ,北原　昌弘,27,終戦特集号
伊那路,57,8,679,2013/08/10,追悼慰霊碑「在如」を拝む,矢澤　喬治,33,終戦特集号
伊那路,57,8,679,2013/08/10,伊那市創造館に眠る159冊の『写真週報』,小松　由以,35,終戦特集号
伊那路,57,8,679,2013/08/10,【考古あれこれ】（22）島崎遺跡10号住居址出土の小型深鉢群,濵　慎一,38,終戦特集号
伊那路,57,8,679,2013/08/10,【師匠の背中（2）より】（58）師匠の趣味,若林　徹男,40,終戦特集号
伊那路,57,8,679,2013/08/10,第20回信毎賞　受賞報告,,表紙2,終戦特集号
伊那路,57,7,678,2013/07/10,新潟糸魚川で見た井月の句　木村秋雨収集,北村　皆雄,1,井月特集号
伊那路,57,7,678,2013/07/10,井月像除幕式に臨んで,宮澤　宏治,7,井月特集号
伊那路,57,7,678,2013/07/10,「井月忌句会」顛末記,相子　智恵,10,井月特集号
伊那路,57,7,678,2013/07/10,「井月忌句会」を参観して　まあるくなる　座の文芸,若林　敏明,14,井月特集号
伊那路,57,7,678,2013/07/10,井月句碑その後,竹入　弘元・宮澤　宏治,15,井月特集号
伊那路,57,7,678,2013/07/10,井月と伊那について　その歴史的社会的考察,久保田　誼,24,井月特集号
伊那路,57,7,678,2013/07/10,秋葉代参円図,宮原　達明,32,井月特集号
伊那路,57,7,678,2013/07/10,日本の子育て（4）子どもは風の子,大槻　武治,35,井月特集号
伊那路,57,7,678,2013/07/10,【文化短信】切竹紋次人形再び,氣賀澤　厚典,37,井月特集号
伊那路,57,7,678,2013/07/10,【古文書の窓】（112）高遠御普請小屋休日覚,三浦　孝美,38,井月特集号
伊那路,57,7,678,2013/07/10,【師匠の背中（2）より】（57）田の草取り,若林　徹男,40,井月特集号
伊那路,57,7,678,2013/07/10,【高山の植物】（11）キンロバイ　小さなうちわのような葉と鮮やかな黄色,田中　茂,表紙2,井月特集号
伊那路,57,6,677,2013/06/10,戸台の化石保存会　25周年記念式を終えて　「戸台の化石憲章」を採択,北村　健治,1,自然と人間との関わり特集号
伊那路,57,6,677,2013/06/10,日本登山界の歴史的変化と竹澤長衛,松尾　修,8,自然と人間との関わり特集号
伊那路,57,6,677,2013/06/10,野生動物捕獲の取り組み,伊東　忠康,20,自然と人間との関わり特集号
伊那路,57,6,677,2013/06/10,伊那谷のサギの仲間　民俗の窓を通して（18）,吉田　保晴,26,自然と人間との関わり特集号
伊那路,57,6,677,2013/06/10,思い出の人・思い出の事（13）思い出深い文化財調査委員会,桃澤　匡行,34,自然と人間との関わり特集号
伊那路,57,6,677,2013/06/10,日本の子育て（3）子は親の背中を見て育つ,大槻　武治,36,自然と人間との関わり特集号
伊那路,57,6,677,2013/06/10,【文化短信】伊那市創造館に「井月展示室」開室,濵　慎一,37,自然と人間との関わり特集号
伊那路,57,6,677,2013/06/10,【考古あれこれ】（21）特殊土器の視点　イボ付カップ型土器,田中　清文,38,自然と人間との関わり特集号
伊那路,57,6,677,2013/06/10,【師匠の背中（2）より】（56）山歩き・山遊びと箸,若林　徹男,40,自然と人間との関わり特集号
伊那路,57,6,677,2013/06/10,【高山の植物】（10）信濃の名がつく大型の花,田中　茂,表紙2,自然と人間との関わり特集号
伊那路,57,5,676,2013/05/10,北の沢めがね橋の架橋　伊那谷の近代交通網整備の中で,田代　幸雄,1,
伊那路,57,5,676,2013/05/10,随筆　鶴亀不在の高砂館,安田　新,12,
伊那路,57,5,676,2013/05/10,死後の風習（魂呼び・廻り場）,宮原　達明,14,
伊那路,57,5,676,2013/05/10,戦国時代伊那市山寺の地侍・林式部の城跡,林　洋一,18,
伊那路,57,5,676,2013/05/10,赤羽篤先生と竹内仲之のこと,飯澤　文夫,29,
伊那路,57,5,676,2013/05/10,思い出の人・思い出の事（12）「澄月上人画像」里帰り展,桃澤　匡行,33,
伊那路,57,5,676,2013/05/10,日本の子育て（2）しっかり抱いてそっと地面に,大槻　武治,37,
伊那路,57,5,676,2013/05/10,【文化短信】春を告げる鳥たち,吉田　保晴,38,
伊那路,57,5,676,2013/05/10,【古文書の窓】（111）新年祝賀新暦遵守方郡長布達,伊藤　一夫,39,
伊那路,57,5,676,2013/05/10,【師匠の背中（2）より】（55）山菜狩り,若林　徹男,40,
伊那路,57,5,676,2013/05/10,【高山の植物】（9）ファンの多い人気者,田中　茂,表紙2,
伊那路,57,4,675,2013/04/10,飯田線の魅力,小林　哲,1,飯田線特集号
伊那路,57,4,675,2013/04/10,伊那町駅の開設とその周辺の賑わい,春日　博人,9,飯田線特集号
伊那路,57,4,675,2013/04/10,「鉄道っていいな」,尾崎　晃一,18,飯田線特集号
伊那路,57,4,675,2013/04/10,伊那の暮らし100年イベント,地域活性化推進委員会,24,飯田線特集号
伊那路,57,4,675,2013/04/10,幻の「伊那町南停留所」デジタル・コモンズがひらく新しい地域知の世界,平賀　研也,27,飯田線特集号
伊那路,57,4,675,2013/04/10,伊那市創造館第9回企画展「飯田線マニアックス」　秘境駅と川村カ子ト,棒　剛太,32,飯田線特集号
伊那路,57,4,675,2013/04/10,飯田線に関する資料紹介,『伊那路』編集部,34,飯田線特集号
伊那路,57,4,675,2013/04/10,幻の高遠電車計画　「幻のルート」,北原　昌弘,39,飯田線特集号
伊那路,57,4,675,2013/04/10,【文化短信】地域誌の刊行相次ぐ,山口　通之,44,飯田線特集号
伊那路,57,4,675,2013/04/10,【考古あれこれ】（20）ふたたび風三郎神社奥の院,伊藤　修,46,飯田線特集号
伊那路,57,4,675,2013/04/10,【師匠の背中（2）より】（54）春の準備作業,若林　徹男,48,飯田線特集号
伊那路,57,4,675,2013/04/10,【高山の植物】（8）高山の代表選手,田中　茂,表紙2,飯田線特集号
伊那路,57,3,674,2013/03/10,赤羽篤先生の面影と歩まれた道,,1,赤羽篤先生追悼号
伊那路,57,3,674,2013/03/10,弔辞　『伊那路』の恩人赤羽篤先生を偲ぶ,伊藤　一夫,3,赤羽篤先生追悼号
伊那路,57,3,674,2013/03/10,弔辞　地元にも貢献された赤羽先生,飯澤　浩,4,赤羽篤先生追悼号
伊那路,57,3,674,2013/03/10,弔辞　形は滅びても赤羽先生は死なない,小林　晃一,6,赤羽篤先生追悼号
伊那路,57,3,674,2013/03/10,弔辞　物事に真摯に立ち向かわれた赤羽先生,高坂　保,9,赤羽篤先生追悼号
伊那路,57,3,674,2013/03/10,弔辞　「教師たる者　子どもと学問のために生きよ」,矢澤　静二,11,赤羽篤先生追悼号
伊那路,57,3,674,2013/03/10,弔辞　庭木で再び深まった恩師との縁,加島　八之進,13,赤羽篤先生追悼号
伊那路,57,3,674,2013/03/10,追悼文　赤羽篤先生　追慕,春日　博人,14,赤羽篤先生追悼号
伊那路,57,3,674,2013/03/10,追悼文　上伊那郷土研究交流連絡会の設立,池上　正直,17,赤羽篤先生追悼号
伊那路,57,3,674,2013/03/10,追悼文　育てくださったことに感謝,若林　博,19,赤羽篤先生追悼号
伊那路,57,3,674,2013/03/10,追悼文　赤羽篤先生を偲ぶ,清水　満,20,赤羽篤先生追悼号
伊那路,57,3,674,2013/03/10,追悼文　赤羽篤先生を偲ぶ,福澤　靖子,21,赤羽篤先生追悼号
伊那路,57,3,674,2013/03/10,追悼文　赤羽篤先生と駒ケ岳,田口　計介,23,赤羽篤先生追悼号
伊那路,57,3,674,2013/03/10,追悼文　恩師　赤羽篤先生と私,松井　君子,25,赤羽篤先生追悼号
伊那路,57,3,674,2013/03/10,追悼文　赤羽篤校長先生を偲んで,野澤　和行,27,赤羽篤先生追悼号
伊那路,57,3,674,2013/03/10,赤羽篤先生『伊那路』寄稿および諸刊行物執筆記録抄,,29,赤羽篤先生追悼号
伊那路,57,3,674,2013/03/10,地方史研究とともに歩んだ父,赤羽　貞幸,31,赤羽篤先生追悼号
伊那路,57,3,674,2013/03/10,校長講話から　長野県宝になる仮面付土偶,,34,赤羽篤先生追悼号
伊那路,57,3,674,2013/03/10,「たつの拾い話」シリーズより　山犬の話,,35,赤羽篤先生追悼号
伊那路,57,3,674,2013/03/10,思い出の人・思い出の事（11）村沢武夫氏（歌人・郷土史家）,桃澤　匡行,36,赤羽篤先生追悼号
伊那路,57,3,674,2013/03/10,【古文書の窓】（110）富士塚再興賀詞,松澤　英太郎,38,赤羽篤先生追悼号
伊那路,57,3,674,2013/03/10,【師匠の背中（2）より】（53）下駄スケート,若林　徹男,40,赤羽篤先生追悼号
伊那路,57,3,674,2013/03/10,【高山の植物】（7）よく似ているが,田中　茂,表紙2,赤羽篤先生追悼号
伊那路,57,2,673,2013/02/10,南箕輪村のお宝　考古資料の紹介,友松　瑞豊,1,上伊那郷土研究交流の集い特集号
伊那路,57,2,673,2013/02/10,鳥居のいしずえここにあり　御射山社考察,北原　正,9,上伊那郷土研究交流の集い特集号
伊那路,57,2,673,2013/02/10,水を求めた村人　南箕輪,松澤　英太郎,16,上伊那郷土研究交流の集い特集号
伊那路,57,2,673,2013/02/10,「第13回上伊那郷土研究交流の集い」報告,山本　勝,24,上伊那郷土研究交流の集い特集号
伊那路,57,2,673,2013/02/10,「上伊那郷土研究交流の集い」に参加して,倉田　保,26,上伊那郷土研究交流の集い特集号
伊那路,57,2,673,2013/02/10,「上伊那郷土研究交流の集い」に参加して,片山　徹,27,上伊那郷土研究交流の集い特集号
伊那路,57,2,673,2013/02/10,「第13回上伊那郷土研究交流の集い」に参加して,清水　稔,28,上伊那郷土研究交流の集い特集号
伊那路,57,2,673,2013/02/10,南アルプス開拓の父『竹澤長衛物語』を読んで,唐木　勉,30,上伊那郷土研究交流の集い特集号
伊那路,57,2,673,2013/02/10,春近神社の歴史と祭典　「巫女」選びの思い出,北原　昌弘,32,上伊那郷土研究交流の集い特集号
伊那路,57,2,673,2013/02/10,日本の子育て（1）にらめっこしましょ,大槻　武治,36,上伊那郷土研究交流の集い特集号
伊那路,57,2,673,2013/02/10,馬と猿との怪しげな関係,田口　計介,37,上伊那郷土研究交流の集い特集号
伊那路,57,2,673,2013/02/10,お茶（間食）出し（連作短歌2）,有賀　功,38,上伊那郷土研究交流の集い特集号
伊那路,57,2,673,2013/02/10,【文化短信】常輪寺に鐘楼完成,清水　満,39,上伊那郷土研究交流の集い特集号
伊那路,57,2,673,2013/02/10,【師匠の背中（2）より】（52）仕来り（風習）,若林　徹男,40,上伊那郷土研究交流の集い特集号
伊那路,57,2,673,2013/02/10,【高山の植物】（6）岩場に映える小さな鐘,田中　茂,表紙2,上伊那郷土研究交流の集い特集号
伊那路,57,1,672,2013/01/10,林式部　戦国時代伊那市山寺に居住した地侍,林　洋一,1,
伊那路,57,1,672,2013/01/10,上総国に仁科五郎の末裔を尋ねて,山岸　貢,12,
伊那路,57,1,672,2013/01/10,短歌　破袋大黒柱鬼の首（2）,野溝　直人,16,
伊那路,57,1,672,2013/01/10,『長野県町村誌』に記載された天狗党武田耕雲斎と藤田小四郎の詩歌,矢澤　喬治,17,
伊那路,57,1,672,2013/01/10,思い出の人・思い出の事（10）犬塚利國氏（古美術商）,桃澤　匡行,21,
伊那路,57,1,672,2013/01/10,昭和30年代の山間集落の暮らし　中川村銭,有賀　直雄,26,
伊那路,57,1,672,2013/01/10,【文化短信】高齢者と協働による花咲く郷環境づくり,山口　通之,37,
伊那路,57,1,672,2013/01/10,【古文書の窓】（109）順礼の途次、娘を残し土佐にて死亡,下平　すみ子,38,
伊那路,57,1,672,2013/01/10,【師匠の背中（2）より】（51）年の瀬,若林　徹男,40,
伊那路,56,12,671,2012/12/10,3・11東日本大震災ボランティア報告（エピソード綴り）,若林　敏明,1,広域特集号
伊那路,56,12,671,2012/12/10,高遠石工福島県の作品,北原　多喜夫,8,広域特集号
伊那路,56,12,671,2012/12/10,［第37回上伊那歴史研究会県外実地踏査報告］福島県と上伊那とのつながりを探る　福島県への旅,田村　栄作,12,広域特集号
伊那路,56,12,671,2012/12/10,［第37回上伊那歴史研究会県外実地踏査報告］福島県と上伊那とのつながりを探る　土津神社を訪ねて,星野　正明,17,広域特集号
伊那路,56,12,671,2012/12/10,［第37回上伊那歴史研究会県外実地踏査報告］福島県と上伊那とのつながりを探る　高遠石工旅稼ぎ,竹若　康雄,19,広域特集号
伊那路,56,12,671,2012/12/10,［第37回上伊那歴史研究会県外実地踏査報告］福島県と上伊那とのつながりを探る　南相馬市を訪ねて,新井　幸徳,25,広域特集号
伊那路,56,12,671,2012/12/10,［第37回上伊那歴史研究会県外実地踏査報告］福島県と上伊那とのつながりを探る　相馬市の今を見て,内藤　りつ子,29,広域特集号
伊那路,56,12,671,2012/12/10,［第37回上伊那歴史研究会県外実地踏査報告］福島県と上伊那とのつながりを探る　車窓から見た飯舘村,下平　哲,33,広域特集号
伊那路,56,12,671,2012/12/10,［第37回上伊那歴史研究会県外実地踏査報告］福島県と上伊那とのつながりを探る　県外実地踏査に初めて参加して,春日　宏之,34,広域特集号
伊那路,56,12,671,2012/12/10,［第37回上伊那歴史研究会県外実地踏査報告］福島県と上伊那とのつながりを探る　福島地方研修旅行に参加して,橋爪　平治,35,広域特集号
伊那路,56,12,671,2012/12/10,【文化短信】伊那谷の清流と森を訪ねて,山本　勝,39,広域特集号
伊那路,56,12,671,2012/12/10,【考古あれこれ】（19）シコロ状装具を付けた黄泉国への使者,田中　清文,40,広域特集号
伊ナ路,56,12,671,2012/12/10,【師匠の背中（2）より】（50）師匠の教え正に健在,若林　徹男,42,広域特集号
伊那路,56,12,671,2012/12/10,【高山の植物】（5）踊り子のような花々,田中　茂,表紙2,広域特集号
伊那路,56,11,670,2012/11/10,鶴の聲　放浪俳人　井上井月,矢島　太郎,1,井月特集号
伊那路,56,11,670,2012/11/10,伴い、恵む　時代と風景のあわいで　映画『ほかいびと　伊那の井月』を観て,春日　聡,11,井月特集号
伊那路,56,11,670,2012/11/10,映画「ほかいびと〜伊那の井月〜」に寄せられた言葉（3）,井上井月顕彰会,18,井月特集号
伊那路,56,11,670,2012/11/10,自然と一つになった詩人井月,ベアル・ジュリアン,20,井月特集号
伊那路,56,11,670,2012/11/10,井月の出自について,北村　皆雄,22,井月特集号
伊那路,56,11,670,2012/11/10,『伊那路』に寄せて,小田切　なつ子,24,井月特集号
伊那路,56,11,670,2012/11/10,地方における青年会の歴史とその意義（2）伊那市手良地区を中心にして,北原　明,28,井月特集号
伊那路,56,11,670,2012/11/10,【古文書の窓】（108）旧高遠藩主南福地村神社宛甲冑寄進状,牛山　喜文,38,井月特集号
伊那路,56,11,670,2012/11/10,【師匠の背中（2）より】（49）一粒の米,若林　徹男,40,井月特集号
伊那路,56,11,670,2012/11/10,【高山の植物】（4）もう一つのエーデルワイス,田中　茂,表紙2,井月特集号
伊那路,56,10,669,2012/10/10,地方における青年会の歴史とその意義　伊那市手良地区を中心にして,北原　明,1,民俗特集号
伊那路,56,10,669,2012/10/10,伊那の犬房丸とそれを伝えた人々（4）,唐木　聡,9,民俗特集号
伊那路,56,10,669,2012/10/10,中川村桑原漆ヶ窪の民俗,伊藤　修,21,民俗特集号
伊那路,56,10,669,2012/10/10,仮面土偶の系譜（3）土偶は何が為につくられたかの再検討,田中　清文,27,民俗特集号
伊那路,56,10,669,2012/10/10,随筆　鶴亀不在、高砂の館,安田　新,34,民俗特集号
伊那路,56,10,669,2012/10/10,連作短歌　小綬鶏,有賀　功,35,民俗特集号
伊那路,56,10,669,2012/10/10,【文化短信】五年生の時の、悲惨な三六災害の体験（中川村桑原）,渋澤　日出子,37,民俗特集号
伊那路,56,10,669,2012/10/10,【考古あれこれ】（18）荒神山と周辺の遺跡群を巡る,赤羽　義洋,38,民俗特集号
伊那路,56,10,669,2012/10/10,【師匠の背中（2）より】（48）祭り,若林　徹男,40,民俗特集号
伊那路,56,10,669,2012/10/10,【高山の植物】（3）高山植物の代表　エーデルワイス,田中　茂,表紙2,民俗特集号
伊那路,56,9,668,2012/09/10,林宗賢著『養蚕秘傳集』の成立と養蚕技術,小野　和英,1,
伊那路,56,9,668,2012/09/10,明治期一農家子弟の薬剤師への履歴,春日　博人,17,
伊那路,56,9,668,2012/09/10,忘れ得ぬ故郷　中川村銭集落と「三六災害」（2）,有賀　直雄,25,
伊那路,56,9,668,2012/09/10,短歌雑誌の嚆矢『うた』と桃澤茂春,桃澤　匡行,32,
伊那路,56,9,668,2012/09/10,映画「ほかいびと〜伊那の井月〜」に寄せられた言葉（2）,井上井月顕彰会,36,
伊那路,56,9,668,2012/09/10,【文化短信】西春近沢渡で新発見　幕末期の「高札」三枚,池上　昭,37,
伊那路,56,9,668,2012/09/10,【古文書の窓】（107）病気見舞いの品々,三浦　孝美,38,
伊那路,56,9,668,2012/09/10,【師匠の背中（2）より】（47）南瓜,若林　徹男,40,
伊那路,56,9,668,2012/09/10,【高山の植物】（2）可憐な夫婦花　リンネソウ,田中　茂,表紙2,
伊那路,56,8,667,2012/08/10,公園から消えた井戸と大砲,山岸　貢,1,終戦特集号
伊那路,56,8,667,2012/08/10,二つの飛行場が作られた「本土決戦体制」下の伊那　「特攻兵養成」と「特攻機生産」の一拠点に,久保田　誼,8,終戦特集号
伊那路,56,8,667,2012/08/10,伊那谷で原発の話をすることになろうとは！,小倉　志郎,17,終戦特集号
伊那路,56,8,667,2012/08/10,＜語りつぐ戦争シリーズ＞「アルプスに響け！ぞう列車の歌」,後藤　俊夫,27,終戦特集号
伊那路,56,8,667,2012/08/10,「八紘一宇」の石碑が語るもの,渡部　学,32,終戦特集号
伊那路,56,8,667,2012/08/10,【師匠の背中（2）より】（46）一本五円のアイスキャンデー,若林　徹男,40,終戦特集号
伊那路,56,8,667,2012/08/10,【高山の植物】（1）乏しい水と肥料の中で,田中　茂,表紙2,終戦特集号
伊那路,56,7,666,2012/07/10,井月句碑善光寺境内建立の記,宮澤　宏治,1,井月特集号
伊那路,56,7,666,2012/07/10,伊那で観る映画「ほかいびと～伊那の井月～」幕末の漂泊俳人の足跡を訊ねて,吉原　千晃,6,井月特集号
伊那路,56,7,666,2012/07/10,映画「ほかいびと〜伊那の井月〜」に寄せられた言葉（1）,井上井月顕彰会,12,井月特集号
伊那路,56,7,666,2012/07/10,『井月編　俳諧三部集』から推理する「井月と諸国の俳人たちの交流」,翁　悦治,15,井月特集号
伊那路,56,7,666,2012/07/10,「はいかい僧　中書を訪ね」その後,下平　道子,23,井月特集号
伊那路,56,7,666,2012/07/10,『井月の句集』刊行の背景,下島　大輔,30,井月特集号
伊那路,56,7,666,2012/07/10,門下生井月を慕う,矢島　太郎,34,井月特集号
伊那路,56,7,666,2012/07/10,【文化短信】改訂版『駒ヶ根市の文化財』発刊なる,田中　清文,37,井月特集号
伊那路,56,7,666,2012/07/10,【考古あれこれ】（17）長野県中央道遺跡調査会飯島班のことなど,丸山　敞一郎,38,井月特集号
伊那路,56,7,666,2012/07/10,【師匠の背中（2）より】（45）千社参り,若林　徹男,40,井月特集号
伊那路,56,7,666,2012/07/10,【上伊那の蝶】（11）クロミドリシジミ,中村　寛志,表紙2,井月特集号
伊那路,56,6,665,2012/06/10,伊那谷のカラス　民俗の窓を通して（17）,吉田　保晴,1,自然と人間との関わり特集号
伊那路,56,6,665,2012/06/10,イカルチドリとコチドリの減少,佐々木　剛彦,16,自然と人間との関わり特集号
伊那路,56,6,665,2012/06/10,火山灰から見る上伊那の地層　伊那谷地震断層説の検証,荒木　香名・土井　ゆい・中上　絵梨香・中田　真也,21,自然と人間との関わり特集号
伊那路,56,6,665,2012/06/10,災害に強い里山づくり　西春近貝附沢に広葉樹の苗木植樹,酒井　卓実,27,自然と人間との関わり特集号
伊那路,56,6,665,2012/06/10,短歌　破袋大黒柱鬼の首,野溝　直人,35,自然と人間との関わり特集号
伊那路,56,6,665,2012/06/10,【文化短信】武田信玄狼煙上げ,氣賀澤　厚典,37,自然と人間との関わり特集号
伊那路,56,6,665,2012/06/10,【古文書の窓】（106）村人の博奕吟味追認村役人口書,清水　満,38,自然と人間との関わり特集号
伊那路,56,6,665,2012/06/10,【師匠の背中（2）より】（44）大足,若林　徹男,40,自然と人間との関わり特集号
伊那路,56,6,665,2012/06/10,【上伊那の蝶】（10）ゴイシシジミ,中村　寛志,表紙2,自然と人間との関わり特集号
伊那路,56,5,664,2012/05/10,宮田村在家に再度かかわって,墨矢　勇夫,1,
伊那路,56,5,664,2012/05/10,伊那の犬房丸とそれを伝えた人々（3）,唐木　聡,11,
伊那路,56,5,664,2012/05/10,武田家最期の高遠城主　仁科五郎の謎（2）,福澤　文雄,17,
伊那路,56,5,664,2012/05/10,元本会副会長　小林一行先生を偲ぶ,,19,
伊那路,56,5,664,2012/05/10,元本会副会長　小林一行先生を偲ぶ　小林一行先生との思い出,池上　正直,20,
伊那路,56,5,664,2012/05/10,元本会副会長　小林一行先生を偲ぶ　仲仙寺の絵馬調査と小林先生,伊藤　一夫,22,
伊那路,56,5,664,2012/05/10,元本会副会長　小林一行先生を偲ぶ　山と自然をこよなく愛した一行先生,清水　満,24,
伊那路,56,5,664,2012/05/10,元本会副会長　小林一行先生を偲ぶ　小林先生を偲んで,宮澤　敬雄,26,
伊那路,56,5,664,2012/05/10,元本会副会長　小林一行先生を偲ぶ　小林一行先生を悼む,小林　修一郎,27,
伊那路,56,5,664,2012/05/10,元本会副会長　小林一行先生を偲ぶ　小林一行氏との接点は森林鉄道搭乗記,北原　昌弘,28,
伊那路,56,5,664,2012/05/10,元本会副会長　小林一行先生を偲ぶ　喜寿という思い出の旅,重盛　辰雄,31,
伊那路,56,5,664,2012/05/10,元本会副会長　小林一行先生を偲ぶ　父の思い出とお支えいただいた方々への感謝,小林　智,33,
伊那路,56,5,664,2012/05/10,元本会副会長　小林一行先生を偲ぶ　著作目録,,35,
伊那路,56,5,664,2012/05/10,元本会副会長　小林一行先生を偲ぶ　『伊那路』寄稿目録,,36,
伊那路,56,5,664,2012/05/10,【文化短信】昭和初期の小情報紙「梅乃屋廣報」,伊藤　一夫,37,
伊那路,56,5,664,2012/05/10,【考古あれこれ】（16）伊那市「一夜の城」発掘調査について,濵　慎一,38,
伊那路,56,5,664,2012/05/10,【師匠の背中（2）より】（43）昔も節電？,若林　徹男,40,
伊那路,56,5,664,2012/05/10,【上伊那の蝶】（9）コツバメ,中村　寛志,表紙2,
伊那路,56,4,663,2012/04/10,忘れ得ぬ故郷　中川村銭集落と「三六災害」（1）,有賀　直雄,1,
伊那路,56,4,663,2012/04/10,伊那市美篶下県の地域性を考える,春日　藤彦,12,
伊那路,56,4,663,2012/04/10,伊那の犬房丸とそれを伝えた人々（2）,唐木　聡,17,
伊那路,56,4,663,2012/04/10,伊那谷のノスリ　民俗の窓を通して（16）,吉田　保晴,21,
伊那路,56,4,663,2012/04/10,書の流れと書家として崇められた人々,矢澤　喬治,25,
伊那路,56,4,663,2012/04/10,短歌　いろはにほへど（4）,野溝　直人,30,
伊那路,56,4,663,2012/04/10,農家の一年　寛政十二年「歳内日記覚」を読む（5）,三浦　孝美,31,
伊那路,56,4,663,2012/04/10,【文化短信】火山峠,吉田　保晴,37,
伊那路,56,4,663,2012/04/10,【古文書の窓】（105）榑木割納再仰付願,酒井　巌,38,
伊那路,56,4,663,2012/04/10,【師匠の背中（2）より】（42）入学,若林　徹男,40,
伊那路,56,4,663,2012/04/10,【上伊那の蝶】（8）ウラナミアカシジミ,中村　寛志,表紙2,
伊那路,56,3,662,2012/03/10,伊那の大房丸とそれを伝えた人々（1）,唐木　聡,1,
伊那路,56,3,662,2012/03/10,田山花袋来伊と、小豆坂などへの思い,小林　勝幸,15,
伊那路,56,3,662,2012/03/10,農家の一年　寛政十二年「歳内日記覚」を読む（4）,三浦　孝美,22,
伊那路,56,3,662,2012/03/10,思い出の人・思い出の事（9）宮下操先生（郷土史家）,桃澤　匡行,28,
伊那路,56,3,662,2012/03/10,武田家最後の高遠城主　仁科五郎の謎　県歌「信濃の国」に歌われた信盛は間違いか,福澤　文雄,30,
伊那路,56,3,662,2012/03/10,美篶笠原山梨の薬師如来坐像について（1）,上柳　優二郎,35,
伊那路,56,3,662,2012/03/10,【考古あれこれ】（15）縄文土器を解き放つ,赤羽　義洋,38,
伊那路,56,3,662,2012/03/10,【師匠の背中（2）より】（41）雪かき（除雪）,若林　徹男,40,
伊那路,56,3,662,2012/03/10,【上伊那の蝶】（7）メスアカミドリシジミ,中村　寛志,表紙2,
伊那路,56,2,661,2012/02/10,「美篶の歌」による公民館活動,赤羽　仁,1,上伊那郷土研究交流の集い特集号
伊那路,56,2,661,2012/02/10,蟻塚城の復活　蟻塚城跡平成21・22年度整備事業経過報告,桜井　裕記,8,上伊那郷土研究交流の集い特集号
伊那路,56,2,661,2012/02/10,一番井を中心にした美篶の発展を考える,矢島　信之,18,上伊那郷土研究交流の集い特集号
伊那路,56,2,661,2012/02/10,「第12回上伊那郷土研究交流の集い」報告,氣賀澤　厚典,26,上伊那郷土研究交流の集い特集号
伊那路,56,2,661,2012/02/10,美篶小学校郷土資料館の思い出から,堀内　敏文,28,上伊那郷土研究交流の集い特集号
伊那路,56,2,661,2012/02/10,「交流の集い」に参加して,北条　久美子,30,上伊那郷土研究交流の集い特集号
伊那路,56,2,661,2012/02/10,「郷土研究交流の集い」に参加して,新井　幸徳,31,上伊那郷土研究交流の集い特集号
伊那路,56,2,661,2012/02/10,伊那谷のホオジロ類　民俗の窓を通して（15）,吉田　保晴,33,上伊那郷土研究交流の集い特集号
伊那路,56,2,661,2012/02/10,【文化短信】上伊那ハーモニカ愛好者の集い演奏会,山本　勝,37,上伊那郷土研究交流の集い特集号
伊那路,56,2,661,2012/02/10,【古文書の窓】（104）博奕制禁連判帳前,河野　景,38,上伊那郷土研究交流の集い特集号
伊那路,56,2,661,2012/02/10,【師匠の背中（2）より】（40）橇遊び（滑り台）,若林　徹男,40,上伊那郷土研究交流の集い特集号
伊那路,56,2,661,2012/02/10,【上伊那の蝶】（6）ミヤマシロチョウ,中村　寛志,表紙2,上伊那郷土研究交流の集い特集号
伊那路,56,1,660,2012/01/10,伊那市竜東地区のジルイ（地類）の話,中崎　隆生,1,
伊那路,56,1,660,2012/01/10,農家の一年　寛政十二年「歳内日記覚」を読む（3）,三浦　孝美,9,
伊那路,56,1,660,2012/01/10,仮面土偶の系譜（2）土偶は何が為につくられたかの再検討,田中　清文,17,
伊那路,56,1,660,2012/01/10,思い出の人・思い出の事（8）『伊那路』も受賞した知久伊那谷文化賞,桃澤　匡行,26,
伊那路,56,1,660,2012/01/10,県歌「信濃の国」五番の歌詞「春台太宰」が「天山阪本」であれば,北原　昌弘,28,
伊那路,56,1,660,2012/01/10,異郷で偲ぶ西駒の『駒』,安田　新,31,
伊那路,56,1,660,2012/01/10,伊那谷の雁　民俗の窓を通して（14）,吉田　保晴,33,
伊那路,56,1,660,2012/01/10,【文化短信】ひかり森のプログラム,赤羽　義洋,37,
伊那路,56,1,660,2012/01/10,【考古あれこれ】（14）玦飾り（縄文ピアス）製作実習,丸山　浩隆,38,
伊那路,56,1,660,2012/01/10,【師匠の背中（2）より】（39）野菜の冬囲い,若林　徹男,40,
伊那路,55,12,659,2011/12/10,理鏡様への旅　日本の心がここにある,田中　ふみえ,1,広域特集号
伊那路,55,12,659,2011/12/10,［第三十六回上伊那歴史研究会県外実地踏査報告］八王子・横浜と絹の道を訪ね伊那との関連を現地に探る　実地踏査の概要,渡辺　弘行,7,広域特集号
伊那路,55,12,659,2011/12/10,［第三十六回上伊那歴史研究会県外実地踏査報告］八王子・横浜と絹の道を訪ね伊那との関連を現地に探る　八王子市郷土資料館を訪ねて,氣賀澤　厚典,9,広域特集号
伊那路,55,12,659,2011/12/10,［第三十六回上伊那歴史研究会県外実地踏査報告］八王子・横浜と絹の道を訪ね伊那との関連を現地に探る　鑓水商人と絹の道,内藤　りつ子,13,広域特集号
伊那路,55,12,659,2011/12/10,［第三十六回上伊那歴史研究会県外実地踏査報告］八王子・横浜と絹の道を訪ね伊那との関連を現地に探る　良泉寺　田中平八の墓,田村　栄作,16,広域特集号
伊那路,55,12,659,2011/12/10,［第三十六回上伊那歴史研究会県外実地踏査報告］八王子・横浜と絹の道を訪ね伊那との関連を現地に探る　シルク博物館と横浜開港資料館を訪ねて,新井　幸徳,19,広域特集号
伊那路,55,12,659,2011/12/10,［第三十六回上伊那歴史研究会県外実地踏査報告］八王子・横浜と絹の道を訪ね伊那との関連を現地に探る　ペリー記念館と久里浜海岸,中島　元博,22,広域特集号
伊那路,55,12,659,2011/12/10,［第三十六回上伊那歴史研究会県外実地踏査報告］八王子・横浜と絹の道を訪ね伊那との関連を現地に探る　三渓園と小野光景記念碑,北原　利雄,25,広域特集号
伊那路,55,12,659,2011/12/10,『伊那路』等に見る「三六災害」発生当時の記録（3）,『伊那路』編集部,28,広域特集号
伊那路,55,12,659,2011/12/10,【文化短信】旧武井製糸場土蔵の保存について,福島　永,31,広域特集号
伊那路,55,12,659,2011/12/10,【古文書の窓】（103）小使請状之事,下平　すみ子,32,広域特集号
伊那路,55,12,659,2011/12/10,【師匠の背中（2）より】（38）沢蟹取り,若林　徹男,34,広域特集号
伊那路,55,12,659,2011/12/10,【上伊那の蝶】（5）クロコノマチョウ,中村　寛志,表紙2,広域特集号
伊那路,55,11,658,2011/11/10,春近郷・上殿嶋村内の「馬入村」について,池上　正直,1,
伊那路,55,11,658,2011/11/10,西天竜水田地帯に見られる円筒分水槽,若林　博,13,
伊那路,55,11,658,2011/11/10,上伊那に伝えられている鳥追いの行事に伴う歌について（後篇）,竹渕　修二,19,
伊那路,55,11,658,2011/11/10,仮面土偶の系譜（1）土偶は何が為につくられたかの再検討,田中　清文,24,
伊那路,55,11,658,2011/11/10,「坂の上の雲」の主人公　陸軍大将秋山好古の書,桃澤　匡行,35,
伊那路,55,11,658,2011/11/10,【考古あれこれ】（13）野外博物館としての丸山,米山　妙子,37,
伊那路,55,11,658,2011/11/10,【師匠の背中（2）より】（37）天気の予測,若林　徹男,40,
伊那路,55,11,658,2011/11/10,【上伊那の蝶】（4）オオミスジ,中村　寛志,表紙2,
伊那路,55,10,657,2011/10/10,上伊那に伝えられている鳥追いの行事に伴う歌について（前篇）,竹渕　修二,1,民俗特集号
伊那路,55,10,657,2011/10/10,馬屋と猿,田口　計介,11,民俗特集号
伊那路,55,10,657,2011/10/10,小正月の風習「諸神講」,中山　源一,14,民俗特集号
伊那路,55,10,657,2011/10/10,土搗石と笠原の土搗唄「どうづきサンヨ」,上柳　優二郎,18,民俗特集号
伊那路,55,10,657,2011/10/10,帰ってきた「村の鍛冶屋」,山岸　貢,25,民俗特集号
伊那路,55,10,657,2011/10/10,松島神社の臼と杵,矢澤　喬治,33,民俗特集号
伊那路,55,10,657,2011/10/10,伊那谷のシギ類　民俗の窓を通して（13）,吉田　保晴,36,民俗特集号
伊那路,55,10,657,2011/10/10,【古文書の窓】（102）勘当除帳した者を載帳するに付き請人証文,清水　満,38,民俗特集号
伊那路,55,10,657,2011/10/10,【師匠の背中（2）より】（36）川魚,若林　徹男,40,民俗特集号
伊那路,55,10,657,2011/10/10,【上伊那の蝶】（3）クジャクチョウ,中村　寛志,表紙2,民俗特集号
伊那路,55,9,656,2011/09/10,諸家俳句集『まし水』（仮題）文久二年　井月編,竹入　弘元,1,井月特集号
伊那路,55,9,656,2011/09/10,「ほかいびと〜伊那の井月〜」ロケ日記　Vol.3　秋・冬完結編,石曽根　志季子,6,井月特集号
伊那路,55,9,656,2011/09/10,昭和十二年の「井月遺墨展目録」で見出した新句,翁　悦治,14,井月特集号
伊那路,55,9,656,2011/09/10,井月終焉地回顧　落栗碑移設を期に,矢島　太郎,22,井月特集号
伊那路,55,9,656,2011/09/10,幕末の狂騒「やっちょろ踊り」,宮原　達明,27,井月特集号
伊那路,55,9,656,2011/09/10,【文化短信】暗闇に舞う光,吉田　保晴,37,井月特集号
伊那路,55,9,656,2011/09/10,【考古あれこれ】（12）縄文ビーナス土偶の型式分類,田中　清文,38,井月特集号
伊那路,55,9,656,2011/09/10,【師匠の背中（2）より】（35）苗床（さつま芋）,若林　徹男,40,井月特集号
伊那路,55,9,656,2011/09/10,【上伊那の蝶】（2）アサギマダラ,中村　寛志,表紙2,井月特集号
伊那路,55,8,655,2011/08/10,空襲と東南海地震による中島飛行機の伊那疎開と終戦,久保田　誼,1,終戦特集号
伊那路,55,8,655,2011/08/10,＜演出ノート＞伊那谷の戦争　二つの作品から,後藤　俊夫,11,終戦特集号
伊那路,55,8,655,2011/08/10,チェルノブイリからフクシマへ,小牧　崇,20,終戦特集号
伊那路,55,8,655,2011/08/10,「平和のための上伊那戦争展」の歩み,宮下　与兵衛,28,終戦特集号
伊那路,55,8,655,2011/08/10,我家に残る戦争の記憶,山岸　貢,34,終戦特集号
伊那路,55,8,655,2011/08/10,三六災害から五十年の歳月を経て（2）中川村滝沢・桑原・四徳,伊藤　修,38,終戦特集号
伊那路,55,8,655,2011/08/10,【古文書の窓】（101）矢彦神社別当神光寺、御柱祭に先立ち寄付・人足等を催促する,三浦　孝美,46,終戦特集号
伊那路,55,8,655,2011/08/10,【師匠の背中（2）より】（34）土用の丑,若林　徹男,48,終戦特集号
伊那路,55,8,655,2011/08/10,【上伊那の蝶】（1）ミヤマシジミ,中村　寛志,表紙2,終戦特集号
伊那路,55,7,654,2011/07/10,三六災害から五十年の歳月を経て（1）中川村滝沢・桑原・四徳,伊藤　修,1,三六災害50年特集号
伊那路,55,7,654,2011/07/10,三六災害の記憶　飯島氏・宮崎氏夫妻よりの聞き取りから,大場　英明,14,三六災害50年特集号
伊那路,55,7,654,2011/07/10,「私の三六災害」北信濃にいて,山本　勝,18,三六災害50年特集号
伊那路,55,7,654,2011/07/10,『伊那路』等に見る「三六災害」発生当時の記録（2）,『伊那路』編集部,20,三六災害50年特集号
伊那路,55,7,654,2011/07/10,伊那谷「三六災」の思い出　大鹿村大西山大崩落後の脱出行聞書,北原　昌弘,24,三六災害50年特集号
伊那路,55,7,654,2011/07/10,高遠地震について,矢島　太郎,27,三六災害50年特集号
伊那路,55,7,654,2011/07/10,良寛さんを訪ね中国の旅（2）良寛さんは日中友好の架け橋を築く,小原　洋一,33,三六災害50年特集号
伊那路,55,7,654,2011/07/10,【文化短信】明治・大正期の災害支援の事例,山口　通之,38,三六災害50年特集号
伊那路,55,7,654,2011/07/10,【師匠の背中（2）より】（33）カッコウの暦,若林　徹男,40,三六災害50年特集号
伊那路,55,7,654,2011/07/10,【上伊那の野外彫刻】（85）最終回　少年像（箕輪中学校）,吉澤　正昭,表紙2,三六災害50年特集号
伊那路,55,6,653,2011/06/10,箕輪町の哺乳動物,関谷　圭史,1,自然と人間との関わり特集号
伊那路,55,6,653,2011/06/10,伊那谷のカッコウ　民俗の窓を通して（12）,吉田　保晴,15,自然と人間との関わり特集号
伊那路,55,6,653,2011/06/10,『伊那路』等に見る「三六災害」発生当時の記録（1）,『伊那路』編集部,23,自然と人間との関わり特集号
伊那路,55,6,653,2011/06/10,良寛さんを訪ね中国の旅（1）良寛さんは日中友好の架け橋を築く,小原　洋一,26,自然と人間との関わり特集号
伊那路,55,6,653,2011/06/10,古道「黒澤道」復元への取り組み（2）「風越ロマンス街道」づくりをめざして,宮原　達明,33,自然と人間との関わり特集号
伊那路,55,6,653,2011/06/10,【古文書の窓】（100）嘉永三年村上帳（上新山村）,池上　正直,38,自然と人間との関わり特集号
伊那路,55,6,653,2011/06/10,【師匠の背中（2）より】（31）「むら」なおし,若林　徹男,40,自然と人間との関わり特集号
伊那路,55,6,653,2011/06/10,【上伊那の野外彫刻】（84）日本のふるさと（大芝公園）,吉澤　正昭,表紙2,自然と人間との関わり特集号
伊那路,55,5,652,2011/05/10,古道「黒澤道」復元への取り組み（1）「風越ロマンス街道」づくりをめざして,宮原　達明,1,
伊那路,55,5,652,2011/05/10,もう一人の理想的愛子（2）伊勢路の如水　桃沢茂春,橋本　俊明,7,
伊那路,55,5,652,2011/05/10,農家の一年　寛政十二年「歳内日記覚」を読む（2）,三浦　孝美,16,
伊那路,55,5,652,2011/05/10,美篶笠原の「開田規約」のこと,上柳　優二郎,23,
伊那路,55,5,652,2011/05/10,思い出の人・思い出の事（7）池田寿一先生（歌人・教育者・道元研究家）,桃澤　匡行,29,
伊那路,55,5,652,2011/05/10,「大正時代の東駒ヶ嶽登山案内」を拝読　山梨県南アルプス市方面からは,田畑　真一,33,
伊那路,55,5,652,2011/05/10,伊那谷のクマタカ・オオタカ　民俗の窓を通して（11）,吉田　保晴,35,
伊那路,55,5,652,2011/05/10,【文化短信】『村の老人学級』楽生学園,氣賀澤　厚典,37,
伊那路,55,5,652,2011/05/10,【考古あれこれ】（11）奈良県御所市における近年の発掘調査,濵　慎一,38,
伊那路,55,5,652,2011/05/10,【師匠の背中（2）より】（31）苗取り,若林　徹男,40,
伊那路,55,5,652,2011/05/10,【上伊那の野外彫刻】（83）立像（辰野美術館）,吉澤　正昭,表紙2,
伊那路,55,4,651,2011/04/10,辰野町の発掘調査履歴,福島　永,1,考古特集号
伊那路,55,4,651,2011/04/10,「戦争遺跡」の実態（2）伊那弥生ヶ丘高校・南割一円にかけて,飯塚　政美,11,考古特集号
伊那路,55,4,651,2011/04/10,神子柴文化の探究（4）遊動から半定住生活への胎動,田中　清文,19,考古特集号
伊那路,55,4,651,2011/04/10,鎌倉時代「工藤文書」にみる小井弖工藤氏の竜東地域支配と思われる一考,御子柴　泰正,26,考古特集号
伊那路,55,4,651,2011/04/10,【古文書の窓】（99）神社本殿再建対談書,伊藤　一夫,38,考古特集号
伊那路,55,4,651,2011/04/10,【師匠の背中（2）より】（30）苗代,若林　徹男,40,考古特集号
伊那路,55,4,651,2011/04/10,【上伊那の野外彫刻】（82）おんな（伊那東小学校）,吉澤　正昭,表紙2,考古特集号
伊那路,55,3,650,2011/03/10,定着した全国規模の「春の高校伊那駅伝」特集を組むに当たって,『伊那路』編集部,1,春の高校伊那駅伝特集号
伊那路,55,3,650,2011/03/10,春の高校伊那駅伝の主な歩み,,2,春の高校伊那駅伝特集号
伊那路,55,3,650,2011/03/10,駅伝を架け橋に,白鳥　孝,6,春の高校伊那駅伝特集号
伊那路,55,3,650,2011/03/10,春の高校伊那駅伝を顧みて,城田　忠承,8,春の高校伊那駅伝特集号
伊那路,55,3,650,2011/03/10,報道現場から見た高校伊那駅伝,中村　賢二,11,春の高校伊那駅伝特集号
伊那路,55,3,650,2011/03/10,第二十五回大会によせて　『第二十五回大会記念誌』より,鶴谷　邦弘・渡辺　公二・荻野　由信,14,春の高校伊那駅伝特集号
伊那路,55,3,650,2011/03/10,春の高校伊那駅伝に寄せて,両角　速,18,春の高校伊那駅伝特集号
伊那路,55,3,650,2011/03/10,多くの方々に支えられて発展した「春の伊那駅伝」,玉城　良二,19,春の高校伊那駅伝特集号
伊那路,55,3,650,2011/03/10,思い叶った瞬間,伊藤　国光,20,春の高校伊那駅伝特集号
伊那路,55,3,650,2011/03/10,感謝の第一回大会に参加した思い出,白鳥　博文,22,春の高校伊那駅伝特集号
伊那路,55,3,650,2011/03/10,第一回大会に想いを馳せて,百瀬　定雄,24,春の高校伊那駅伝特集号
伊那路,55,3,650,2011/03/10,高校駅伝に思う,福沢　久美子,26,春の高校伊那駅伝特集号
伊那路,55,3,650,2011/03/10,春の高校伊那駅伝大会によせて,原野　明恵,28,春の高校伊那駅伝特集号
伊那路,55,3,650,2011/03/10,上伊那開催に感謝,松崎　雄介,30,春の高校伊那駅伝特集号
伊那路,55,3,650,2011/03/10,春の高校駅伝と芝桜,小坂　樫男,32,春の高校伊那駅伝特集号
伊那路,55,3,650,2011/03/10,駅伝に伴う伊那市中心商店街の取り組み,牧田　淳志,34,春の高校伊那駅伝特集号
伊那路,55,3,650,2011/03/10,伊那路を駆ける我が母校「世羅」,吉澤　登志子,36,春の高校伊那駅伝特集号
伊那路,55,3,650,2011/03/10,資料編（写真・成績・コースの変遷・全国高校駅伝・県縦断駅伝等）,,37,春の高校伊那駅伝特集号
伊那路,55,3,650,2011/03/10,【上伊那の野外彫刻】（81）平和　友好　飛躍（平和の森）,吉澤　正昭,表紙2,春の高校伊那駅伝特集号
伊那路,55,2,649,2011/02/10,もう一人の理想的愛子（1）伊勢路の如水　桃沢茂春,橋本　俊明,1,上伊那郷土研究交流の集い特集号
伊那路,55,2,649,2011/02/10,歌道を中心とした飯島文化の特質,竹入　弘元,11,上伊那郷土研究交流の集い特集号
伊那路,55,2,649,2011/02/10,桃澤茂春と伊那の歌人達,桃澤　匡行,24,上伊那郷土研究交流の集い特集号
伊那路,55,2,649,2011/02/10,「第11回上伊那郷土研究交流の集い」報告,吉田　保晴,30,上伊那郷土研究交流の集い特集号
伊那路,55,2,649,2011/02/10,「上伊那郷土研究交流の集い」に参加して,酒井　由里,32,上伊那郷土研究交流の集い特集号
伊那路,55,2,649,2011/02/10,「上伊那郷土研究交流の集い」に参加して,大林　元実,33,上伊那郷土研究交流の集い特集号
伊那路,55,2,649,2011/02/10,伊那谷のカワガラス　民俗の窓を通して（10）,吉田　保晴,35,上伊那郷土研究交流の集い特集号
伊那路,55,2,649,2011/02/10,【文化短信】理兵衛堤防の石はどこから運ばれたか,伊藤　修,37,上伊那郷土研究交流の集い特集号
伊那路,55,2,649,2011/02/10,【考古あれこれ】（10）赤羽焼窯跡保存顛末記,赤羽　義洋,38,上伊那郷土研究交流の集い特集号
伊那路,55,2,649,2011/02/10,【師匠の背中（2）より】（29）大掃除,若林　徹男,40,上伊那郷土研究交流の集い特集号
伊那路,55,2,649,2011/02/10,【上伊那の野外彫刻】（80）ふれあい（木下公民館）,吉澤　正昭,表紙2,上伊那郷土研究交流の集い特集号
伊那路,55,1,648,2011/01/10,長野県箕輪町南原遺跡出土の人面付注口土器,渡辺　誠,1,
伊那路,55,1,648,2011/01/10,味噌薬師と味噌なめ地蔵,中崎　隆生,6,
伊那路,55,1,648,2011/01/10,権兵衛街道に愛着を持つ木曽宮越の人びと,神村　透,15,
伊那路,55,1,648,2011/01/10,板山弘を偲ぶ,有賀　元栄,20,
伊那路,55,1,648,2011/01/10,思い出の人・思い出の事（6）盗まれた名画　佐竹蓬平の三幅対,桃澤　匡行,22,
伊那路,55,1,648,2011/01/10,短歌　いろはにほへど（3）,野溝　直人,25,
伊那路,55,1,648,2011/01/10,『箕輪史資料集』について,矢澤　喬治,26,
伊那路,55,1,648,2011/01/10,伊那谷の冬鳥　民俗の窓を通して（9）,吉田　保晴,31,
伊那路,55,1,648,2011/01/10,【文化短信】郷土ゆかりの画人　山本龍洞展,山本　勝,37,
伊那路,55,1,648,2011/01/10,【古文書の窓】（98）函館にて倅戦死、戦功の早期下げ渡しを,下平　すみ子,38,
伊那路,55,1,648,2011/01/10,【師匠の背中（2）より】（28）竹馬を捜す,若林　徹男,40,
伊那路,54,12,647,2010/12/10,日本でアジアゾウの保護活動を始めました,新村　洋子,1,広域特集号
伊那路,54,12,647,2010/12/10,［第三十五回上伊那歴史研究会県外実地踏査報告］伊勢信仰の道を訪ね伊那との関連を現地に探る　実地踏査の概要,北原　利雄,8,広域特集号
伊那路,54,12,647,2010/12/10,［第三十五回上伊那歴史研究会県外実地踏査報告］伊勢信仰の道を訪ね伊那との関連を現地に探る　中津川市中山道歴史資料館,氣賀澤　厚典,10,広域特集号
伊那路,54,12,647,2010/12/10,［第三十五回上伊那歴史研究会県外実地踏査報告］伊勢信仰の道を訪ね伊那との関連を現地に探る　日本の伝統建築の粋を集めた賓日館,唐木　孝雄,15,広域特集号
伊那路,54,12,647,2010/12/10,［第三十五回上伊那歴史研究会県外実地踏査報告］伊勢信仰の道を訪ね伊那との関連を現地に探る　伊勢神宮の鬼門を守る朝熊岳金剛證寺を訪ねる,芦部　公一,16,広域特集号
伊那路,54,12,647,2010/12/10,［第三十五回上伊那歴史研究会県外実地踏査報告］伊勢信仰の道を訪ね伊那との関連を現地に探る　伊勢神宮内宮,中島　元博,18,広域特集号
伊那路,54,12,647,2010/12/10,［第三十五回上伊那歴史研究会県外実地踏査報告］伊勢信仰の道を訪ね伊那との関連を現地に探る　斎宮歴史博物館を訪ねて,内藤　りつ子,21,広域特集号
伊那路,54,12,647,2010/12/10,［第三十五回上伊那歴史研究会県外実地踏査報告］伊勢信仰の道を訪ね伊那との関連を現地に探る　明治末の伊勢修学旅行日記に想う,伊藤　一夫,25,広域特集号
伊那路,54,12,647,2010/12/10,［第三十五回上伊那歴史研究会県外実地踏査報告］伊勢信仰の道を訪ね伊那との関連を現地に探る　松阪に本居宣長を訪ねて,唐木　孝雄,28,広域特集号
伊那路,54,12,647,2010/12/10,神子柴文化の探究（3）遊動から半定住生活への胎動,田中　清文,32,広域特集号
伊那路,54,12,647,2010/12/10,【考古あれこれ】（9）弖良郷の存在を推定するのにふさわしい主な遺物,飯塚　政美,40,広域特集号
伊那路,54,12,647,2010/12/10,【師匠の背中（2）より】（27）遊びの手伝い,若林　徹男,42,広域特集号
伊那路,54,12,647,2010/12/10,【上伊那の野外彫刻】（79）Torso（松井自動車工業株式会社）,吉澤　正昭,表紙2,広域特集号
伊那路,54,11,646,2010/11/10,井月句碑、全集四版以後,竹入　弘元・宮沢　宏治,1,井月特集号
伊那路,54,11,646,2010/11/10,井月を支えた男　霞松の謎（2）,北村　皆雄,9,井月特集号
伊那路,54,11,646,2010/11/10,「ほかいびと〜伊那の井月〜」ロケ日記　Vol.2　春・早夏編,石曽根　志季子,19,井月特集号
伊那路,54,11,646,2010/11/10,思い出の人・思い出の事（5）何でも鑑定団への出演の記,桃澤　匡行,27,井月特集号
伊那路,54,11,646,2010/11/10,伊那谷のカワラヒワ　民俗の窓を通して（8）,吉田　保晴,35,井月特集号
伊那路,54,11,646,2010/11/10,【文化短信】変わりゆく身近な事,矢島　信之,37,井月特集号
伊那路,54,11,646,2010/11/10,【古文書の窓】（97）『源氏三枕』（伊那の三女の共著）,竹入　弘元,38,井月特集号
伊那路,54,11,646,2010/11/10,【師匠の背中（2）より】（26）松葉を束ねる,若林　徹男,40,井月特集号
伊那路,54,11,646,2010/11/10,【上伊那の野外彫刻】（78）あかね（辰野東小学校）,吉澤　正昭,表紙2,井月特集号
伊那路,54,10,645,2010/10/10,伊那の子安信仰,宮原　達明,1,民俗特集号
伊那路,54,10,645,2010/10/10,北福地の御柱祭　住民総参加へのあゆみ,登内　孝,6,民俗特集号
伊那路,54,10,645,2010/10/10,奥高遠の妙見講,矢島　太郎,14,民俗特集号
伊那路,54,10,645,2010/10/10,「及び腰」考,有賀　功,17,民俗特集号
伊那路,54,10,645,2010/10/10,辰野町立川島小学校所蔵の木地師資料,福島　永,20,民俗特集号
伊那路,54,10,645,2010/10/10,農家の一年　寛政十二年「歳内日記覚」を読む（1）,三浦　孝美,29,民俗特集号
伊那路,54,10,645,2010/10/10,【考古あれこれ】（8）月見松遺跡の思い出など,伊藤　一夫,38,民俗特集号
伊那路,54,10,645,2010/10/10,【師匠の背中（2）より】（25）小便小僧の大ピンチ,若林　徹男,40,民俗特集号
伊那路,54,10,645,2010/10/10,【上伊那の野外彫刻】（77）石造モニュメント（南箕輪南部小学校）,吉澤　正昭,表紙2,民俗特集号
伊那路,54,9,644,2010/09/10,井月を支えた男　霞松の謎（1）,北村　皆雄,1,井月特集号
伊那路,54,9,644,2010/09/10,「ほかいびと〜伊那の井月〜」ロケ日記　Vol.1　冬・早春編,石曽根　志季子,10,井月特集号
伊那路,54,9,644,2010/09/10,東伊那「宮下家」に残る井月の用文章,宮澤　宏治,18,井月特集号
伊那路,54,9,644,2010/09/10,長谷・大鹿方面の井月ゆかりの地探訪記　「平家落人伝承（長谷・浦および四徳）と漂泊俳人　井上井月の足どりを辿って」に参加して,北澤　弘子,24,井月特集号
伊那路,54,9,644,2010/09/10,井月の句の旅,翁　悦治,27,井月特集号
伊那路,54,9,644,2010/09/10,下島五山記「井月祭」について,竹入　弘元,29,井月特集号
伊那路,54,9,644,2010/09/10,旅から生まれた井月文学,矢島　太郎,32,井月特集号
伊那路,54,9,644,2010/09/10,ウェストンの木曽駒ヶ岳と日英関係,田畑　真一,35,井月特集号
伊那路,54,9,644,2010/09/10,養蚕かるた（5）,山本　勝,37,井月特集号
伊那路,54,9,644,2010/09/10,【文化短信】全貌が見えてきた辰野町の石造物,三浦　孝美,39,井月特集号
伊那路,54,9,644,2010/09/10,【師匠の背中（2）より】（24）おやじの子守歌,若林　徹男,40,井月特集号
伊那路,54,9,644,2010/09/10,【上伊那の野外彫刻】（76）やすらぎ（辰野西小学校）,吉澤　正昭,表紙2,井月特集号
伊那路,54,8,643,2010/08/10,村兵事書類小論　上伊那郡片桐村役場文書から,山本　和重,1,終戦特集号
伊那路,54,8,643,2010/08/10,旧制伊那高等女学校（現弥生ヶ丘高校）生徒の学徒動員　地震・空襲、そして学友の爆死　親達は娘を生きて返してほしいと戦った,岸本　多恵子,19,終戦特集号
伊那路,54,8,643,2010/08/10,国民学校初等科生の記憶　昭和二十年前後,大場　茂明,28,終戦特集号
伊那路,54,8,643,2010/08/10,「戦争遺跡」の実態（1）旧陸軍伊那飛行場の場合,飯塚　政美,34,終戦特集号
伊那路,54,8,643,2010/08/10,短歌　いろはにほへど（2）,野溝　直人,44,終戦特集号
伊那路,54,8,643,2010/08/10,【古文書の窓】（96）矢彦神社祭礼と若者組のこと,三浦　孝美,46,終戦特集号
伊那路,54,8,643,2010/08/10,【師匠の背中（2）より】（23）どじょうの逆さ受け,若林　徹男,48,終戦特集号
伊那路,54,8,643,2010/08/10,【上伊那の野外彫刻】（75）未来（伊那カルチャーパーク）,吉澤　正昭,表紙2,終戦特集号
伊那路,54,7,642,2010/07/10,江戸時代における耕地の開発　高遠藩領川下郷境村についての考察,酒井　巌,1,
伊那路,54,7,642,2010/07/10,明治期から平成期に至る小字の変遷について　辰野町の場合（1）,小林　辰興,11,
伊那路,54,7,642,2010/07/10,思い出の人・思い出の事（4）土屋文明先生（歌人・文化勲章授賞者） 松井芒人先生（アララギ派歌人）,桃澤　匡行,23,
伊那路,54,7,642,2010/07/10,天狗党水戸浪士の和田嶺合戦絵巻について,矢澤　喬治,28,
伊那路,54,7,642,2010/07/10,養蚕かるた（4）,山本　勝,35,
伊那路,54,7,642,2010/07/10,【考古あれこれ】（7）古東山道における天竜川渡河点を考える,田中　清文,36,
伊那路,54,7,642,2010/07/10,【文化短信】「伊那谷学」・「伊那谷まるごと博物館」構想について,山口　通之,38,
伊那路,54,7,642,2010/07/10,【師匠の背中（2）より】（22）雨期の農用具の始末,若林　徹男,40,
伊那路,54,7,642,2010/07/10,【上伊那の野外彫刻】（74）静姿（辰野中学校）,吉澤　正昭,表紙2,
伊那路,54,6,641,2010/06/10,「郷学官」共同の森林活動　伊那市手良・水無山での取り組み,井元　幸子,1,自然と人間との関わり特集号
伊那路,54,6,641,2010/06/10,石造文化財などから見た木曽駒ヶ岳信仰,高田　健三・湯川　喜義・田口　計介,11,自然と人間との関わり特集号
伊那路,54,6,641,2010/06/10,南箕輪の野鳥観察,南箕輪中学校科学技術クラブ,20,自然と人間との関わり特集号
伊那路,54,6,641,2010/06/10,大正時代の東駒ヶ嶽登山案内,山岸　貢,25,自然と人間との関わり特集号
伊那路,54,6,641,2010/06/10,思い出の人・思い出の事（3）宮脇昌三先生（国文学者）,桃澤　匡行,35,自然と人間との関わり特集号
伊那路,54,6,641,2010/06/10,【古文書の窓】（95）文政十二年規定書（高遠領・田原村）,池上　正直,38,自然と人間との関わり特集号
伊那路,54,6,641,2010/06/10,【師匠の背中（2）より】（21）土手の草刈り,若林　徹男,40,自然と人間との関わり特集号
伊那路,54,6,641,2010/06/10,【上伊那の野外彫刻】（73）旅立ち（JR小町屋駅前）,吉澤　正昭,表紙2,自然と人間との関わり特集号
伊那路,54,5,640,2010/05/10,良寛さんは母の三回忌に出雲崎にいた　天明四年（1784）金鳳寺に巡錫したことから,小原　洋一,1,
伊那路,54,5,640,2010/05/10,「手良村報」に見る昭和初期のくらし（4）大不況下のくらしを中心に,宮原　達明,14,
伊那路,54,5,640,2010/05/10,神子柴文化の探究（2）遊動から半定住生活への胎動,田中　清文,21,
伊那路,54,5,640,2010/05/10,思い出の人・思い出の事（2）向山雅重先生（民俗学者）,桃澤　匡行,31,
伊那路,54,5,640,2010/05/10,明音寺の富小路家より寄進された駕籠について,矢澤　喬治,34,
伊那路,54,5,640,2010/05/10,【文化短信】上伊那視聴覚ライブラリー,氣賀澤　厚典,37,
伊那路,54,5,640,2010/05/10,【考古あれこれ】（6）中川村出土の土偶,寺平　宏,38,
伊那路,54,5,640,2010/05/10,【師匠の背中（2）より】（20）酒飲みの鏡,若林　徹男,40,
伊那路,54,5,640,2010/05/10,【上伊那の野外彫刻】（72）明日へ歩ゆむ（西駒郷）,吉澤　正昭,表紙2,
伊那路,54,4,639,2010/04/10,神子柴文化の探究（1）遊動から半定住生活への胎動,田中　清文,1,考古特集号
伊那路,54,4,639,2010/04/10,偶感　中越遺跡の壺形土器,桐原　健,12,考古特集号
伊那路,54,4,639,2010/04/10,飯島氏を考える　若森社遺跡調査から,太田　保,16,考古特集号
伊那路,54,4,639,2010/04/10,残された遺物と教育利用　発掘調査体験を通して,福澤　浩之,24,考古特集号
伊那路,54,4,639,2010/04/10,耳飾りの譜系について　上伊那地方の原始・古代,御子柴　泰正,29,考古特集号
伊那路,54,4,639,2010/04/10,【古文書の窓】（94）村方の記録に見る明治初期貨幣制度改革の実状,伊藤　一夫,38,考古特集号
伊那路,54,4,639,2010/04/10,【師匠の背中（2）より】（19）小さな殺生,若林　徹男,40,考古特集号
伊那路,54,4,639,2010/04/10,【上伊那の野外彫刻】（71）ゆめ遥か（辰野中学校）,吉澤　正昭,表紙2,考古特集号
伊那路,54,3,638,2010/03/10,ある日露戦争出征兵士の生涯,伊藤　修,1,
伊那路,54,3,638,2010/03/10,無量寺本堂前庭石仏群（2）,竹入　弘元,12,
伊那路,54,3,638,2010/03/10,年季明けて念願の独立開業　ある鍛冶職人の場合,山岸　貢,21,
伊那路,54,3,638,2010/03/10,思い出の人・思い出の事（1）佐藤雪洞先生（日本画家）,桃澤　匡行,29,
伊那路,54,3,638,2010/03/10,伊那谷のヤマセミ　民俗の窓を通して（7）,吉田　保晴,33,
伊那路,54,3,638,2010/03/10,【文化短信】現れた文化財、消え去る文化財,伊藤　修,37,
伊那路,54,3,638,2010/03/10,【考古あれこれ】（5）謎の地下室発見余話,赤羽　義洋,38,
伊那路,54,3,638,2010/03/10,【師匠の背中（2）より】（18）豆まき（節分）,若林　徹男,40,
伊那路,54,3,638,2010/03/10,【上伊那の野外彫刻】（70）めいすい（駒ヶ根高原美術館）,吉澤　正昭,表紙2,
伊那路,54,2,637,2010/02/10,箕輪町竜東地区東山山麓歴史の道,小口　恵子,1,上伊那郷土研究交流の集い特集号
伊那路,54,2,637,2010/02/10,天竜川におけるサギ・カモ類の個体数変動,小林　高志,10,上伊那郷土研究交流の集い特集号
伊那路,54,2,637,2010/02/10,短歌　いろはにほへど（1）,野溝　直人,18,上伊那郷土研究交流の集い特集号
伊那路,54,2,637,2010/02/10,無量寺本堂前庭石仏群（1）,竹入　弘元,19,上伊那郷土研究交流の集い特集号
伊那路,54,2,637,2010/02/10,「第十回上伊那郷土研究交流の集い」報告,山口　通之,29,上伊那郷土研究交流の集い特集号
伊那路,54,2,637,2010/02/10,参加することが学ぶこと,岡　久幸,32,上伊那郷土研究交流の集い特集号
伊那路,54,2,637,2010/02/10,先進的な「ふる里からの出発」東山の掘りおこし,唐木　達雄,32,上伊那郷土研究交流の集い特集号
伊那路,54,2,637,2010/02/10,「第十回上伊那郷土研究交流の集い」に参加して,小田切　英雄,33,上伊那郷土研究交流の集い特集号
伊那路,54,2,637,2010/02/10,養蚕かるた（3）,山本　勝,35,上伊那郷土研究交流の集い特集号
伊那路,54,2,637,2010/02/10,【文化短信】旧刊紹介『伊那路』創刊号,清水　満,37,上伊那郷土研究交流の集い特集号
伊那路,54,2,637,2010/02/10,【古文書の窓】（93）天竜川通船の認可願届,酒井　巌,38,上伊那郷土研究交流の集い特集号
伊那路,54,2,637,2010/02/10,【師匠の背中（2）より】（17）小正月,若林　徹男,40,上伊那郷土研究交流の集い特集号
伊那路,54,2,637,2010/02/10,【上伊那の野外彫刻】（69）ふるさとに育つ（川島小学校）,吉澤　正昭,表紙2,上伊那郷土研究交流の集い特集号
伊那路,54,1,636,2010/01/10,地球を守るクリーンエネルギー　旧中沢村（駒ヶ根市中沢）村営発電に学ぶもの,唐木　勉,1,
伊那路,54,1,636,2010/01/10,勒銘石紀行　天山と俊篤と,山岸　貢,7,
伊那路,54,1,636,2010/01/10,昭和二十年代の上伊那考古学事情　本田秀明の考古学原点,桐原　健,14,
伊那路,54,1,636,2010/01/10,「手良村報」に見る昭和初期のくらし　昭和初期の小学校教育,宮原　達明,17,
伊那路,54,1,636,2010/01/10,ウェストンと『日本アルプス』の献上本,田畑　真一,24,
伊那路,54,1,636,2010/01/10,伊那谷のモズの仲間とヒバリ　民俗の窓を通して（6）,吉田　保晴,25,
伊那路,54,1,636,2010/01/10,【文化短信】第十回上伊那郷土研究交流の集い,山本　勝,37,
伊那路,54,1,636,2010/01/10,【考古あれこれ】（4）中道遺跡,赤松　茂,38,
伊那路,54,1,636,2010/01/10,【師匠の背中（2）より】（16）年の瀬,若林　徹男,40,
伊那路,54,1,636,2010/01/10,養蚕かるた,山本　勝,13・36,
伊那路,53,12,635,2009/12/10,沖縄県南大東島へ歴史的な第一歩を,池上　眞澄,1,広域特集号
伊那路,53,12,635,2009/12/10,［第三十四回上伊那歴史研究会県外実地踏査報告］中山道と上信国境の古道を巡り、富岡製糸・秩父事件と信州の関連を現地に探る　実地踏査の概要,北原　利雄,10,広域特集号
伊那路,53,12,635,2009/12/10,［第三十四回上伊那歴史研究会県外実地踏査報告］中山道と上信国境の古道を巡り、富岡製糸・秩父事件と信州の関連を現地に探る　中山道の道筋を巡る旅　長窪（長久保）宿〜笠取峠の松並木,桐山　清一,13,広域特集号
伊那路,53,12,635,2009/12/10,［第三十四回上伊那歴史研究会県外実地踏査報告］中山道と上信国境の古道を巡り、富岡製糸・秩父事件と信州の関連を現地に探る　中山道芦田宿から望月宿へ,内藤　りつ子,18,広域特集号
伊那路,53,12,635,2009/12/10,［第三十四回上伊那歴史研究会県外実地踏査報告］中山道と上信国境の古道を巡り、富岡製糸・秩父事件と信州の関連を現地に探る　今に生きる五郎兵衛用水を訪ねて,内城　正登,22,広域特集号
伊那路,53,12,635,2009/12/10,［第三十四回上伊那歴史研究会県外実地踏査報告］中山道と上信国境の古道を巡り、富岡製糸・秩父事件と信州の関連を現地に探る　富岡製糸場,中村　敬,25,広域特集号
伊那路,53,12,635,2009/12/10,［第三十四回上伊那歴史研究会県外実地踏査報告］中山道と上信国境の古道を巡り、富岡製糸・秩父事件と信州の関連を現地に探る　信州における秩父事件の足跡,矢澤　静二,28,広域特集号
伊那路,53,12,635,2009/12/10,［第三十四回上伊那歴史研究会県外実地踏査報告］中山道と上信国境の古道を巡り、富岡製糸・秩父事件と信州の関連を現地に探る　県外実地踏査に参加して,伊藤　一夫,35,広域特集号
伊那路,53,12,635,2009/12/10,【古文書の窓】（92）養女に百姓名前を譲るに付一札,下平　すみ子,38,広域特集号
伊那路,53,12,635,2009/12/10,【文化短信】「池泉堂文化サロン」に参加して,矢島　倉之,40,広域特集号
伊那路,53,12,635,2009/12/10,【師匠の背中（2）より】（15）足・腰を踏め,若林　徹男,41,広域特集号
伊那路,53,12,635,2009/12/10,【上伊那の野外彫刻】（68）信濃の娘（辰野高等学校）,吉澤　正昭,表紙2,広域特集号
伊那路,53,11,634,2009/11/10,乞食者・井月　放浪の系譜のなかにみる,北村　皆雄,1,
伊那路,53,11,634,2009/11/10,上伊那教育会所蔵秀作展の「伊沢コーナー」を見て『小学唱歌　壱』の教材「からす」から思うこと,竹渕　修二,10,
伊那路,53,11,634,2009/11/10,幕末の箕輪地方の狂歌について,矢澤　喬治,21,
伊那路,53,11,634,2009/11/10,伊那谷のコジュケイ　民俗の窓を通して（5）,吉田　保晴,26,
伊那路,53,11,634,2009/11/10,流れる五戸川は生きている　保科氏の最上移封と会津藩の戊辰役後の斗南転封をめぐって,倉沢　健郎,28,
伊那路,53,11,634,2009/11/10,【文化短信】相次いで枯れる天然記念物の古木,三浦　孝美,37,
伊那路,53,11,634,2009/11/10,【考古あれこれ】（3）遺跡と遺物の整合性について,飯塚　政美,38,
伊那路,53,11,634,2009/11/10,【師匠の背中（2）より】（14）稲藁の保存「にょう積み」,若林　徹男,40,
伊那路,53,11,634,2009/11/10,【上伊那の野外彫刻】（67）高きあこがれ（飯島中学校）,吉澤　正昭,表紙2,
伊那路,53,10,633,2009/10/10,伊那市西箕輪羽広仲仙寺の神願様,中崎　隆生,1,民俗特集号
伊那路,53,10,633,2009/10/10,山岳信仰の起源と西春近の権現山信仰,飯塚　政美,10,民俗特集号
伊那路,53,10,633,2009/10/10,今に伝わる「道切り」の大草履,桃澤　匡行,18,民俗特集号
伊那路,53,10,633,2009/10/10,昭和初年の鍛工場開業広告の考察,伊藤　一夫,20,民俗特集号
伊那路,53,10,633,2009/10/10,箕輪南宮神社「鹿踊り」の古文書発見,竹入　弘元,21,民俗特集号
伊那路,53,10,633,2009/10/10,伊那谷のキジ・オナガ・ムクドリ・ヒヨドリ　民俗の窓を通して（4）,吉田　保晴,26,民俗特集号
伊那路,53,10,633,2009/10/10,【文化短信】殿島橋,下平　道子,37,民俗特集号
伊那路,53,10,633,2009/10/10,【古文書の窓】（91）矢彦神社御柱人足勤仕一札のこと,三浦　孝美,38,民俗特集号
伊那路,53,10,633,2009/10/10,【師匠の背中（2）より】（13）灰の食器処理,若林　徹男,40,民俗特集号
伊那路,53,10,633,2009/10/10,【上伊那の野外彫刻】（66）若竹（南箕輪中学校）,吉澤　正昭,表紙2,民俗特集号
伊那路,53,9,632,2009/09/10,今は昔、美無組合製糸の跡をたずねて　ある糸取り姉妹とのかかわりから,山岸　貢,1,
伊那路,53,9,632,2009/09/10,「伊那の三女」ところどころ,桃澤　匡行,12,
伊那路,53,9,632,2009/09/10,箕輪の平田門人と小林義治の神代文字の墓碑,矢澤　喬治,20,
伊那路,53,9,632,2009/09/10,伊那谷のワシ・タカの仲間　民俗の窓を通して（3）,吉田　保晴,25,
伊那路,53,9,632,2009/09/10,バリ島とジャワ島の寺院,山本　勝,31,
伊那路,53,9,632,2009/09/10,【文化短信】南アルプスとその周辺の自然・文化をめぐる動向,山口　通之,36,
伊那路,53,9,632,2009/09/10,【考古あれこれ】（2）夏休みの一研究「竪穴住居」造り,田中　清文,38,
伊那路,53,9,632,2009/09/10,【師匠の背中（2）より】（12）秋の野良仕事（稲刈り）,若林　徹男,40,
伊那路,53,9,632,2009/09/10,【上伊那の野外彫刻】（65）ぼくらのゆめ（辰野東小学校）,吉澤　正昭,表紙2,
伊那路,53,8,631,2009/08/10,陸軍伊那飛行場付属地下壕と「御園工場」　補充された陸軍伊那飛行場の歴史　その2,久保田　誼,1,終戦特集号
伊那路,53,8,631,2009/08/10,戦前にラジオ放送された「千人塚城ヶ池」築造の経緯　七久保村長高坂宗重の農村経済更生事業実践談,伊藤　一夫,10,終戦特集号
伊那路,53,8,631,2009/08/10,「手良村報」に見る昭和初期のくらし（2）青年団体と戦争への道・軍国主義の進行,宮原　達明,19,終戦特集号
伊那路,53,8,631,2009/08/10,陸軍兵隊生活と戦時体験地訪問,矢島　太郎,28,終戦特集号
伊那路,53,8,631,2009/08/10,中川村に残された戦時下の行政文書,三浦　孝美,32,終戦特集号
伊那路,53,8,631,2009/08/10,【文化短信】歴史の里,吉田　保晴,37,終戦特集号
伊那路,53,8,631,2009/08/10,【古文書の窓】（90）台地上の原野開発,池上　正直,38,終戦特集号
伊那路,53,8,631,2009/08/10,【師匠の背中（2）より】（11）村祭り行き,若林　徹男,40,終戦特集号
伊那路,53,8,631,2009/08/10,【上伊那の野外彫刻】（64）かめ（トゥインクル本町マンション前）,吉澤　正昭,表紙2,終戦特集号
伊那路,53,7,630,2009/07/10,「四徳と井月句碑めぐり」を振り返って,宮澤　宏治,1,井月特集号
伊那路,53,7,630,2009/07/10,手良における井月の動勢とゆかりの句碑建立,宮原　達明,13,井月特集号
伊那路,53,7,630,2009/07/10,長良川に佇む井月,矢島　太郎,22,井月特集号
伊那路,53,7,630,2009/07/10,『井上井月展 in 葛飾』を開催して,加藤　すみ子,25,井月特集号
伊那路,53,7,630,2009/07/10,俳人　井上井月と「薬喰」,堀田　澄子,27,井月特集号
伊那路,53,7,630,2009/07/10,元禄検地帳に見る川下り郷一耕地の土地開発状況,酒井　巌,29,井月特集号
伊那路,53,7,630,2009/07/10,伊那谷から甲州へ渡った為清の鰐口,桃澤　匡行,36,井月特集号
伊那路,53,7,630,2009/07/10,【文化短信】「合唱団・交流演奏会」のため訪韓,堀田　澄子,39,井月特集号
伊那路,53,7,630,2009/07/10,【師匠の背中（2）より】（10）真空管,若林　徹男,40,井月特集号
伊那路,53,7,630,2009/07/10,【上伊那の野外彫刻】（63）王妃（株式会社ヤマウラ本社）,吉澤　正昭,表紙2,井月特集号
伊那路,53,6,629,2009/06/10,伊那谷のツバメ類　民俗の窓を通して（2）,吉田　保晴,1,自然と人間との関わり特集号
伊那路,53,6,629,2009/06/10,住民の選好景観から見る、これからの景観施策への提案　伊那市西箕輪地区の調査から,毛利　文陽,14,自然と人間との関わり特集号
伊那路,53,6,629,2009/06/10,身近な地域の調査　西箕輪ウォッチング　社会科授業での地域学習の試み,水上　俊雄,24,自然と人間との関わり特集号
伊那路,53,6,629,2009/06/10,「手良村報」に見る昭和初期のくらし（1）十三年間続いた「手良村報」,宮原　達明,34,自然と人間との関わり特集号
伊那路,53,6,629,2009/06/10,【古文書の窓】（89）「大田切川にて　夫　流死仕り候」,小木曽　伸一,38,自然と人間との関わり特集号
伊那路,53,6,629,2009/06/10,【師匠の背中（2）より】（9）散炭を使う時,若林　徹男,40,自然と人間との関わり特集号
伊那路,53,6,629,2009/06/10,【上伊那の野外彫刻】（62）希望（中川東小学校）,吉澤　正昭,表紙2,自然と人間との関わり特集号
伊那路,53,5,628,2009/05/10,カンボジアに学校を建てる,内藤　英昭,1,カンボジアに学校を建てる特集号
伊那路,53,5,628,2009/05/10,チョアムプカー小学校贈呈式　挨拶他,,5,カンボジアに学校を建てる特集号
伊那路,53,5,628,2009/05/10,創作童話　ケンのひとりごと,東條　美智子,12,カンボジアに学校を建てる特集号
伊那路,53,5,628,2009/05/10,教育なくして国の発展なし,唐澤　等,14,カンボジアに学校を建てる特集号
伊那路,53,5,628,2009/05/10,正に僻村のチョアムプカー,福澤　祐司,15,カンボジアに学校を建てる特集号
伊那路,53,5,628,2009/05/10,SVAの活動を現地でみて,福澤　由紀子,16,カンボジアに学校を建てる特集号
伊那路,53,5,628,2009/05/10,カンボジア「感動」の旅,玉木　幸治,18,カンボジアに学校を建てる特集号
伊那路,53,5,628,2009/05/10,百聞は一見に如かず,川崎　玲子,19,カンボジアに学校を建てる特集号
伊那路,53,5,628,2009/05/10,ボランティアの決意あらたに,池上　美恵子,20,カンボジアに学校を建てる特集号
伊那路,53,5,628,2009/05/10,絵本を贈る活動から,野原　和子,22,カンボジアに学校を建てる特集号
伊那路,53,5,628,2009/05/10,長桂寺テンプル,漆戸　栄子,23,カンボジアに学校を建てる特集号
伊那路,53,5,628,2009/05/10,アンコール遺蹟,清水　満,24,カンボジアに学校を建てる特集号
伊那路,53,5,628,2009/05/10,世界遺産ハロン湾,唐澤　信雄,27,カンボジアに学校を建てる特集号
伊那路,53,5,628,2009/05/10,上伊那一円発見の方形周溝墓の実態（2）,飯塚　政美,30,カンボジアに学校を建てる特集号
伊那路,53,5,628,2009/05/10,木曽駒ヶ岳への宗教心,田畑　真一,43,カンボジアに学校を建てる特集号
伊那路,53,5,628,2009/05/10,【文化短信】祝う御出版『上伊那教育会所蔵文化財　目録と考察』,竹入　弘元,45,カンボジアに学校を建てる特集号
伊那路,53,5,628,2009/05/10,【考古あれこれ】（1）高尾第一遺跡と私,伊藤　修,46,カンボジアに学校を建てる特集号
伊那路,53,5,628,2009/05/10,【師匠の背中（2）より】（8）散炭焼き,若林　徹男,48,カンボジアに学校を建てる特集号
伊那路,53,5,628,2009/05/10,【上伊那の野外彫刻】（61）清心（赤穂高等学校）,吉澤　正昭,表紙2,カンボジアに学校を建てる特集号
伊那路,53,4,627,2009/04/10,関わった上伊那の遺跡によせて　下伊那人の私が,神村　透,1,考古特集号
伊那路,53,4,627,2009/04/10,神子柴遺跡の意味するもの,堤　隆,9,考古特集号
伊那路,53,4,627,2009/04/10,有孔鍔付土器考と上伊那におけるその分布,御子柴　泰正,15,考古特集号
伊那路,53,4,627,2009/04/10,上伊那郡中川村対谷原遺跡発掘調査から,太田　保,23,考古特集号
伊那路,53,4,627,2009/04/10,上伊那一円発見の方形周溝墓の実態（1）,飯塚　政美,30,考古特集号
伊那路,53,4,627,2009/04/10,資料紹介　三角形多頭石斧とその付近出土の土器,本田　秀明,36,考古特集号
伊那路,53,4,627,2009/04/10,【文化短信】たつのアートフォーラム,赤羽　義洋,37,考古特集号
伊那路,53,4,627,2009/04/10,【古文書の窓】（88）支配役所に添簡発行を願い出た文書,清水　満,38,考古特集号
伊那路,53,4,627,2009/04/10,【師匠の背中（2）より】（7）精米,若林　徹男,40,考古特集号
伊那路,53,4,627,2009/04/10,【上伊那の野外彫刻】（60）あこがれ（JR駒ヶ根駅前）,吉澤　正昭,表紙2,考古特集号
伊那路,53,3,626,2009/03/10,伊那谷の南と北,三石　稔,1,
伊那路,53,3,626,2009/03/10,新発見の阪本天山伝記　松田黄牛「天山先生小伝」,林　洋一,16,
伊那路,53,3,626,2009/03/10,西天竜水田の全分水槽踏査報告,若林　博,21,
伊那路,53,3,626,2009/03/10,山伏塚と雁高大明神,宮原　達明,27,
伊那路,53,3,626,2009/03/10,信州・伊那の「農」からはじまる新しい途上国支援　その三　帰国報告会からその意義を考える,根本　和洋,32,
伊那路,53,3,626,2009/03/10,【文化短信】木下育成会「ふれあい昔の遊び」,山本　勝,37,
伊那路,53,3,626,2009/03/10,【上伊那遺跡めぐり】（66）上の林遺跡出土の二単位抽象文上底有孔鍔付土器,赤松　茂,38,
伊那路,53,3,626,2009/03/10,【師匠の背中（2）より】（6）籾すり（うすひき）,若林　徹男,40,
伊那路,53,3,626,2009/03/10,【上伊那の野外彫刻】（59）はぐくみ（辰野南小学校）,吉澤　正昭,表紙2,
伊那路,53,2,625,2009/02/10,くらしの中で育つみやだの古木・名木について,小田切　須賀雄,1,上伊那郷土研究交流の集い特集号
伊那路,53,2,625,2009/02/10,戦国時代の山城　宮田城址保存会の活動について,小田切　藤彦,8,上伊那郷土研究交流の集い特集号
伊那路,53,2,625,2009/02/10,郷土学習の推進に思う,松澤　英太郎,14,上伊那郷土研究交流の集い特集号
伊那路,53,2,625,2009/02/10,「第九回上伊那郷土研究交流の集い」報告,下平　道子,19,上伊那郷土研究交流の集い特集号
伊那路,53,2,625,2009/02/10,「郷土研究交流の集い」に初参加して,若林　博,21,上伊那郷土研究交流の集い特集号
伊那路,53,2,625,2009/02/10,向山雅重民俗資料館を訪れて,丸山　輝子,22,上伊那郷土研究交流の集い特集号
伊那路,53,2,625,2009/02/10,伊那谷の鳥（1）民俗の窓を通して,吉田　保晴,24,上伊那郷土研究交流の集い特集号
伊那路,53,2,625,2009/02/10,那須野さん　ところどころ（続）,桃澤　匡行,32,上伊那郷土研究交流の集い特集号
伊那路,53,2,625,2009/02/10,【師匠の背中（2）より】（5）脱穀作業（稲扱き）,若林　徹男,40,上伊那郷土研究交流の集い特集号
伊那路,53,2,625,2009/02/10,【上伊那の野外彫刻】（58）希望（七久保小学校）,吉澤　正昭,表紙2,上伊那郷土研究交流の集い特集号
伊那路,53,1,624,2009/01/10,県内初の「景観育成特定地区」指定の歩み　伊那市西箕輪地区,山口　通之,1,
伊那路,53,1,624,2009/01/10,新発見の阪本天山肖像画,林　洋一,12,
伊那路,53,1,624,2009/01/10,幕府から火鉢を拝領した眼医樋口三生について,矢澤　喬治,19,
伊那路,53,1,624,2009/01/10,天竜川柵立枠立替目論見　上伊那郡伊奈部村上牧・野底,竹入　弘元,23,
伊那路,53,1,624,2009/01/10,信州・伊那の「農」からはじまる新しい途上国支援　その二、フォローアップ事業でグアテマラへ,根本　和洋,27,
伊那路,53,1,624,2009/01/10,【文化短信】長野市での井月展を終えて,矢島　信之,37,
伊那路,53,1,624,2009/01/10,【古文書の窓】（87）中山道への初めての加助郷の記録,下平　すみ子,38,
伊那路,53,1,624,2009/01/10,【師匠の背中（2）より】（4）藁草履,若林　徹男,40,
伊那路,52,12,623,2008/12/10,信州・伊那の「農」からはじまる新しい途上国支援　その一、JICAグアテマラ人研修生の受け入れ,根本　和洋,1,広域特集号
伊那路,52,12,623,2008/12/10,［第三十三回上伊那歴史研究会県外実地踏査報告］秋葉街道に信仰の道と塩の道を訪ね、遠江と上伊那との関連を現地に探る　実地踏査の概要,北原　利雄,9,広域特集号
伊那路,52,12,623,2008/12/10,［第三十三回上伊那歴史研究会県外実地踏査報告］秋葉街道に信仰の道と塩の道を訪ね、遠江と上伊那との関連を現地に探る　秋葉街道を訪ねて,芦部　公一,12,広域特集号
伊那路,52,12,623,2008/12/10,［第三十三回上伊那歴史研究会県外実地踏査報告］秋葉街道に信仰の道と塩の道を訪ね、遠江と上伊那との関連を現地に探る　秋葉信仰の中心　秋葉神社を訪ねて,内城　正登,16,広域特集号
伊那路,52,12,623,2008/12/10,［第三十三回上伊那歴史研究会県外実地踏査報告］秋葉街道に信仰の道と塩の道を訪ね、遠江と上伊那との関連を現地に探る　秋葉山〜可睡齋,福興　雅寿,19,広域特集号
伊那路,52,12,623,2008/12/10,［第三十三回上伊那歴史研究会県外実地踏査報告］秋葉街道に信仰の道と塩の道を訪ね、遠江と上伊那との関連を現地に探る　塩の道の起点　相良,内藤　りつ子,22,広域特集号
伊那路,52,12,623,2008/12/10,［第三十三回上伊那歴史研究会県外実地踏査報告］秋葉街道に信仰の道と塩の道を訪ね、遠江と上伊那との関連を現地に探る　金原明善とその業績、浜松城について,矢田　直也,25,広域特集号
伊那路,52,12,623,2008/12/10,［第三十三回上伊那歴史研究会県外実地踏査報告］秋葉街道に信仰の道と塩の道を訪ね、遠江と上伊那との関連を現地に探る　宗良親王ゆかりの地「井伊谷」を訪ねて,宮脇　正実,31,広域特集号
伊那路,52,12,623,2008/12/10,［第三十三回上伊那歴史研究会県外実地踏査報告］秋葉街道に信仰の道と塩の道を訪ね、遠江と上伊那との関連を現地に探る　県外実地踏査に参加して,氣賀澤　厚典,34,広域特集号
伊那路,52,12,623,2008/12/10,シンガポールでの生活,北原　安門,37,広域特集号
伊那路,52,12,623,2008/12/10,【上伊那遺跡めぐり】（65）辰野の近代遺跡　肖像彫刻の表象,赤羽　義洋,40,広域特集号
伊那路,52,12,623,2008/12/10,【師匠の背中（2）より】（3）縄を綯う,若林　徹男,42,広域特集号
伊那路,52,12,623,2008/12/10,【上伊那の野外彫刻】（57）時を刳り貫く（飯島町役場）,吉澤　正昭,表紙2,広域特集号
伊那路,52,11,622,2008/11/10,伊那市西春近西方域の山や川を探る　今、奥山は,酒井　卓実,1,
伊那路,52,11,622,2008/11/10,古代の諏訪と基層諏訪信仰の謎（4）ミシャグジ神と柴宮銅鐸の一視点,田中　清文,9,
伊那路,52,11,622,2008/11/10,丸丁池上家文書にみる『御公儀様・御領主様御触書』について（18）,長谷川　正次,22,
伊那路,52,11,622,2008/11/10,ウェストンと一番風呂,田畑　真一,32,
伊那路,52,11,622,2008/11/10,三内丸山遺跡の見学,山本　勝,34,
伊那路,52,11,622,2008/11/10,【文化短信】地籍調査,下平　道子,37,
伊那路,52,11,622,2008/11/10,【古文書の窓】（86）大事業の一環、伊能忠敬「測量方先触」,竹入　弘元,38,
伊那路,52,11,622,2008/11/10,【師匠の背中（2）より】（2）ねこを織る,若林　徹男,40,
伊那路,52,11,622,2008/11/10,【上伊那の野外彫刻】（56）若もの（箕輪東小学校）,吉澤　正昭,表紙2,
伊那路,52,10,621,2008/10/10,遊びの空間から読み取る,三石　稔,1,民俗特集号
伊那路,52,10,621,2008/10/10,田畑区・御園区等に伝わる諏訪大社上社御頭祭への奉仕,松澤　英太郎,16,民俗特集号
伊那路,52,10,621,2008/10/10,祖父の日記に見る明治期の刈敷山作業の実情,矢島　信之,22,民俗特集号
伊那路,52,10,621,2008/10/10,機械が解明してくれたわらべ歌のリズム　日本固有の伝統的なリズムをもつわらべ歌,竹渕　修二,30,民俗特集号
伊那路,52,10,621,2008/10/10,飯島町鳥居原のいぼ神様,中島　淑雄,35,民俗特集号
伊那路,52,10,621,2008/10/10,【文化短信】「小野のシダレグリ自生地」保全友の会,三浦　孝美,37,民俗特集号
伊那路,52,10,621,2008/10/10,【上伊那遺跡めぐり】（64）中世遺跡として著名な堂垣外遺跡,飯塚　政美,38,民俗特集号
伊那路,52,10,621,2008/10/10,師匠の背中（2）より,若林　徹男,40,民俗特集号
伊那路,52,10,621,2008/10/10,【上伊那の野外彫刻】（55）飛躍（箕輪町ふれあい広場）,吉澤　正昭,表紙2,民俗特集号
伊那路,52,9,620,2008/09/10,小林勇、横浜事件、大江・岩波訴訟　かつての轍を踏むまじ,今井　康之,1,
伊那路,52,9,620,2008/09/10,トラック島戦場体験記,山口　英美・矢島　太郎,17,
伊那路,52,9,620,2008/09/10,丸丁池上家文書にみる『御公儀様・御領主様御触書』について（17）,長谷川　正次,21,
伊那路,52,9,620,2008/09/10,「源氏三枕」の筆写本について,桃澤　匡行,32,
伊那路,52,9,620,2008/09/10,【古文書の窓】（85）上伊那郷中倹約定書のこと,三浦　孝美,38,
伊那路,52,9,620,2008/09/10,【上伊那の野外彫刻】（54）香（辰野東小学校）,吉澤　正昭,表紙2,
伊那路,52,8,619,2008/08/10,伊那市の旧日本陸軍飛行場跡地を訪ねて,金　廣烈,1,終戦特集号
伊那路,52,8,619,2008/08/10,金廣烈氏来伊と地域研究の課題,久保田　誼,4,終戦特集号
伊那路,52,8,619,2008/08/10,旧制伊那中学校（現伊那北高校）生の戦時体験　プロローグ,,5,終戦特集号
伊那路,52,8,619,2008/08/10,旧制伊那中学校（現伊那北高校）生の戦時体験　「学徒勤労令」による動員と名古屋での空襲罹災メモ,原　隆男,6,終戦特集号
伊那路,52,8,619,2008/08/10,旧制伊那中学校（現伊那北高校）生の戦時体験　名古屋空襲罹災体験,田中　三郎,11,終戦特集号
伊那路,52,8,619,2008/08/10,旧制伊那中学校（現伊那北高校）生の戦時体験　学徒動員顛末記,矢島　太郎,13,終戦特集号
伊那路,52,8,619,2008/08/10,旧制伊那中学校（現伊那北高校）生の戦時体験　工場動員中のこと,武井　信典,16,終戦特集号
伊那路,52,8,619,2008/08/10,旧制伊那中学校（現伊那北高校）生の戦時体験　俺たちの「学徒勤労令」,福田　悦蔵,17,終戦特集号
伊那路,52,8,619,2008/08/10,旧制伊那中学校（現伊那北高校）生の戦時体験　戦争、この残酷さ空しさ,三沢　貞雄,19,終戦特集号
伊那路,52,8,619,2008/08/10,旧制伊那中学校（現伊那北高校）生の戦時体験　太平洋戦争期のわが中学時代,井口　源吾,21,終戦特集号
伊那路,52,8,619,2008/08/10,旧制伊那中学校（現伊那北高校）生の戦時体験　戦時下の中学校生活,清水　一郎,23,終戦特集号
伊那路,52,8,619,2008/08/10,興亜学生勤労報国隊・満洲建設勤労奉仕隊の農業学校隊に参加して　上伊那農業学校（現上農高校）,矢澤　喬治,25,終戦特集号
伊那路,52,8,619,2008/08/10,日記が語る伊那高等女学校（現伊那弥生ヶ丘高校）生の勤労奉仕,梅垣　久子・平出　利男,32,終戦特集号
伊那路,52,8,619,2008/08/10,【上伊那で見られる日本古来の植物】（24）コバノガマズミ,小田切　英雄,40,終戦特集号
伊那路,52,8,619,2008/08/10,【上伊那の野外彫刻】（53）清純（箕輪北小学校）,吉澤　正昭,表紙2,終戦特集号
伊那路,52,7,618,2008/07/10,歴史の中の「地域認識」　「領主的」地域認識と「農民的」地域認識,小木曽　伸一,1,
伊那路,52,7,618,2008/07/10,古代の諏訪と基層諏訪信仰の謎（3）ミシャグジ神と柴宮銅鐸の一視点,田中　清文,14,
伊那路,52,7,618,2008/07/10,赤い夕日の満洲で汗と涙の百日間　興亜学生勤労報国隊参加記録,唐木　勉,25,
伊那路,52,7,618,2008/07/10,【古文書の窓】（84）旧高遠藩主卒去報知状,伊藤　一夫,38,
伊那路,52,7,618,2008/07/10,【文化短信】いな少年少女合唱団,堀田　澄子,40,
伊那路,52,7,618,2008/07/10,【上伊那の野外彫刻】（52）きよらか（手良小学校）,吉澤　正昭,表紙2,
伊那路,52,6,617,2008/06/10,千畳敷カールに出現するサル,吉田　保晴,1,自然と人間の関わり特集号
伊那路,52,6,617,2008/06/10,駒ヶ根市の竜西地区で見られる鳥類　方形区調査の結果より,松崎　善幸,10,自然と人間の関わり特集号
伊那路,52,6,617,2008/06/10,辰野町赤羽土石流災害と地質「平成十八年七月豪雨災害」被災地を訪ねて,有賀　泰司,18,自然と人間の関わり特集号
伊那路,52,6,617,2008/06/10,美篶の二番井の昔と今　三峰川本流と支流からの取水にかけた先人の苦労,矢島　信之,26,自然と人間の関わり特集号
伊那路,52,6,617,2008/06/10,神子柴簡易水道の開設　先人に感謝,原　旭一,34,自然と人間の関わり特集号
伊那路,52,6,617,2008/06/10,【文化短信】駒ヶ根高原探鳥会,吉田　保晴,39,自然と人間の関わり特集号
伊那路,52,6,617,2008/06/10,【上伊那で見られる日本古来の植物】（23）カントウタンポポ,小田切　英雄,40,自然と人間の関わり特集号
伊那路,52,6,617,2008/06/10,【上伊那の野外彫刻】（51）矢羽根の像（春富中学校）,吉澤　正昭,表紙2,自然と人間の関わり特集号
伊那路,52,5,616,2008/05/10,仲仙寺千匹馬大絵馬単独奉納者「千村勘兵衛」考,伊藤　一夫,1,
伊那路,52,5,616,2008/05/10,現代ハーモニカ事情　ハーモニカ講座を通して,山本　勝,14,
伊那路,52,5,616,2008/05/10,那須野おさん　ところどころ,桃澤　匡行,20,
伊那路,52,5,616,2008/05/10,古代の諏訪と基層諏訪信仰の謎（2）ミシャグジ神と柴宮銅鐸の一視点,田中　清文,26,
伊那路,52,5,616,2008/05/10,『長野県民の戦後60年史』の企画と執筆に関わって,山口　通之,36,
伊那路,52,5,616,2008/05/10,【古文書の窓】（83）善光寺参りと一家族の受難　幕末,池上　正直,38,
伊那路,52,5,616,2008/05/10,【上伊那の野外彫刻】（50）清純（長谷中学校）,吉澤　正昭,表紙2,
伊那路,52,4,615,2008/04/10,古代における伊那郡と諏訪郡の郡界について　伊那部・諏訪形地名による考察,御子柴　泰正,1,考古・古代特集号
伊那路,52,4,615,2008/04/10,伊那市鼠平採集の壺形土器から　根津清志氏保存の壺形土器から鼠平の遺跡像を考える,太田　保,14,考古・古代特集号
伊那路,52,4,615,2008/04/10,古代の諏訪と基層諏訪信仰の謎（1）ミシャグジ神と柴宮銅鐸の一視点,田中　清文,20,考古・古代特集号
伊那路,52,4,615,2008/04/10,舟山遺跡出土の縄文晩期青銅器,飯塚　政美,31,考古・古代特集号
伊那路,52,4,615,2008/04/10,清水庵こぼればなし　その3,酒井　巌,34,考古・古代特集号
伊那路,52,4,615,2008/04/10,【文化短信】駒ヶ根市東伊那下塩田出土の古銭,清水　満,37,考古・古代特集号
伊那路,52,4,615,2008/04/10,【上伊那遺跡めぐり】（63）中越遺跡,小池　孝,38,考古・古代特集号
伊那路,52,4,615,2008/04/10,【上伊那で見られる日本古来の植物】（22）ネコヤナギ,小田切　英雄,40,考古・古代特集号
伊那路,52,4,615,2008/04/10,【上伊那の野外彫刻】（49）向上進取（赤穂小学校）,吉澤　正昭,表紙2,考古・古代特集号
伊那路,52,3,614,2008/03/10,三州街道の開鑿と橋梁の架設　明治の馬車交通に対応した道づくり,山浦　直人,1,
伊那路,52,3,614,2008/03/10,丸丁池上家文書にみる『御公儀様・御領主様御触書』について（16）,長谷川　正次,21,
伊那路,52,3,614,2008/03/10,二冊の歌集と「上伊那地理歴史唱歌」の思い出,矢澤　喬治,31,
伊那路,52,3,614,2008/03/10,清水庵こぼればなし　その2,酒井　巌,34,
伊那路,52,3,614,2008/03/10,【文化短信】貴重な教育史資料、旧西春近中学校の棟札,伊藤　一夫,37,
伊那路,52,3,614,2008/03/10,【古文書の窓】（82）天狗党の動向を知らせる下諏訪宿からの手紙,下平　すみ子,38,
伊那路,52,3,614,2008/03/10,【上伊那で見られる日本古来の植物】（21）リュウノウギク,小田切　英雄,40,
伊那路,52,3,614,2008/03/10,【上伊那の野外彫刻】（48）静心（高遠高校）,吉澤　正昭,表紙2,
伊那路,52,2,613,2008/02/10,その生涯を薩長、そして軍閥と闘い抜いた男　伊澤多喜男,北原　隆夫,1,上伊那郷土研究交流の集い特集号
伊那路,52,2,613,2008/02/10,豪雨災害はどのように進行したか　上伊那地方における局地気象の研究（平成十八年七月豪雨）,足助　武彦,9,上伊那郷土研究交流の集い特集号
伊那路,52,2,613,2008/02/10,俳句　雪仙丈岳,酒井　昌好,18,上伊那郷土研究交流の集い特集号
伊那路,52,2,613,2008/02/10,上伊那の中世城館跡考　飯島・中川地区を中心に,氣賀澤　厚典,19,上伊那郷土研究交流の集い特集号
伊那路,52,2,613,2008/02/10,第八回上伊那郷土研究交流の集い　報告,,25,上伊那郷土研究交流の集い特集号
伊那路,52,2,613,2008/02/10,「郷土研究交流の集い」雑感,小松　峰人,27,上伊那郷土研究交流の集い特集号
伊那路,52,2,613,2008/02/10,参加してよかった「上伊那郷土研究交流の集い」,原　旭一,29,上伊那郷土研究交流の集い特集号
伊那路,52,2,613,2008/02/10,建福寺とその周辺の石造文化財,竹入　弘元,31,上伊那郷土研究交流の集い特集号
伊那路,52,2,613,2008/02/10,【文化短信】黒牛の「風三郎神社奥の院」探訪記,伊藤　修,37,上伊那郷土研究交流の集い特集号
伊那路,52,2,613,2008/02/10,【上伊那遺跡めぐり】（62）荒城遺跡,赤松　茂,38,上伊那郷土研究交流の集い特集号
伊那路,52,2,613,2008/02/10,【上伊那で見られる日本古来の植物】（20）トリカブト,小田切　英雄,40,上伊那郷土研究交流の集い特集号
伊那路,52,2,613,2008/02/10,【上伊那の野外彫刻】（47）ひびきあい（中川中学校）,吉澤　正昭,表紙2,上伊那郷土研究交流の集い特集号
伊那路,52,1,612,2008/01/10,姿を現した片桐の理兵衛堤防　発掘確認調査の概要について,中川村教育委員会,1,
伊那路,52,1,612,2008/01/10,山村甚兵衛と千村平右衛門（3）二人の「木曽衆」の領地経営,小木曽　伸一,12,
伊那路,52,1,612,2008/01/10,高遠町出身の歴史画家　江崎孝坪（続）　代表作「手向け」によせて,折井　宏光,18,
伊那路,52,1,612,2008/01/10,空木岳残照（3）大田切郷における古代から中世へ　伊那郡「大徳王寺城の合戦」始末記（前篇）,田中　清文,25,
伊那路,52,1,612,2008/01/10,【古文書の窓】（81）登山に言いがかり、入牢事件,竹入　弘元,38,
伊那路,52,1,612,2008/01/10,【文化短信】骨壷の宇宙,赤羽　義洋,40,
伊那路,51,12,611,2007/12/10,民間交流が生んだ沖縄県南大東島との学校間交流,太田　宏,1,広域特集号
伊那路,51,12,611,2007/12/10,ホームステイを経験して,堀田　澄子,9,広域特集号
伊那路,51,12,611,2007/12/10,［第三十二回上伊那歴史研究会県外実地踏査報告］北信地方と中越長岡方面の史跡を訪ね、上伊那との関連を現地に探る　実地踏査の概要,北原　利雄,10,広域特集号
伊那路,51,12,611,2007/12/10,［第三十二回上伊那歴史研究会県外実地踏査報告］北信地方と中越長岡方面の史跡を訪ね、上伊那との関連を現地に探る　保科氏の里　長野市若穂,渡辺　弘行,13,広域特集号
伊那路,51,12,611,2007/12/10,［第三十二回上伊那歴史研究会県外実地踏査報告］北信地方と中越長岡方面の史跡を訪ね、上伊那との関連を現地に探る　火焔型土器のふるさと　中越の博物館を訪ねて,宮脇　正実,15,広域特集号
伊那路,51,12,611,2007/12/10,［第三十二回上伊那歴史研究会県外実地踏査報告］北信地方と中越長岡方面の史跡を訪ね、上伊那との関連を現地に探る　火焔型土器を求めて,北原　創平,18,広域特集号
伊那路,51,12,611,2007/12/10,［第三十二回上伊那歴史研究会県外実地踏査報告］北信地方と中越長岡方面の史跡を訪ね、上伊那との関連を現地に探る　『きわどい夢、破れたり』慈眼寺・河井継之助,矢澤　静二,20,広域特集号
伊那路,51,12,611,2007/12/10,［第三十二回上伊那歴史研究会県外実地踏査報告］北信地方と中越長岡方面の史跡を訪ね、上伊那との関連を現地に探る　北越戊辰戦争の地をたずねて,内城　正登,26,広域特集号
伊那路,51,12,611,2007/12/10,［第三十二回上伊那歴史研究会県外実地踏査報告］北信地方と中越長岡方面の史跡を訪ね、上伊那との関連を現地に探る　「河井継之助記念館」を訪ねて,内藤　りつ子,29,広域特集号
伊那路,51,12,611,2007/12/10,［第三十二回上伊那歴史研究会県外実地踏査報告］北信地方と中越長岡方面の史跡を訪ね、上伊那との関連を現地に探る　魚沼に豪農の館目黒邸を訪ねて,伊藤　一夫,32,広域特集号
伊那路,51,12,611,2007/12/10,［第三十二回上伊那歴史研究会県外実地踏査報告］北信地方と中越長岡方面の史跡を訪ね、上伊那との関連を現地に探る　第三十二回県外実地踏査に参加して,氣賀澤　厚典,35,広域特集号
伊那路,51,12,611,2007/12/10,【上伊那遺跡めぐり】（61）荒神沢遺跡,田中　清文,38,広域特集号
伊那路,51,12,611,2007/12/10,【文化短信】町内まるごと博物館,山本　勝,40,広域特集号
伊那路,51,12,611,2007/12/10,【上伊那で見られる日本古来の植物】（19）サラシナショウマ,小田切　英雄,41,広域特集号
伊那路,51,12,611,2007/12/10,【上伊那の野外彫刻】（46）想,吉澤　正昭,表紙2,広域特集号
伊那路,51,11,610,2007/11/10,高遠町出身の歴史画家　江崎孝坪　映画界の巨匠黒澤明が惚れ込んだ美術考証力,折井　宏光,1,
伊那路,51,11,610,2007/11/10,太田領離脱騒動と太田忠雄公御葬送例式,矢澤　喬治,9,
伊那路,51,11,610,2007/11/10,山村甚兵衛と千村平右衛門（2）二人の「木曽衆」の領地経営,小木曽　伸一,15,
伊那路,51,11,610,2007/11/10,楽譜が共有できない日本伝統音楽　五線譜はいまや万国共通の楽譜に,竹渕　修二,23,
伊那路,51,11,610,2007/11/10,俳句　題　凌霄花,酒井  昌好,28,
伊那路,51,11,610,2007/11/10,守屋山,ちばつゆこ,29,
伊那路,51,11,610,2007/11/10,『伊那八景』清水庵こぼればなし,酒井  巌,31,
伊那路,51,11,610,2007/11/10,上伊那では「羽広菜」が唯一選定される　信州伝統野菜に14品目38種,山口  通之,33,
伊那路,51,11,610,2007/11/10,【文化短信】美篶小の開校記念展に海底出土縄文古木展示,矢島  信之,37,
伊那路,51,11,610,2007/11/10,【古文書の窓】（80）御林盗木につき、村中立会い連判状,三浦  孝美,38,
伊那路,51,11,610,2007/11/10,【上伊那で見られる日本古来の植物】（18）ホツツジ,小田切  英雄,40,
伊那路,51,11,610,2007/11/10,【上伊那の野外彫刻】（45）鳥と女,吉澤  正昭,表紙2,
伊那路,51,10,609,2007/10/10,庚申塔建立考　辰野町石造物調査会調査資料から,三浦　孝美,1,民俗特集号
伊那路,51,10,609,2007/10/10,民俗覚書二題,伊藤　修,9,民俗特集号
伊那路,51,10,609,2007/10/10,笠原の子ども見守り隊,畑　義治,13,民俗特集号
伊那路,51,10,609,2007/10/10,三十周年を迎える箕輪町消費者の会,若林　博,16,民俗特集号
伊那路,51,10,609,2007/10/10,理鏡坊のお話,若林　徹男,20,民俗特集号
伊那路,51,10,609,2007/10/10,白隠禅師の伊那演法巡錫と伊那三女（2）,町田　瑞峰・桃澤　匡行,26,民俗特集号
伊那路,51,10,609,2007/10/10,ウェストンと伊那市民登山,田畑　真一,34,民俗特集号
伊那路,51,10,609,2007/10/10,【文化短信】「美田を残す」は昔の話,下平　道子,37,民俗特集号
伊那路,51,10,609,2007/10/10,【上伊那遺跡めぐり】（60）堂地遺跡,赤羽 　義洋,38,民俗特集号
伊那路,51,10,609,2007/10/10,【上伊那で見られる日本古来の植物】（17）オトコエシ,小田切　英雄,40,民俗特集号
伊那路,51,10,609,2007/10/10,【上伊那の野外彫刻】（44）いそしみ,吉澤　正昭,表紙2,民俗特集号
伊那路,51,9,608,2007/09/10,猪飼敬所父子から中村元恒への手紙,赤羽　篤,1,
伊那路,51,9,608,2007/09/10,山村甚兵衛と千村平右衛門（1）二人の「木曽衆」の領地経営,小木曽　伸一,8,
伊那路,51,9,608,2007/09/10,丸丁池上家文書にみる『御公儀様・御領主様御触書』について（15）,長谷川　正次,15,
伊那路,51,9,608,2007/09/10,白隠禅師の伊那演法巡錫と伊那三女（1）,町田　瑞峰・桃澤　匡行,23,
伊那路,51,9,608,2007/09/10,『甲陽軍鑑』に文学作品を拾う,矢島　太郎,31,
伊那路,51,9,608,2007/09/10,【古文書の窓】（79）伐木代金割合方済口証文,清水　満,38,
伊那路,51,9,608,2007/09/10,【上伊那の野外彫刻】（43）若き女,吉澤　正昭,表紙2,
伊那路,51,8,607,2007/08/10,満蒙開拓青少年義勇隊内地特別訓練所　遠き満州に罹病した青少年たちの療養所・顛末記,池上　昭,1,終戦特集号
伊那路,51,8,607,2007/08/10,学童集団疎開と高遠国民学校長木下義男,田村　栄作,12,終戦特集号
伊那路,51,8,607,2007/08/10,私にとっての「あの日」　忘れ得ぬ「出陣学徒壮行会」の日のこと,御園　一子,22,終戦特集号
伊那路,51,8,607,2007/08/10,最後の徴兵検査,柿木　憲二,26,終戦特集号
伊那路,51,8,607,2007/08/10,高遠婦人会の明治から現在に至るあゆみ,黒河内　文江・山口　通之,30,終戦特集号
伊那路,51,8,607,2007/08/10,ウェストンと阿智村駒場からの旅,田畑　真一,41,終戦特集号
伊那路,51,8,607,2007/08/10,【文化短信】中央アルプスへ登るサル,吉田　保晴,45,終戦特集号
伊那路,51,8,607,2007/08/10,【上伊那遺跡めぐり】（59）田中下遺跡,小池　孝,46,終戦特集号
伊那路,51,8,607,2007/08/10,【上伊那で見られる日本古来の植物】（16）ノリウツギ,小田切　英雄,48,終戦特集号
伊那路,51,8,607,2007/08/10,【上伊那の野外彫刻】（42）すこやけく,吉澤　正昭,表紙2,終戦特集号
伊那路,51,7,606,2007/07/10,「平成十八年七月豪雨」災害から一年,酒井　卓実,1,
伊那路,51,7,606,2007/07/10,小坂永民と橋爪玉斎,竹入　弘元,6,
伊那路,51,7,606,2007/07/10,斎藤茂吉・高遠来訪のこと　その歌と随想「山峡小記」,小林　勝幸,9,
伊那路,51,7,606,2007/07/10,『信濃民俗記』のこと,有賀　功,11,
伊那路,51,7,606,2007/07/10,昔の百姓の仕事とくらしの思い出,小林　敏男,15,
伊那路,51,7,606,2007/07/10,十返舎一九の『滑稽旅賀羅寿』にまつわる話あれこれ,矢澤　喬治,19,
伊那路,51,7,606,2007/07/10,丸丁池上家文書にみる『御公儀様・御領主様御触書』について（14）,長谷川　正次,25,
伊那路,51,7,606,2007/07/10,人面付香炉型土器を伊那に残した上伊那郷土館,伊藤　一夫,35,
伊那路,51,7,606,2007/07/10,【文化短信】伊那市高遠町民俗資料館,堀田　澄子,37,
伊那路,51,7,606,2007/07/10,【古文書の窓】（78）元禄十一年、天竜川満水と諸橋流失,池上　正直,38,
伊那路,51,7,606,2007/07/10,【上伊那で見られる日本古来の植物】（15）ウツギ,小田切　英雄,40,
伊那路,51,7,606,2007/07/10,【上伊那の野外彫刻】（41）伸び行く若人,吉澤　正昭,表紙2,
伊那路,51,6,605,2007/06/10,飯島町におけるゲンジボタルの生息環境と保全対策,吉田　保晴,1,自然と人間の関わり特集号
伊那路,51,6,605,2007/06/10,カワニナの室内養殖の方法,野口　輝雄,8,自然と人間の関わり特集号
伊那路,51,6,605,2007/06/10,「ホタルとアヤメの里づくりの会」の成り立ち,山口　久人,18,自然と人間の関わり特集号
伊那路,51,6,605,2007/06/10,《長谷地区》文化財などの収蔵施設完成,北村　健治,19,自然と人間の関わり特集号
伊那路,51,6,605,2007/06/10,伊那小屋の建設と登山道の改修（2）　内ノ萱・天狗の人たちの果たした役割,春日　博人,23,自然と人間の関わり特集号
伊那路,51,6,605,2007/06/10,古き登拝の道　権現づるね復活について,唐木　勉,34,自然と人間の関わり特集号
伊那路,51,6,605,2007/06/10,【上伊那で見られる日本古来の植物】（14）オキナグサ,小田切　英雄,40,自然と人間の関わり特集号
伊那路,51,6,605,2007/06/10,【上伊那の野外彫刻】（40）和の躍動,吉澤　正昭,表紙2,自然と人間の関わり特集号
伊那路,51,5,604,2007/05/10,江戸時代末期の村役騒動顛末記,酒井　巌,1,
伊那路,51,5,604,2007/05/10,放浪の石工　藤森吉弥の生涯（2）,竹入　弘元,12,
伊那路,51,5,604,2007/05/10,高遠領の人口動態について,唐木　日出男,23,
伊那路,51,5,604,2007/05/10,中村伯先をとりまく人物について,田中　三郎,31,
伊那路,51,5,604,2007/05/10,「木札」の使途について　西町村区有資料の場合,平出　利男,36,
伊那路,51,5,604,2007/05/10,信虎高遠物故伝説,矢島　太郎,38,
伊那路,51,5,604,2007/05/10,【文化短信】市誌自然編Ⅱ『駒ヶ根市の自然』発刊成る,田中　清文,44,
伊那路,51,5,604,2007/05/10,【上伊那遺跡めぐり】（58）国史跡　高遠城跡,丸山　敞一郎,46,
伊那路,51,5,604,2007/05/10,【上伊那で見られる日本古来の植物】（13）メグスリノキ,小田切　英雄,48,
伊那路,51,5,604,2007/05/10,【上伊那の野外彫刻】（39）すこやか,吉澤　正昭,表紙2,
伊那路,51,4,603,2007/04/10,向山雅重先生の民俗学,倉石　忠彦,1,50年・600号記念特集（3）
伊那路,51,4,603,2007/04/10,放浪の石工　藤森吉弥の生涯,竹入　弘元,19,50年・600号記念特集（3）
伊那路,51,4,603,2007/04/10,高遠国民学校木下義男校長の記録に見る学童疎開,田村　栄作,27,50年・600号記念特集（3）
伊那路,51,4,603,2007/04/10,『伊那路』へのお祝いと二、三の提言,有賀　功,36,50年・600号記念特集（3）
伊那路,51,4,603,2007/04/10,「伊那路50年・600号記念公開歴史講演会」報告,,38,50年・600号記念特集（3）
伊那路,51,4,603,2007/04/10,「伊那路50年・600号記念祝賀会」報告,,44,50年・600号記念特集（3）
伊那路,51,4,603,2007/04/10,『伊那路』との交流団体の紹介（2）,編集部,46,50年・600号記念特集（3）
伊那路,51,4,603,2007/04/10,【上伊那の野外彫刻】（38）自立自営,吉澤　正昭,表紙2,50年・600号記念特集（3）
伊那路,51,3,602,2007/03/10,『伊那路』以前　上伊那の郷土研究と『辰野町資料』,伊藤　純郎,1,50年・600号記念特集号（2）
伊那路,51,3,602,2007/03/10,『伊那路』600号と考古学の歩み,御子柴　泰正,11,50年・600号記念特集号（2）
伊那路,51,3,602,2007/03/10,『伊那路』に見る石仏研究の足跡,田中　清文,24,50年・600号記念特集号（2）
伊那路,51,3,602,2007/03/10,伊那飛行場の歴史研究と『伊那路』　歴史研究と歴史教育の地域的展開,久保田　龍,30,50年・600号記念特集号（2）
伊那路,51,3,602,2007/03/10,陸軍伊那飛行場の研究とその後の,小林　祐介,35,50年・600号記念特集号（2）
伊那路,51,3,602,2007/03/10,【文化短信】理兵衛堤防の石積み出現,松村　正明,37,50年・600号記念特集号（2）
伊那路,51,3,602,2007/03/10,【古文書の窓】（77）御堀草刈取御掃除願上書,櫻井　武,38,50年・600号記念特集号（2）
伊那路,51,3,602,2007/03/10,【上伊那で見られる日本古来の植物】（12）ヤナギラン,小田切　英雄,40,50年・600号記念特集号（2）
伊那路,51,3,602,2007/03/10,【上伊那の野外彫刻】（37）いずみ,吉澤　正昭,表紙2,50年・600号記念特集号（2）
伊那路,51,2,601,2007/02/10,上伊那郷土館の昆虫標本について　特にその採集者の一人、小口幸雄のこと,小野　章,1,上伊那郷土研究交流の集い特集号
伊那路,51,2,601,2007/02/10,野口在色　人と作品,北林　敏文,10,上伊那郷土研究交流の集い特集号
伊那路,51,2,601,2007/02/10,大久保文書から見た近世上伊那地方の飢饉　手良・中坪村の場合,原　毅,21,上伊那郷土研究交流の集い特集号
伊那路,51,2,601,2007/02/10,第七回上伊那郷土研究交流の集い,清水　満,31,上伊那郷土研究交流の集い特集号
伊那路,51,2,601,2007/02/10,第七回「郷土研究交流の集い」に参加して,池上　正直,32,上伊那郷土研究交流の集い特集号
伊那路,51,2,601,2007/02/10,「野口在色　人と作品」を聴講して,矢澤　喬治,34,上伊那郷土研究交流の集い特集号
伊那路,51,2,601,2007/02/10,上伊那郷土館の宝物　神子柴型石器に寄せて,伊藤　一彦,35,上伊那郷土研究交流の集い特集号
伊那路,51,2,601,2007/02/10,遠江堀越氏をめぐる旅　小和田哲男氏の論考を手がかりに,堀越　肇,37,上伊那郷土研究交流の集い特集号
伊那路,51,2,601,2007/02/10,【上伊那遺跡めぐり】（57）上の林遺跡,赤松　茂,46,上伊那郷土研究交流の集い特集号
伊那路,51,2,601,2007/02/10,【文化短信】信州いいじま陣屋ウォーク,丸山　浩隆,48,上伊那郷土研究交流の集い特集号
伊那路,51,2,601,2007/02/10,【上伊那の野外彫刻】（36）展望,吉澤　正昭,表紙2,上伊那郷土研究交流の集い特集号
伊那路,51,1,600,2007/01/10,『伊那路』600号に想う,赤羽　篤,1,50年・600号記念特集号（1）
伊那路,51,1,600,2007/01/10,『伊那路』満50年・600号に想う　本会の歩みと課題,池上　正直,11,50年・600号記念特集号（1）
伊那路,51,1,600,2007/01/10,年表『伊那路』600号のあゆみ,上伊那郷土研究会,17,50年・600号記念特集号（1）
伊那路,51,1,600,2007/01/10,『伊那路』掲載、俳人井月関係論考を読んで,竹入　弘元,25,50年・600号記念特集号（1）
伊那路,51,1,600,2007/01/10,俳句二十句『伊那路』六百号を祝す,酒井　昌好,38,50年・600号記念特集号（1）
伊那路,51,1,600,2007/01/10,『伊那路』600号に思う『伊那路』とのかかわり合いから,堀江　玲子,39,50年・600号記念特集号（1）
伊那路,51,1,600,2007/01/10,ウェストンと時又への人力車,田畑　真一,41,50年・600号記念特集号（1）
伊那路,51,1,600,2007/01/10,無事だった太子様　平成十八年七月長野県豪雨災害から,有賀　元栄,43,50年・600号記念特集号（1）
伊那路,51,1,600,2007/01/10,【文化短信】辰野美術館のワークショップ,赤羽　義洋,45,50年・600号記念特集号（1）
伊那路,51,1,600,2007/01/10,【古文書の窓】（76）「万用日記帳」に見る正月の日々,下平　すみ子,46,50年・600号記念特集号（1）
伊那路,51,1,600,2007/01/10,【上伊那で見られる日本古来の植物】（11）フクジュソウ,小田切　英雄,48,50年・600号記念特集号（1）
伊那路,50,12,599,2006/12/10,伊那市民登山のあゆみと東北の名峰早池峰山・岩手山登高記,唐木　勉,1,広域特集号
伊那路,50,12,599,2006/12/10,平山郁夫先生と信州高遠美術館とのえにし,堀井　英雄,10,広域特集
伊那路,50,12,599,2006/12/10,「法華道」復興顕彰の道しるべの碑　地元出身者・北原厚さんが建立,小林　勝幸,13,広域特集
伊那路,50,12,599,2006/12/10,ウェストンと南アルプス北部,田畑　真一,17,広域特集
伊那路,50,12,599,2006/12/10,［第三十一回上伊那歷史研究会県外実地踏查報告］上伊那と木曽・飛騨・美濃地方とのかかわりを現地で探る　実地踏査の概要,渡辺　弘行,19,広域特集
伊那路,50,12,599,2006/12/10,［第三十一回上伊那歷史研究会県外実地踏查報告］上伊那と木曽・飛騨・美濃地方とのかかわりを現地で探る　権兵衛トンネルを抜けて木曽町へ,小木曽　伸一,22,広域特集
伊那路,50,12,599,2006/12/10,［第三十一回上伊那歷史研究会県外実地踏查報告］上伊那と木曽・飛騨・美濃地方とのかかわりを現地で探る　飛騨街道,加藤　清幸,24,広域特集
伊那路,50,12,599,2006/12/10,［第三十一回上伊那歷史研究会県外実地踏查報告］上伊那と木曽・飛騨・美濃地方とのかかわりを現地で探る　高山陣屋を訪ねて,氣賀澤　厚典,26,広域特集
伊那路,50,12,599,2006/12/10,［第三十一回上伊那歷史研究会県外実地踏查報告］上伊那と木曽・飛騨・美濃地方とのかかわりを現地で探る　下呂石のふるさと「湯ヶ峰」を訪ねて,宮脇　正実,28,広域特集
伊那路,50,12,599,2006/12/10,［第三十一回上伊那歷史研究会県外実地踏查報告］上伊那と木曽・飛騨・美濃地方とのかかわりを現地で探る　墨俣一夜城,内藤　りつ子,30,広域特集
伊那路,50,12,599,2006/12/10,［第三十一回上伊那歷史研究会県外実地踏查報告］上伊那と木曽・飛騨・美濃地方とのかかわりを現地で探る　岐阜城,浦野　紀子,32,広域特集
伊那路,50,12,599,2006/12/10,信州大学農学部の開設と沿革について,三澤　勝人,36,広域特集
伊那路,50,12,599,2006/12/10,【文化短信】福与地区黒津原遺跡実地見学,山本　勝,41,広域特集
伊那路,50,12,599,2006/12/10,【上伊那で見られる日本古来の植物】（10）ツクバネ,小田切　英雄,42,広域特集
伊那路,50,12,599,2006/12/10,【上伊那の野外彫刻】（35）やまなみ,吉澤　正昭,表紙2,広域特集
伊那路,50,11,598,2006/11/10,災害地からの報告　小さな沢の大きな災害,中谷　幹男・酒井　卓実,1,七月豪雨災害特集号
伊那路,50,11,598,2006/11/10,災害地からの報告　十八年七月豪雨による災害・被災者の話,,6,七月豪雨災害特集号
伊那路,50,11,598,2006/11/10,災害への対応　平成十八年七月豪雨に対応して,山口　俊樹,8,七月豪雨災害特集号
伊那路,50,11,598,2006/11/10,災害への対応　美和ダム　三峰川（洪水）バイパスの試験運用,伊藤　隆盛,13,七月豪雨災害特集号
伊那路,50,11,598,2006/11/10,災害への対応　平成十八年豪雨災害への対応の事例に学ぶ,山口　通之,19,七月豪雨災害特集号
伊那路,50,11,598,2006/11/10,丸丁池上家文書にみる『御公儀様・御領主様御触書』について（13）,長谷川　正次,21,七月豪雨災害特集号
伊那路,50,11,598,2006/11/10,藁細工と夜学に励んだ大正期の男の子たち,伊藤　一夫,32,七月豪雨災害特集号
伊那路,50,11,598,2006/11/10,【古文書の窓】（75）殺人事件発生注進書,酒井　巌,38,七月豪雨災害特集号
伊那路,50,11,598,2006/11/10,【上伊那で見られる日本古来の植物】（9）ワレモコウ,小田切　英雄,40,七月豪雨災害特集号
伊那路,50,11,598,2006/11/10,【上伊那の野外彫刻】（34）かたらい,吉澤　正昭,表紙2,七月豪雨災害特集号
伊那路,50,10,597,2006/10/10,石造物調査からみた上伊那地方の蚕玉様,赤羽　篤,1,民俗特集号
伊那路,50,10,597,2006/10/10,日本音楽の源泉を考える　民謡やわらべ歌の中にこそ日本音楽の源泉が,竹渕　修二,15,民俗特集号
伊那路,50,10,597,2006/10/10,甲子園への道　回顧　伊那北高校連続出場のかげに,井内　吉彦,21,民俗特集号
伊那路,50,10,597,2006/10/10,山村での「養女」の体験,西村　良子,34,民俗特集号
伊那路,50,10,597,2006/10/10,「伊那路」との交流団体の紹介（1）,編集部,35,民俗特集号
伊那路,50,10,597,2006/10/10,【文化短信】上伊那郷土館と上伊那教育会,伊藤　一夫,37,民俗特集号
伊那路,50,10,597,2006/10/10,【上伊那遺跡めぐり】（56）赤羽焼の近代遺跡,赤羽　義洋,38,民俗特集号
伊那路,50,10,597,2006/10/10,【上伊那で見られる日本古来の植物】（8）クリ,小田切　英雄,40,民俗特集号
伊那路,50,10,597,2006/10/10,【上伊那の野外彫刻】（33）天真,吉澤　正昭,表紙2,民俗特集号
伊那路,50,9,596,2006/09/10,南アルプス長衛祭とその歴史,清水　満,1,
伊那路,50,9,596,2006/09/10,経ヶ岳林道開設の歴史,三澤　勝人,7,
伊那路,50,9,596,2006/09/10,丸丁池上家文書にみる『御公儀様・御領主様御触書』について（12）,長谷川　正次,10,
伊那路,50,9,596,2006/09/10,蕉門十哲　井月以下六例をみる,矢島　太郎,31,
伊那路,50,9,596,2006/09/10,ウェストンと伊那部の手ぬぐい,田畑　真一,35,
伊那路,50,9,596,2006/09/10,コンパクトシティーへの構想　まちづくりへの提案書　いなっせ　きたっせ通り,宮下　美喜子,36,
伊那路,50,9,596,2006/09/10,【文化短信】初夏を告げる、みのわ芸術祭,山本　勝,45,
伊那路,50,9,596,2006/09/10,【古文書の窓】（74）勘当・旧離・帳外願い,清水　満,46,
伊那路,50,9,596,2006/09/10,【上伊那の野外彫刻】（32）語らい,吉澤　正昭,表紙2,
伊那路,50,8,595,2006/08/10,補充された陸軍伊那飛行場の歴史　新資料で明らかになったこと,久保田　誼,1,終戦特集号
伊那路,50,8,595,2006/08/10,学童疎開児童らとの交流会をもって,竹渕　修二,12,終戦特集号
伊那路,50,8,595,2006/08/10,昭和十七年の児童・生徒作文集「時代を映す　いついつまでも」の編集に携わって,小林　康男,16,終戦特集号
伊那路,50,8,595,2006/08/10,知久正三郎さんへの感謝と追悼,池上　正直,25,終戦特集号
伊那路,50,8,595,2006/08/10,富永河盆作戦従軍記,赤城　助人,26,終戦特集号
伊那路,50,8,595,2006/08/10,満州・立川そして伊那,小田切　昌子,29,終戦特集号
伊那路,50,8,595,2006/08/10,登戸研究所へ勤労動員された思い出,北原　志づ子,33,終戦特集号
伊那路,50,8,595,2006/08/10,【文化短信】二つの音楽会,下平　道子,37,終戦特集号
伊那路,50,8,595,2006/08/10,【上伊那遺跡めぐり】（55）唐澤城,伊藤　修,38,終戦特集号
伊那路,50,8,595,2006/08/10,【上伊那で見られる日本古来の植物】（7）ウツボグサ,小田切　英雄,40,終戦特集号
伊那路,50,8,595,2006/08/10,【上伊那の野外彫刻】（31）のぞみ,吉澤　正昭,表紙2,終戦特集号
伊那路,50,7,594,2006/07/10,上伊那地域の平成の合併をめぐる特集に当たって,伊那路編集委員会,1,上伊那地域の平成の合併特集号
伊那路,50,7,594,2006/07/10,＜合併した自治体から＞伊那市における合併について　合併協議の経過と今後のまちづくり,酒井　茂,2,上伊那地域の平成の合併特集号
伊那路,50,7,594,2006/07/10,＜合併した自治体から＞高遠町の合併について,富山　裕一,10,上伊那地域の平成の合併特集号
伊那路,50,7,594,2006/07/10,＜合併した自治体から＞私たちのふるさと　長谷,松澤　颯斗・松本　洋平・伊藤　美和,16,上伊那地域の平成の合併特集号
伊那路,50,7,594,2006/07/10,＜自立した自治体から＞辰野町　自立に向かった経過と今後に向けた主な取り組み,山田　勝己,20,上伊那地域の平成の合併特集号
伊那路,50,7,594,2006/07/10,＜自立した自治体から＞箕輪町　箕輪町の自立の選択と新しいまちづくり,小出嶋　文雄,23,上伊那地域の平成の合併特集号
伊那路,50,7,594,2006/07/10,＜自立した自治体から＞南箕輪村　自立に向かった経過と今後に向けた取り組み,小池　隆,27,上伊那地域の平成の合併特集号
伊那路,50,7,594,2006/07/10,＜自立した自治体から＞宮田村　宮田村の自立選択と自律の村づくり,赤羽　和夫,30,上伊那地域の平成の合併特集号
伊那路,50,7,594,2006/07/10,＜自立した自治体から＞駒ヶ根市　市町村合併の取り組み　自立への道,滝澤　修身,33,上伊那地域の平成の合併特集号
伊那路,50,7,594,2006/07/10,＜自立した自治体から＞飯島町　自立に向かった経過とこれからのまちづくり,鎌倉　清治,37,上伊那地域の平成の合併特集号
伊那路,50,7,594,2006/07/10,＜自立した自治体から＞中川村　合併問題への経過、現段階・今後の取組み,玉垣　章司,40,上伊那地域の平成の合併特集号
伊那路,50,7,594,2006/07/10,合併に関連して　平成の合併の概況と感じたこと,山口　通之,43,上伊那地域の平成の合併特集号
伊那路,50,7,594,2006/07/10,【文化短信】「伊那谷地域住民大学」発足,渡部　一也,47,上伊那地域の平成の合併特集号
伊那路,50,7,594,2006/07/10,【上伊那で見られる日本古来の植物】（6）オオヤマレンゲ,小田切　英雄,48,上伊那地域の平成の合併特集号
伊那路,50,7,594,2006/07/10,【上伊那の野外彫刻】（30）いつくしみ,吉澤　正昭,表紙2,上伊那地域の平成の合併特集号
伊那路,50,6,593,2006/06/10,ハッチョウトンボの生態,吉田　保晴,1,自然と人間の関わり特集号
伊那路,50,6,593,2006/06/10,天与の財産・ハッチョウトンボ,小川　周次,6,自然と人間の関わり特集号
伊那路,50,6,593,2006/06/10,新山の自然を知るハッチョウトンボ,筒井　弘,8,自然と人間の関わり特集号
伊那路,50,6,593,2006/06/10,桜を救え,北條　由美,15,自然と人間の関わり特集号
伊那路,50,6,593,2006/06/10,穂坂式分水槽と西天竜水田の水利管理　分水槽の利用面を中心として,若林　博,21,自然と人間の関わり特集号
伊那路,50,6,593,2006/06/10,美和ダム水没地回顧　旧長谷村溝口の上河原耕地にまつわる記録,中山　源一,26,自然と人間の関わり特集号
伊那路,50,6,593,2006/06/10,飯島村長河野吉十郎を読む（2）千人塚・西岸寺・八十翁の富士登山,堀越　肇,32,自然と人間の関わり特集号
伊那路,50,6,593,2006/06/10,印刻「般若心経」（23）,桜井　秀岳,36,自然と人間の関わり特集号
伊那路,50,6,593,2006/06/10,【文化短信】サクラ街道を夢見て,吉田　保晴,37,自然と人間の関わり特集号
伊那路,50,6,593,2006/06/10,【古文書の窓】（73）村方の記録に見る旧高遠藩御立山の官林編入,伊藤　一夫,38,自然と人間の関わり特集号
伊那路,50,6,593,2006/06/10,【上伊那で見られる日本古来の植物】（5）オオモミジ,小田切　英雄,40,自然と人間の関わり特集号
伊那路,50,6,593,2006/06/10,【上伊那の野外彫刻】（29）やまびこ,吉澤　正昭,表紙2,自然と人間の関わり特集号
伊那路,50,5,592,2006/05/10,権兵衛峠・権兵衛街道　権兵衛のふるさとから,神村　透,1,
伊那路,50,5,592,2006/05/10,山間の郵便取扱所　明治の上伊那を中心に,春日　重信,6,
伊那路,50,5,592,2006/05/10,石造物調査からみた辰野町の蚕玉様,赤羽　篤,14,
伊那路,50,5,592,2006/05/10,印刻「般若心経」（22）,桜井　秀岳,22,
伊那路,50,5,592,2006/05/10,飯島村長河野吉十郎を読む（1）巨大！本郷城跡周辺を歩いて,堀越　肇,23,
伊那路,50,5,592,2006/05/10,豪農の館小原家（箕澤屋）の保存と活用,矢澤　喬治,31,
伊那路,50,5,592,2006/05/10,山師の思い出,小林　敏男,40,
伊那路,50,5,592,2006/05/10,ウェストンとローエルの天竜川下り,田畑　真一,43,
伊那路,50,5,592,2006/05/10,【文化短信】木曽文学碑散歩のおすすめ,堀田　澄子,45,
伊那路,50,5,592,2006/05/10,【上伊那遺跡めぐり】（54）富士山遺跡出土の曲流渦巻文土器,田中　清文,46,
伊那路,50,5,592,2006/05/10,【上伊那で見られる日本古来の植物】（4）カタクリ,小田切　英雄,48,
伊那路,50,5,592,2006/05/10,【上伊那の野外彫刻】（28）なかよし,吉澤　正昭,表紙2,
伊那路,50,4,591,2006/04/10,新「伊那市」命名の由来　伊那市・高遠町・長谷村合併新市名称検討委員会の記録を中心に,春日　博人,1,
伊那路,50,4,591,2006/04/10,『新伊那市かるた』の発行について,小林　史麿,7,
伊那路,50,4,591,2006/04/10,天折の日本画家　戸田祐暉の軌跡（3）,御子柴　泰正,10,
伊那路,50,4,591,2006/04/10,函館戦争で散った樽澤信之輔　下賜されずに終わった恩賞,桃澤　匡行,20,
伊那路,50,4,591,2006/04/10,丸丁池上家文書にみる『御公儀様・御領主様御触書』について（11）,長谷川　正次,23,
伊那路,50,4,591,2006/04/10,「伊沢修二と台湾の教育」を読んで,岸本　多恵子,34,
伊那路,50,4,591,2006/04/10,【文化短信】原始・古代テーマ別考古展　駒ケ根市博物館にて開催中,田中　清文,37,
伊那路,50,4,591,2006/04/10,【古文書の窓】（72）鳥居建立の帳册,矢島　太郎,38,
伊那路,50,4,591,2006/04/10,【上伊那で見られる日本古来の植物】（3）ザゼンソウ,小田切　英雄,40,
伊那路,50,4,591,2006/04/10,【上伊那の野外彫刻】（27）慈愛,吉澤　正昭,表紙2,
伊那路,50,4,591,2006/04/10,印刻「般若心経」（21）,桜井　秀岳,表紙3,
伊那路,50,3,590,2006/03/10,はだか武兵衛,飯澤　誠,1,第六回上伊那郷土研究交流の集い特集号
伊那路,50,3,590,2006/03/10,御鍬神信仰と上伊那地域,小池　悟志,13,「第六回上伊那郷土研究交流の集い」特集号
伊那路,50,3,590,2006/03/10,段丘崖の植生,星野　政寛,24,「第六回上伊那郷土研究交流の集い」特集号
伊那路,50,3,590,2006/03/10,「第六回上伊那郷土研究交流の集い」報告,下平　道子,29,「第六回上伊那郷土研究交流の集い」特集号
伊那路,50,3,590,2006/03/10,「はだか武兵衛」未知なるものとの遭遇,有賀　厚江,30,「第六回上伊那郷土研究交流の集い」特集号
伊那路,50,3,590,2006/03/10,「第六回上伊那郷土研究交流の集い」に参加して,松澤　英太郎,31,"「第六回上伊那郷土研究交流の集い""」特集号"
伊那路,50,3,590,2006/03/10,三義の谷小景と石仏　山室村、荊口村出身の高遠石工,春日　重信,32,「第六回上伊那郷土研究交流の集い」特集号
伊那路,50,3,590,2006/03/10,私のふるさとの家と「聖職の碑」,西村　良子,38,「第六回上伊那郷土研究交流の集い」特集号
伊那路,50,3,590,2006/03/10,古文書に見る一農家の水利騒動,酒井　巌,40,「第六回上伊那郷土研究交流の集い」特集号
伊那路,50,3,590,2006/03/10,印刻「般若心経」（20）,桜井　秀岳,44,「第六回上伊那郷土研究交流の集い」特集号
伊那路,50,3,590,2006/03/10,【文化短信】小中学生の飯島陣屋通学塾,丸山　浩隆,45,「第六回上伊那郷土研究交流の集い」特集号
伊那路,50,3,590,2006/03/10,【上伊那遺跡めぐり】（53）古神遺跡,赤松　茂,46,「第六回上伊那郷土研究交流の集い」特集号
伊那路,50,3,590,2006/03/10,【上伊那で見られる日本古来の植物】（2）ミヤコグサ,小田切　英雄,48,「第六回上伊那郷土研究交流の集い」特集号
伊那路,50,3,590,2006/03/10,【上伊那の野外彫刻】（26）「歩一歩」,吉澤　正昭,表紙2,「第六回上伊那郷土研究交流の集い」特集号
伊那路,50,2,589,2006/02/10,権兵衛トンネルの開通をめぐって　「景観」体験と「心」を豊かにできる伊那と木曽,森田　芳夫,1,権兵衛トンネル開通特集号
伊那路,50,2,589,2006/02/10,再び「近くて近い」関係になる伊那と木曽　両地域間の「距離」と権兵衛峠の道路開削史に思う,伊藤　一夫,7,権兵衛トンネル開通特集号
伊那路,50,2,589,2006/02/10,音楽のかけはし　権兵衛トンネル開通記念に向けてもう始まっている「手づくり第九演奏会」,堀田　澄子,14,権兵衛トンネル開通特集号
伊那路,50,2,589,2006/02/10,権兵衛峠越えの「夢のかけはし」伊那木曽連絡道路　開通までの経緯と道路構造等の報告,編集部,15,権兵衛トンネル開通特集号
伊那路,50,2,589,2006/02/10,権兵衛トンネル開通に伴う西箕輪地区の対応　道路対策・景観形成住民協定を中心に,山口　通之,23,権兵衛トンネル開通特集号
伊那路,50,2,589,2006/02/10,中山道の助郷と権兵衛街道,田村　栄作,31,権兵衛トンネル開通特集号
伊那路,50,2,589,2006/02/10,権兵衛峠を越えて来た匠の技術,唐木　芳樹,38,権兵衛トンネル開通特集号
伊那路,50,2,589,2006/02/10,権兵衛トンネル開通に寄せて,白井　温紀,41,権兵衛トンネル開通特集号
伊那路,50,2,589,2006/02/10,俳句　木曽宿,酒井　昌好,43,権兵衛トンネル開通特集号
伊那路,50,2,589,2006/02/10,学校における視聴覚教育機器の変遷,山本　勝,44,権兵衛トンネル開通特集号
伊那路,50,2,589,2006/02/10,【上伊那で見られる日本古来の植物】（1）マツブサ,小田切　英雄,48,権兵衛トンネル開通特集号
伊那路,50,2,589,2006/02/10,【上伊那の野外彫刻】（25）静,吉澤　正昭,表紙2,権兵衛トンネル開通特集号
伊那路,50,2,589,2006/02/10,印刻「般若心経」（19）,桜井　秀岳,表紙3,権兵衛トンネル開通特集号
伊那路,50,1,588,2006/01/10,天折の日本画家　戸田祐暉の軌跡（2）,御子柴　泰正,1,
伊那路,50,1,588,2006/01/10,北信濃における保科氏の動向についての訪ねある記（4）領家の謎・巨木の杜・遊女の訴訟・アジールと万葉秀歌,堀越　肇,9,
伊那路,50,1,588,2006/01/10,空木岳残照（2）大田切郷における古代から中世へ,田中　清文,21,
伊那路,50,1,588,2006/01/10,保坂式分水槽と日本農業に想う　西天竜水田の水管理の体験から,若林　博,31,
伊那路,50,1,588,2006/01/10,井月新発見句,矢島　太郎,35,
伊那路,50,1,588,2006/01/10,【古文書の窓】（71）駒出生届（高遠領・笠原村）,桜井　武,39,
伊那路,50,1,588,2006/01/10,「上伊那で見られる日本古来の植物」の連載を始めるに当たって,小田切　英雄,40,
伊那路,50,1,588,2006/01/10,印刻「般若心経」（18）,桜井　秀岳,表紙3,
伊那路,49,12,587,2005/12/10,「水戸天狗党苦難の雪の峠越」を辿る,矢澤　喬治,1,広域特集号
伊那路,49,12,587,2005/12/10,第三十回上伊那歴史研究会県外実地踏査報告,上伊那歴史研究会,7,広域特集号
伊那路,49,12,587,2005/12/10,第三十回上伊那歴史研究会県外実地踏査報告　実地調査の概要,渡辺　弘行,7,広域特集号
伊那路,49,12,587,2005/12/10,第三十回上伊那歴史研究会県外実地踏査報告　保科正之公の業績　玉川上水開削事業,氣賀澤　厚典,10,広域特集号
伊那路,49,12,587,2005/12/10,第三十回上伊那歴史研究会県外実地踏査報告　回向院,内藤りつ子,14,広域特集号
伊那路,49,12,587,2005/12/10,第三十回上伊那歴史研究会県外実地踏査報告　飯野陣屋跡と浄信寺を訪ねて,矢田　直也,16,広域特集号
伊那路,49,12,587,2005/12/10,第三十回上伊那歴史研究会県外実地踏査報告　下総多古に保科氏の陣屋を訪ねて,宇治　正隆,19,広域特集号
伊那路,49,12,587,2005/12/10,第三十回上伊那歴史研究会県外実地踏査報告　法華寺および樹林寺を訪ねて,加藤　清幸,22,広域特集号
伊那路,49,12,587,2005/12/10,伊沢修二と台湾の教育（2）,宮下　健司,25,広域特集号
伊那路,49,12,587,2005/12/10,忘れられた俳人と画家,桃沢　匡行,34,広域特集号
伊那路,49,12,587,2005/12/10,仲仙寺の「仁王像」が県宝に絵馬等二件が市文化財に　付・上伊那の文化財指定状況,山口　通之,37,広域特集号
伊那路,49,12,587,2005/12/10,【上伊那遺跡めぐり】（52）辰野町樋口矢沢原遺跡,赤羽　義洋,40,広域特集号
伊那路,49,12,587,2005/12/10,【文化短信】郷土史講座現地学習　箕輪町公民館講座,山本　勝,42,広域特集号
伊那路,49,12,587,2005/12/10,【上伊那の野外彫刻】（24）山の音,吉澤　正昭,表紙2,広域特集号
伊那路,49,12,587,2005/12/10,印刻「般若心経」（17）,桜井　秀岳,表紙3,広域特集号
伊那路,49,11,586,2005/11/10,伊沢修二と台湾の教育（1）,宮下　健司,1,
伊那路,49,11,586,2005/11/10,風力発電建設を考える,星野　和美,15,
伊那路,49,11,586,2005/11/10,丸丁池上家文書にみる『御公儀様・御領主様御触書』について（10）,長谷川　正次,16,
伊那路,49,11,586,2005/11/10,高遠藩鳥居侯家臣団の業績,矢島　太郎,25,
伊那路,49,11,586,2005/11/10,元本会代表　伊藤勉氏を偲ぶ,,31,
伊那路,49,11,586,2005/11/10,元本会代表　伊藤勉氏を偲ぶ　弔辞,伊藤　一夫,32,
伊那路,49,11,586,2005/11/10,元本会代表　伊藤勉氏を偲ぶ　弔辞,埋橋　正美,33,
伊那路,49,11,586,2005/11/10,元本会代表　伊藤勉氏を偲ぶ　伊藤勉さんを偲ぶ,赤羽　篤,34,
伊那路,49,11,586,2005/11/10,元本会代表　伊藤勉氏を偲ぶ　伊藤勉さんのことなど,春日　愚良子,40,
伊那路,49,11,586,2005/11/10,元本会代表　伊藤勉氏を偲ぶ　縁の下の支え　黙々としてご尊父の偉業を継ぎ努めた,柿木　憲二,42,
伊那路,49,11,586,2005/11/10,元本会代表　伊藤勉氏を偲ぶ　伊藤さんのお人柄を偲ぶ,池上　正直,43,
伊那路,49,11,586,2005/11/10,元本会代表　伊藤勉氏を偲ぶ　『伊那路』を救った伊藤勉さん,竹入　弘元,44,
伊那路,49,11,586,2005/11/10,元本会代表　伊藤勉氏を偲ぶ　『伊那路』と兄,花岡　美智子,45,
伊那路,49,11,586,2005/11/10,【古文書の窓】（70）神社再建勧化帳前書,伊藤　一夫,46,
伊那路,49,11,586,2005/11/10,【外来植物あれこれ】（36）大型のタデで毛の多いオオケタデ,山下　正幸,48,
伊那路,49,11,586,2005/11/10,【上伊那の野外彫刻】（23）夢を,吉澤　正昭,表紙2,
伊那路,49,10,585,2005/10/10,蕗原同人と有賀喜左衛門　上伊那のエートスを訪ねて,福澤　昭司,1,民俗特集号
伊那路,49,10,585,2005/10/10,竪穴式住居の修復作業から　かやぶき屋根と二つの職人気質,渡辺　弘行,10,民俗特集号
伊那路,49,10,585,2005/10/10,父の背中から学んだこと,若林　徹男,17,民俗特集号
伊那路,49,10,585,2005/10/10,「伊那節」の音階を分析してみて　あいまいもことした音　陽音階の商音,竹渕　修二,21,民俗特集号
伊那路,49,10,585,2005/10/10,駒ヶ根高原周辺のこと二題,小林　敏男,25,民俗特集号
伊那路,49,10,585,2005/10/10,阪本天山の娘おゑつ（2）島崎藤村『夜明け前』おまんの実母,春日　愚良子,28,民俗特集号
伊那路,49,10,585,2005/10/10,巨大地震から史跡を守れるのか　震災救援と『史跡めぐり』づくりから思うこと,有賀　元栄,34,民俗特集号
伊那路,49,10,585,2005/10/10,【文化短信】河川環境について考える,吉田　保晴,37,民俗特集号
伊那路,49,10,585,2005/10/10,【上伊那遺跡めぐり】（51）小和田の原風景と遺跡（中川村）,伊藤　修,38,民俗特集号
伊那路,49,10,585,2005/10/10,【外来植物あれこれ】（35）毒性の強いアメリカチョウセンアサガオ,山下　正幸,40,民俗特集号
伊那路,49,10,585,2005/10/10,【上伊那の野外彫刻】（22）大地,吉澤　正昭,表紙2,民俗特集号
伊那路,49,10,585,2005/10/10,印刻「般若心経」（16）,桜井　秀岳,表紙3,民俗特集号
伊那路,49,9,584,2005/09/10,空木岳残照（1）大田切郷における古代から中世へ,田中　清文,1,
伊那路,49,9,584,2005/09/10,阪本天山の娘おゑつ（1）島崎藤村『夜明け前』おまんの実母,春日　愚良子,9,
伊那路,49,9,584,2005/09/10,学問して本領を発揮せん　三沢寛一氏の手紙,竹入　弘元,21,
伊那路,49,9,584,2005/09/10,丸丁池上家文書にみる『御公儀様・御領主様御触書』について（9）,長谷川　正次,25,
伊那路,49,9,584,2005/09/10,わらべ歌の発祥にかかわる話,竹渕　修二,35,
伊那路,49,9,584,2005/09/10,父　小林勇の雅号について,小松　美沙子,37,
伊那路,49,9,584,2005/09/10,【古文書の窓】（69）大正二年の「有為記事」に見る駒ヶ岳遭難の捜捜,春日　博人,38,
伊那路,49,9,584,2005/09/10,【外来植物あれこれ】（34）繁殖力旺盛なクレソンとセリ,山下　正幸,40,
伊那路,49,9,584,2005/09/10,【上伊那の野外彫刻】（21）山すそ,吉澤　正昭,表紙2,
伊那路,49,8,583,2005/08/10,高木東六と伊那の文化　疎開と地方文化について想う,征矢　節雄,1,終戦特集号
伊那路,49,8,583,2005/08/10,伊那の風光が生んだ高木東六先生の歌曲,須藤　さやか,7,終戦特集号
伊那路,49,8,583,2005/08/10,高木東六先生の「ベラボンコーラス」とその後,吉川　光子,11,終戦特集号
伊那路,49,8,583,2005/08/10,父　東六のこと,高木　律朗,13,終戦特集号
伊那路,49,8,583,2005/08/10,「水色のワルツ」誕生　思い出の中の高木先生,唐澤　大八,15,終戦特集号
伊那路,49,8,583,2005/08/10,「高木東六先生記念碑」建立に関わって,竹松　成就,17,終戦特集号
伊那路,49,8,583,2005/08/10,疎開画家・早川貞明の人と業績,林　誠,21,終戦特集号
伊那路,49,8,583,2005/08/10,今に生きる早川貞明先生の教え,桑名　智絵,28,終戦特集号
伊那路,49,8,583,2005/08/10,師の絵に会いて,神山　佐代子,32,終戦特集号
伊那路,49,8,583,2005/08/10,父　貞明のこと,早川　貞英,32,終戦特集号
伊那路,49,8,583,2005/08/10,西岸寺講習と西田幾多郎疎開の顛末,桃澤　匡行,33,終戦特集号
伊那路,49,8,583,2005/08/10,赤穂国民学校のころ,堀江　玲子,39,終戦特集号
伊那路,49,8,583,2005/08/10,伊那は私達の第二の故郷,鉄田　節也,44,終戦特集号
伊那路,49,8,583,2005/08/10,【文化短信】夏休みには本を読む,下平　道子,47,終戦特集号
伊那路,49,8,583,2005/08/10,【外来植物あれこれ】（33）繊維植物として大切なイチビ（ツナソ）,山下　正幸,48,終戦特集号
伊那路,49,8,583,2005/08/10,【上伊那の野外彫刻】（20）少年の塔,吉澤　正昭,表紙2,終戦特集号
伊那路,49,8,583,2005/08/10,印刻「般若心経」（15）,桜井　秀岳,表紙3,終戦特集号
伊那路,49,7,582,2005/07/10,福島県いわき市における信州（高遠）石工,池上　武,1,
伊那路,49,7,582,2005/07/10,福沢武一著『北信方言記』を読む　伊那市出身の方言研究者を偲んで,馬瀬　良雄,9,
伊那路,49,7,582,2005/07/10,六道地蔵尊祭り,矢島　太郎,18,
伊那路,49,7,582,2005/07/10,小林勇と伊那谷（2）,春日　重信,22,
伊那路,49,7,582,2005/07/10,明音寺梵鐘の鐘銘文と鐘楼,矢澤　喬治,28,
伊那路,49,7,582,2005/07/10,印刻「般若心経」（14）,桜井　秀岳,34,
伊那路,49,7,582,2005/07/10,ウェストンのこと二題,田畑　真一,35,
伊那路,49,7,582,2005/07/10,秘境「巫女淵」探訪記,安田　新,38,
伊那路,49,7,582,2005/07/10,北信濃、「精台の古城」に立つ,堀越　肇,42,
伊那路,49,7,582,2005/07/10,【文化短信】モノ・ヒト・コトの市民交流バザール,清水　満,45,
伊那路,49,7,582,2005/07/10,【古文書の窓】（68）文政六年、草鞋騒動に関する褒賞（高遠領・貝沼村）,池上　正直,46,
伊那路,49,7,582,2005/07/10,【外来植物あれこれ】（32）どこにも蔓延っているヒロハギシギシ（エゾギシギシ）,山下　正幸,48,
伊那路,49,7,582,2005/07/10,【上伊那の野外彫刻】（19）伝教大師童形像,吉澤　正昭,表紙2,
伊那路,49,6,581,2005/06/10,総合学習で小黒川に発生した土石流を調査して,北澤　夏樹,1,自然と人間のかかわり特集号
伊那路,49,6,581,2005/06/10,ふるさと伊那谷,堀江　玲子,9,自然と人間のかかわり特集号
伊那路,49,6,581,2005/06/10,三峰川の霞堤に見る先人の自然との関り方,矢島　信之,10,自然と人間のかかわり特集号
伊那路,49,6,581,2005/06/10,伊那谷の絶滅危惧種・カヤネズミ,吉田　保晴,18,自然と人間のかかわり特集号
伊那路,49,6,581,2005/06/10,「里山」を遺そう,浦野　和夫,26,自然と人間のかかわり特集号
伊那路,49,6,581,2005/06/10,火星観測家P・ローエルが見た伊那谷,日岐　敏明,28,自然と人間のかかわり特集号
伊那路,49,6,581,2005/06/10,小林勇と伊那谷（1）,春日　重信,34,自然と人間のかかわり特集号
伊那路,49,6,581,2005/06/10,あふれる観客中尾歌舞伎熱演に喝采,久保田　誼,43,自然と人間のかかわり特集号
伊那路,49,6,581,2005/06/10,【文化短信】箕輪町の無形民俗文化財「中曽根の獅子舞」,山本　勝,44,自然と人間のかかわり特集号
伊那路,49,6,581,2005/06/10,【上伊那遺跡めぐり】（50）駒ヶ根市「的場・門前遺跡」,田中　清文,45,自然と人間のかかわり特集号
伊那路,49,6,581,2005/06/10,【外来植物あれこれ】（31）庭先から逸出し群生するブリケアナ,山下　正幸,48,自然と人間のかかわり特集号
伊那路,49,6,581,2005/06/10,【上伊那の野外彫刻】（18）孝行猿の碑,吉澤　正昭,表紙2,自然と人間のかかわり特集号
伊那路,49,5,580,2005/05/10,伊那小屋の建設と登山道の改修（1）内ノ萓・天狗の人たちの果たした役割,春日　博人,1,
伊那路,49,5,580,2005/05/10,信州・伊那の長谷村に中尾歌舞伎あり,久保田　誼,10,
伊那路,49,5,580,2005/05/10,「気」で村おこし　長谷村の気の里構想,飯野　雄一郎,23,
伊那路,49,5,580,2005/05/10,丸丁池上家文書にみる『御公儀様・御領主様御触書』について（8）,長谷川　正次,35,
伊那路,49,5,580,2005/05/10,【文化短信】伊那部宿に破風屋現わる,堀田　澄子,45,
伊那路,49,5,580,2005/05/10,【古文書の窓】（67）貨幣の引替えを促す回状,竹入　弘元,46,
伊那路,49,5,580,2005/05/10,【外来植物あれこれ】（30）香水の原料にするニオイスミレとニオイタチツボスミレ,山下　正幸,48,
伊那路,49,5,580,2005/05/10,【上伊那の野外彫刻】（17）すこやか,吉澤　正昭,表紙2,
伊那路,49,5,580,2005/05/10,印刻「般若心経」（13）,桜井　秀岳,表紙3,
伊那路,49,4,579,2005/04/10,ふるさとに今新しい風を　ある地域づくりの試み,城取　茂美,1,
伊那路,49,4,579,2005/04/10,日本台湾美術関係年表の作成,矢島　太郎,5,
伊那路,49,4,579,2005/04/10,印刻「般若心経」（12）,桜井　秀岳,10,
伊那路,49,4,579,2005/04/10,大久保文書に見る天明飢饉時の野口村,丸山　伸一,11,
伊那路,49,4,579,2005/04/10,北信濃における保科氏の動向についての訪ねある記（3）見性院と松姫と甲松・星名郷と坂城とその周辺,堀越　肇,17,
伊那路,49,4,579,2005/04/10,金原省吾の短歌（8）おわりに,小林　勝幸,28,
伊那路,49,4,579,2005/04/10,随想　岩間ソバ,桃沢　匡行,30,
伊那路,49,4,579,2005/04/10,ウェストンと上高地温泉の今昔,田畑　真一,32,
伊那路,49,4,579,2005/04/10,平成の高遠町スケッチ（1）,安田　新,34,
伊那路,49,4,579,2005/04/10,右繞三匝（右回り三回）,柿木　憲二,36,
伊那路,49,4,579,2005/04/10,【文化短信】県宝指定された小野宿問屋の一般公開,小池　悟志,39,
伊那路,49,4,579,2005/04/10,【外来植物あれこれ】（29）伊那地域に突如侵入した帰化植物ヤネタビラコ,山下　正幸,40,
伊那路,49,4,579,2005/04/10,【上伊那の野外彫刻】（16）飛翔,吉澤　正昭,表紙2,
伊那路,49,3,578,2005/03/10,地層が語る上伊那の地史,寺平　宏,1,郷土研究交流の集い特集号
伊那路,49,3,578,2005/03/10,第五回上伊那郷土研究交流の集い報告,編集部,11,郷土研究交流の集い特集号
伊那路,49,3,578,2005/03/10,寺平宏先生の発表をお聞きして,竹渕　修二,14,郷土研究交流の集い特集号
伊那路,49,3,578,2005/03/10,「上伊那郷土研究交流の集い」に参加して,根橋　とし子,16,郷土研究交流の集い特集号
伊那路,49,3,578,2005/03/10,青年の歌と高木東六先生,小池　金義,17,郷土研究交流の集い特集号
伊那路,49,3,578,2005/03/10,金原省吾の短歌（7）粗衣粗食で通した美学者,小林　勝幸,22,郷土研究交流の集い特集号
伊那路,49,3,578,2005/03/10,ウェストンと恋する山々,田畑　真一,24,郷土研究交流の集い特集号
伊那路,49,3,578,2005/03/10,高遠城に散った花一輪　諏訪はな物語,安田　新,26,郷土研究交流の集い特集号
伊那路,49,3,578,2005/03/10,初年兵当時の教官矢吹正好少尉の最期,赤城　助人,28,郷土研究交流の集い特集号
伊那路,49,3,578,2005/03/10,私が思う伊那のお宝　権兵衛トンネル開通を控えて,宮下　美喜子,31,郷土研究交流の集い特集号
伊那路,49,3,578,2005/03/10,【文化短信】駒ヶ根市誌自然編『中央アルプス』発刊に合せ駒ヶ根の自然展　開催準備が始まる,田中　清文,37,郷土研究交流の集い特集号
伊那路,49,3,578,2005/03/10,【古文書の窓】（66）北御所登山道小屋掛け願書,清水　満,38,郷土研究交流の集い特集号
伊那路,49,3,578,2005/03/10,【外来植物あれこれ】（28）在来のイヌフグリを排除するオオイヌノフグリ,山下　正幸,40,郷土研究交流の集い特集号
伊那路,49,3,578,2005/03/10,【上伊那の野外彫刻】（15）仰望,吉澤　正昭,表紙2,郷土研究交流の集い特集号
伊那路,49,3,578,2005/03/10,印刻「般若心経」（11）,桜井　秀岳,表紙3,郷土研究交流の集い特集号
伊那路,49,2,577,2005/02/10,阪本天山「墾田の碑」を読む,竹入　弘元,1,
伊那路,49,2,577,2005/02/10,天折の日本画家　戸田祐暉の軌跡（1）,御子柴　泰正,9,
伊那路,49,2,577,2005/02/10,上伊那の美術活動のあゆみ　伊那美術協会小史,須澤　重雄,18,
伊那路,49,2,577,2005/02/10,丸丁池上家文書にみる『御公儀様・御領主様御触書』について（7）,長谷川　正次,25,
伊那路,49,2,577,2005/02/10,北信濃における保科氏の動向についての訪ねある記（2）槍弾正・志賀城攻略・松姫ら逃避行・佐渡金山,堀越　肇,35,
伊那路,49,2,577,2005/02/10,印刻「般若心経」（10）,桜井　秀岳,42,
伊那路,49,2,577,2005/02/10,伊藤純郎著『柳田国男と信州地方史　「白足袋史学」と「わらじ史学」』,北原　明,43,
伊那路,49,2,577,2005/02/10,【文化短信】『地方史情報』で取り上げられた本誌「上伊那図書館」特集号,伊藤　一夫,45,
伊那路,49,2,577,2005/02/10,【上伊那遺跡めぐり】（49）本城遺跡,赤松　茂,46,
伊那路,49,2,577,2005/02/10,【外来植物あれこれ】（27）作物の害草　ノボロギク,山下　正幸,48,
伊那路,49,2,577,2005/02/10,【上伊那の野外彫刻】（14）希望,吉澤　正昭,表紙2,
伊那路,49,1,576,2005/01/10,故里の花　画家冬青　小林勇,小松　美沙子,1,
伊那路,49,1,576,2005/01/10,増補改訂　上伊那地方における金工品年表,赤羽　篤,6,
伊那路,49,1,576,2005/01/10,上伊那における行政・自治圏域の変動過程の考察（3）三新法施行から「町村制」施行にかけての町村の動向を中心に,伊藤　一夫,16,
伊那路,49,1,576,2005/01/10,上穂十一騎と大坂の陣　さだめなき浮世に候へ者、一日さきは不知事（信繁）,春日　重信,23,
伊那路,49,1,576,2005/01/10,漆林軒點天の心と技の生涯,矢澤　喬治,37,
伊那路,49,1,576,2005/01/10,金原省吾の短歌（6）西尾実のことばより,小林　勝幸,42,
伊那路,49,1,576,2005/01/10,伊那部宿春秋,酒井　昌好,44,
伊那路,49,1,576,2005/01/10,【文化短信】つなぐ・伝える・交流する　文化ボランティア事始め,赤羽　義洋,45,
伊那路,49,1,576,2005/01/10,【古文書の窓】（65）内務省・長野県　上伊那郡長更迭願却下指令,伊藤　一夫,46,
伊那路,49,1,576,2005/01/10,【外来植物あれこれ】（26）人に生えるナツズイセン,山下　正幸,48,
伊那路,48,12,575,2004/12/10,北信濃における保科氏の動向についての訪ねある記（1）「保科正則」伊那郡に走り藤沢郷に移り住む,堀越　肇,1,広域特集号
伊那路,48,12,575,2004/12/10,第二十九回上伊那歴史研究会県外実地踏査報告,上伊那歴史研究会,15,広域特集号
伊那路,48,12,575,2004/12/10,第二十九回上伊那歴史研究会県外実地踏査報告　会津への旅,加藤　清幸,15,広域特集号
伊那路,48,12,575,2004/12/10,第二十九回上伊那歴史研究会県外実地踏査報告　「会津藩黌日新館」の源流を訪ね発想に学ぶ,矢澤　静二,19,広域特集号
伊那路,48,12,575,2004/12/10,第二十九回上伊那歴史研究会県外実地踏査報告　若松城（鶴ヶ城）,内藤　りつ子,23,広域特集号
伊那路,48,12,575,2004/12/10,第二十九回上伊那歴史研究会県外実地踏査報告　白虎隊記念館,浦野　紀子,25,広域特集号
伊那路,48,12,575,2004/12/10,第二十九回上伊那歴史研究会県外実地踏査報告　会津武家屋敷を訪ねて,渡辺　弘行,27,広域特集号
伊那路,48,12,575,2004/12/10,第二十九回上伊那歴史研究会県外実地踏査報告　松平家墓所,北原　利雄,29,広域特集号
伊那路,48,12,575,2004/12/10,第二十九回上伊那歴史研究会県外実地踏査報告　土津神社をたずねて,氣賀澤　厚典,30,広域特集号
伊那路,48,12,575,2004/12/10,第二十九回上伊那歴史研究会県外実地踏査報告　会津に新撰組を訪ねて,宇治　正隆,33,広域特集号
伊那路,48,12,575,2004/12/10,第二十九回上伊那歴史研究会県外実地踏査報告　古代史ロマン「因幡の白うさぎ」が今でも伊那路に？,安田　新,36,広域特集号
伊那路,48,12,575,2004/12/10,【文化短信】「双口土器」が箕輪町有形文化財に,山本　勝,39,広域特集号
伊那路,48,12,575,2004/12/10,【上伊那遺跡めぐり】（48）眞米遺跡,太田　保,40,広域特集号
伊那路,48,12,575,2004/12/10,【外来植物あれこれ】（25）最近目立って増えているハルザキヤマガラシ,山下　正幸,42,広域特集号
伊那路,48,12,575,2004/12/10,【上伊那の野外彫刻】（13）いつくしみ,吉澤　正昭,表紙2,広域特集号
伊那路,48,11,574,2004/11/10,伊那谷の渓流魚伝説,白鳥　孝,1,
伊那路,48,11,574,2004/11/10,一八九一（明治二十四）年のキリスト教神学生駒ヶ岳遭難事件,塚田　博之,9,
伊那路,48,11,574,2004/11/10,松田黄牛『周易玉契』について（五）阪本天山の高弟が書いた易経の注釈書,林　洋一,17,
伊那路,48,11,574,2004/11/10,方言収集こほれ話（3）イイジャンカネ,湯澤　敏,26,
伊那路,48,11,574,2004/11/10,一兵卒の見た日露戦争の一面　第三軍通信手　亀山元次郎の手紙から,桃沢　匡行,27,
伊那路,48,11,574,2004/11/10,上伊那における行政・自治圏域の変動過程の考察（2）上伊那郡設置とその前後の動向を中心に,伊藤　一夫,35,
伊那路,48,11,574,2004/11/10,金原省吾の短歌（5）晩年・古都奈良京都を詠む,小林　勝幸,43,
伊那路,48,11,574,2004/11/10,【文化短信】60回を越えた上伊那農業高校の「みどり塾」,山口　通之,45,
伊那路,48,11,574,2004/11/10,【古文書の窓】（64）凶作に付き金子拝借願い,三浦　孝美,46,
伊那路,48,11,574,2004/11/10,【外来植物あれこれ】（24）薬用と観賞用で導入したアサガオとマルバアサガオ,山下　正幸,48,
伊那路,48,11,574,2004/11/10,【上伊那の野外彫刻】（12）若きひと,吉澤　正昭,表紙2,
伊那路,48,10,573,2004/10/10,弔辞,桐原　健,2,林茂樹先生を偲ぶ特集号
伊那路,48,10,573,2004/10/10,弔辞,今井　満,3,林茂樹先生を偲ぶ特集号
伊那路,48,10,573,2004/10/10,弔辞,横田　良巳,3,林茂樹先生を偲ぶ特集号
伊那路,48,10,573,2004/10/10,弔辞,御子柴　泰正,4,林茂樹先生を偲ぶ特集号
伊那路,48,10,573,2004/10/10,林茂樹先生著作目録,,8,林茂樹先生を偲ぶ特集号
伊那路,48,10,573,2004/10/10,林茂樹先生著作目録を作成して,太田　保,10,林茂樹先生を偲ぶ特集号
伊那路,48,10,573,2004/10/10,林茂樹先生と「神子柴遺跡の石器群」特別公開展,宮脇　正実,15,林茂樹先生を偲ぶ特集号
伊那路,48,10,573,2004/10/10,林茂樹先生と私,木下　平八郎,19,林茂樹先生を偲ぶ特集号
伊那路,48,10,573,2004/10/10,人生の我が師　林茂樹先生を想ふ,御子柴　泰正,21,林茂樹先生を偲ぶ特集号
伊那路,48,10,573,2004/10/10,印刻「般若心経」（九）,桜井　秀岳,26,林茂樹先生を偲ぶ特集号
伊那路,48,10,573,2004/10/10,林先生と埋蔵文化財保護行政,丸山　敞一郎,27,林茂樹先生を偲ぶ特集号
伊那路,48,10,573,2004/10/10,林先生と私と神子柴遺跡　伊那の石槍探査を通じての御縁,田中　清文,29,林茂樹先生を偲ぶ特集号
伊那路,48,10,573,2004/10/10,父のノボタン,林　見由生,39,林茂樹先生を偲ぶ特集号
伊那路,48,10,573,2004/10/10,命終（めいじゅう）,林　ちゑ子,40,林茂樹先生を偲ぶ特集号
伊那路,48,10,573,2004/10/10,宮田村の竜の伝説,小林　敏男,42,林茂樹先生を偲ぶ特集号
伊那路,48,10,573,2004/10/10,ウェストンとユカタ（浴衣）の効用,田畑　真一,43,林茂樹先生を偲ぶ特集号
伊那路,48,10,573,2004/10/10,【文化短信】伊那でチケット購入,下平　道子,45,林茂樹先生を偲ぶ特集号
伊那路,48,10,573,2004/10/10,【上伊那遺跡めぐり】（47）辰野町平出堂ヶ入遺跡,赤羽　義洋,46,林茂樹先生を偲ぶ特集号
伊那路,48,10,573,2004/10/10,【外来植物あれこれ】（23）園芸品が野生化したチチブフジウツギ,山下　正幸,48,林茂樹先生を偲ぶ特集号
伊那路,48,10,573,2004/10/10,【上伊那の野外彫刻】（11）想,吉澤　正昭,表紙2,林茂樹先生を偲ぶ特集号
伊那路,48,9,572,2004/09/10,俳人馬場凌冬百年祭によせて,竹入　弘元,1,
伊那路,48,9,572,2004/09/10,上伊那における行政・自治圏域の変動過程の考察（1）幕末から上伊那郡設置前までを中心に,伊藤　一夫,8,
伊那路,48,9,572,2004/09/10,丸丁池上家文書にみる『御公儀様・御領主様御触書』について（6）,長谷川　正次,16,
伊那路,48,9,572,2004/09/10,伊那谷周辺の女性と奥地残像（2）明治初期、来日した欧州人が綴った記録をもとに,春日　重信,26,
伊那路,48,9,572,2004/09/10,金原省吾の短歌（4）大雲寺にて詠んだうた,小林　勝幸,38,
伊那路,48,9,572,2004/09/10,ずらの王国,安田　新,40,
伊那路,48,9,572,2004/09/10,昭和初期赤穂村（町）商店の商店章・社章について　廃業した印刷所に残されたシンボルマーク,竹内　滋一,42,
伊那路,48,9,572,2004/09/10,【文化短信】復元されたシシ垣,吉田　保晴,45,
伊那路,48,9,572,2004/09/10,【古文書の窓】（63）伊達騒動記の写本,唐木　日出男,46,
伊那路,48,9,572,2004/09/10,【外来植物あれこれ】（22）園芸種の野生化したハナガサギクとオオハンゴンソウ,山下　正幸,48,
伊那路,48,9,572,2004/09/10,【上伊那の野外彫刻】（10）STEP BY STEP　明日へ・より高く,吉澤　正昭,表紙2,
伊那路,48,8,571,2004/08/10,「青い目の人形」から学ぶ　七久保小学校の事例を中心に,小木曽　豊,1,終戦特集号
伊那路,48,8,571,2004/08/10,青少年義勇軍の碑（少年の塔）,北原　和夫,9,終戦特集号
伊那路,48,8,571,2004/08/10,しぐれつつしづかにも,竹入　弘元,12,終戦特集号
伊那路,48,8,571,2004/08/10,軍隊生活から　昭和十九年二月～二十年八月,三澤　勇美,13,終戦特集号
伊那路,48,8,571,2004/08/10,ああニューギニア,浦野　和夫,23,終戦特集号
伊那路,48,8,571,2004/08/10,「たぎり落ちる」上片桐村からのメッセージ　父と子と、子と父の十五年戦争前・後の記,堀越　肇,29,終戦特集号
伊那路,48,8,571,2004/08/10,寶積山光前寺の神願会（じんが様）　羽広山仲仙寺と共通性も,小原　秀擴,37,終戦特集号
伊那路,48,8,571,2004/08/10,方言収集こぼれ話（2）アンベーハドウネ・アンジャアネエゼ,湯澤　敏,42,終戦特集号
伊那路,48,8,571,2004/08/10,【文化短信】「高木東六先生記念碑」に思う　疎開が地域文化に及ぼした影響の検証にご協力を,伊藤　一夫,43,終戦特集号
伊那路,48,8,571,2004/08/10,【上伊那遺跡めぐり】（46）今泉遺跡,飯塚　政美,46,終戦特集号
伊那路,48,8,571,2004/08/10,【外来植物あれこれ】（21）野生化し繁殖するムシトリナデシコ,山下　正幸,48,終戦特集号
伊那路,48,8,571,2004/08/10,【上伊那の野外彫刻】（9）わだつみのこえ,吉澤　正昭,表紙2,終戦特集号
伊那路,48,7,570,2004/07/10,伊那谷の里山は今,近藤　道治,1,
伊那路,48,7,570,2004/07/10,万葉を歩く会と小池キフヨ基金,清水　満,7,
伊那路,48,7,570,2004/07/10,良寛さんは伊那に来ている,小原　洋一,14,
伊那路,48,7,570,2004/07/10,伊那谷周辺の女性と奥地残像（1）明治初期、来日した欧州人が綴った記録をもとに,春日　重信,19,
伊那路,48,7,570,2004/07/10,我が郷土と白山神社の考察,三澤　勝人,27,
伊那路,48,7,570,2004/07/10,金原省吾の短歌（3）その子ら三人を戦争で亡くす,小林　勝幸,34,
伊那路,48,7,570,2004/07/10,方言収集こぼれ話（1）ナンダデ・エレエコト,湯澤　敏,36,
伊那路,48,7,570,2004/07/10,上伊那地域の平成の大合併の動向（2）住民意向調査と最近の動向についての若干の考察,山口　通之,37,
伊那路,48,7,570,2004/07/10,【文化短信】高木東六ゆかりのピアノ寄贈される,清水　満,45,
伊那路,48,7,570,2004/07/10,【古文書の窓】（62）天明八年、火災に関する村定,池上　正直,46,
伊那路,48,7,570,2004/07/10,【外来植物あれこれ】（20）街路樹や砂防林用に植栽したニセアカシア,山下　正幸,48,
伊那路,48,7,570,2004/07/10,【上伊那の野外彫刻】（8）嵐の中の母子像,吉澤　正昭,表紙2,
伊那路,48,6,569,2004/06/10,農業用水路にもっと自然を「中正井を愛する会」の活動に参加して,日岐　明彦,1,自然と人間のかかわり特集号
伊那路,48,6,569,2004/06/10,地域の河川環境を考える,上伊那農業高校緑地工学科土木コース,6,自然と人間のかかわり特集号
伊那路,48,6,569,2004/06/10,「課題研究」の取り組み　伊那北高等学校理数科での実践,赤羽　俊典,14,自然と人間のかかわり特集号
伊那路,48,6,569,2004/06/10,シジュウカラとヤマガラの餌の取り方,伊那西小学校五年生,21,自然と人間のかかわり特集号
伊那路,48,6,569,2004/06/10,風と光の記憶（5）安田潤三郎夫妻、三姉妹と山溝物語と,堀越　肇,39,自然と人間のかかわり特集号
伊那路,48,6,569,2004/06/10,【文化短信】丸石道祖神,伊藤　一彦,45,自然と人間のかかわり特集号
伊那路,48,6,569,2004/06/10,【上伊那遺跡めぐり】（40）駒ヶ根市上の原Ⅲ遺跡出土の神子柴型石器,田中　清文,46,自然と人間のかかわり特集号
伊那路,48,6,569,2004/06/10,【外来植物あれこれ】（19）畑地や腐植質地に生える害草ハキダメギク,山下　正幸,48,自然と人間のかかわり特集号
伊那路,48,6,569,2004/06/10,【上伊那の野外彫刻】（7）平和と文化の像,吉澤　正昭,表紙2,自然と人間のかかわり特集号
伊那路,48,6,569,2004/06/10,印刻「般若心経」（8）,桜井　秀岳,表紙3,自然と人間のかかわり特集号
伊那路,48,5,568,2004/05/10,西箕輪における御射山大社について　文献と実地踏査からの考察,小林　一行,1,
伊那路,48,5,568,2004/05/10,風と光の記憶（4）安田潤三郎夫妻、三姉妹と山溝物語と,堀越　肇,9,
伊那路,48,5,568,2004/05/10,古文書に思うこと,小林　敏男,15,
伊那路,48,5,568,2004/05/10,長谷村と俳人井上井月（2）,竹入　弘元,17,
伊那路,48,5,568,2004/05/10,金原省吾の短歌（1）「山草集」など歌集発行,小林　勝幸,23,
伊那路,48,5,568,2004/05/10,江戸時代の高遠石工の石仏を訪ねて,赤羽　忠二,25,
伊那路,48,5,568,2004/05/10,中村元恒の著作『一話』などにみられる伊那周辺の文化（2）十返舎一九や浅田宗伯との出逢いと洒落・奇談,春日　重信,31,
伊那路,48,5,568,2004/05/10,丸丁池上家文書にみる『御公儀様・御領主様御触書』について（5）,長谷川　正次,34,
伊那路,48,5,568,2004/05/10,【文化短信】地域社会の音楽文化向上にレッツ・ミュージック,堀田　澄子,45,
伊那路,48,5,568,2004/05/10,【古文書の窓】（61）天龍川・伊那大橋付近資料二題,黒河内　茂,46,
伊那路,48,5,568,2004/05/10,【外来植物あれこれ】（18）花粉症を起こす公害草ブタクサとオオブタクサ,山下　正幸,48,
伊那路,48,5,568,2004/05/10,【上伊那の野外彫刻】（6）風韻,吉澤　正昭,表紙2,
伊那路,48,5,568,2004/05/10,印刻「般若心経」（7）,桜井　秀岳,表紙3,
伊那路,48,4,567,2004/04/10,上伊那地域の平成の大合併の動向（1）住民意向調査結果の分析を中心に,山口　通之,1,
伊那路,48,4,567,2004/04/10,長谷村と俳人井上井月（1）,竹入　弘元,8,
伊那路,48,4,567,2004/04/10,井上井月生誕180年記念展報告,矢島　太郎,13,
伊那路,48,4,567,2004/04/10,土砂災害と分校の廃校に思うこと,牛丸　達成,19,
伊那路,48,4,567,2004/04/10,富県北福地慈眠寺　平成の中興,登内　昭和,22,
伊那路,48,4,567,2004/04/10,直江津旅行の歌　ようやく確認できた思い出の歌詞,矢澤　喬治,29,
伊那路,48,4,567,2004/04/10,北村誠先生を偲んで,浦野　和夫,35,
伊那路,48,4,567,2004/04/10,中村元恒の著作『一話』などにみられる伊那周辺の文化（1）十返舎一九や浅田宗伯との出逢いと洒落・奇談,春日　重信,39,
伊那路,48,4,567,2004/04/10,【文化短信】伊那御柱の年,三浦　孝美,47,
伊那路,48,4,567,2004/04/10,【外来植物あれこれ】（17）野菜や薬用にしたセイヨウタンポポとシナノタンポポ（続）,山下　正幸,48,
伊那路,48,4,567,2004/04/10,【上伊那の野外彫刻】（5）羽ばたき,吉澤　正昭,表紙2,
伊那路,48,3,566,2004/03/10,市村久蔵の譲り状　箕輪町上古田に人形浄瑠璃を伝えた操師たち,牧田　豊,1,
伊那路,48,3,566,2004/03/10,千村平右衛門の「預所経営」の考察　信州伊那郡上穂村を例に（7）　榑木山支配から御林支配へ,小木曽　伸一,12,
伊那路,48,3,566,2004/03/10,高遠石工旅稼ぎ人別帳（2）清水彦之丞と高嶋団蔵,田中　清文,20,
伊那路,48,3,566,2004/03/10,上伊那郷土研究交流の集い（第四回）に出席して,小池　金義,31,
伊那路,48,3,566,2004/03/10,歴史的に見た柄鏡の図柄とそのいわれ　伊那市内神社所蔵品の数面をめぐって,飯塚　政美,34,
伊那路,48,3,566,2004/03/10,ウェストンと信濃路の食事,田畑　真一,40,
伊那路,48,3,566,2004/03/10,金原省吾のこと（1）,小林　勝幸,42,
伊那路,48,3,566,2004/03/10,竹入先生との出逢い,平岩　道男,44,
伊那路,48,3,566,2004/03/10,【文化短信】チルドレン・ミュージアム,赤羽　義洋,45,
伊那路,48,3,566,2004/03/10,【古文書の窓】（60）村方の記録に見る時刻制度の改正,伊藤　一夫,46,
伊那路,48,3,566,2004/03/10,【外来植物あれこれ】（16）野菜や薬用にしたセイヨウタンポポとシナノタンポポ（1）,山下　正幸,48,
伊那路,48,3,566,2004/03/10,【上伊那の野外彫刻】（4）詩境,吉澤　正昭,表紙2,
伊那路,48,3,566,2004/03/10,印刻「般若心経」（6）,桜井　秀岳,表紙3,
伊那路,48,2,565,2004/02/10,伊沢修二研究のいま,塚田　博之,1,郷土研究交流の集い特集号
伊那路,48,2,565,2004/02/10,高遠石工旅稼ぎ人別帳（1）奥三河型庚申石工,田中　清文,7,郷土研究交流の集い特集号
伊那路,48,2,565,2004/02/10,第四回上伊那郷土研究交流の集い［上伊那郷土研究交流の集いに参加して］,,16,郷土研究交流の集い特集号
伊那路,48,2,565,2004/02/10,第四回上伊那郷土研究交流の集い［上伊那郷土研究交流の集いに参加して］さわやか,小松　舎人,18,郷土研究交流の集い特集号
伊那路,48,2,565,2004/02/10,第四回上伊那郷土研究交流の集い［上伊那郷土研究交流の集いに参加して］高橋先生と父,花岡　美知子,19,郷土研究交流の集い特集号
伊那路,48,2,565,2004/02/10,第四回上伊那郷土研究交流の集い［上伊那郷土研究交流の集いに参加して］再認識したもの,堀田　澄子,20,郷土研究交流の集い特集号
伊那路,48,2,565,2004/02/10,ふるさと,小林　勝幸,22,郷土研究交流の集い特集号
伊那路,48,2,565,2004/02/10,高遠に関する人と言葉・歌など　日々の彩りを実感させる記録から,春日　重信,23,郷土研究交流の集い特集号
伊那路,48,2,565,2004/02/10,伊那市東春近旧上殿島区の三分区の経緯,久保村　文人,30,郷土研究交流の集い特集号
伊那路,48,2,565,2004/02/10,【文化短信】見直されつつある米の古来種,伊藤　一夫,37,郷土研究交流の集い特集号
伊那路,48,2,565,2004/02/10,【上伊那遺跡めぐり】（44）伊那市大原遺跡,飯塚　政美,38,郷土研究交流の集い特集号
伊那路,48,2,565,2004/02/10,【外来植物あれこれ】（15）毒性をもっているアメリカヤマゴボウとヤマゴボウ,山下　正幸,40,郷土研究交流の集い特集号
伊那路,48,2,565,2004/02/10,【上伊那の野外彫刻】（3）希望,吉澤　正昭,表紙2,郷土研究交流の集い特集号
伊那路,48,2,565,2004/02/10,印刻「般若心経」（5）,桜井　秀岳,表紙3,郷土研究交流の集い特集号
伊那路,48,1,564,2004/01/10,接収刀剣の歴史的経過と伊那市への譲与　譲与報告を中心に,高松　慎一,1,
伊那路,48,1,564,2004/01/10,風と光の記憶（3）静岡・群馬・長野に残る諸説を探る旅ノート抄（その二）,堀越　肇,15,
伊那路,48,1,564,2004/01/10,千村平右衛門の「預所経営」の考察　信州伊那郡上穂村を例に（6）　千村預かり所の住民の「御料意識」,小木曽　伸一,22,
伊那路,48,1,564,2004/01/10,ウェストンと木曽駒ヶ岳の悲話,田畑　真一,27,
伊那路,48,1,564,2004/01/10,戦前、戦後の東京　東京に勤労奉仕隊として,小林　敏男,31,
伊那路,48,1,564,2004/01/10,箕輪南宮神社の初祭と山車飾り,蟹澤　広美,33,
伊那路,48,1,564,2004/01/10,初明り,酒井　昌好,36,
伊那路,48,1,564,2004/01/10,【文化短信】信州大学農学部の「ミュージアム構想」,山口　通之,37,
伊那路,48,1,564,2004/01/10,【古文書の窓】（59）江戸時代の借金証文,竹入　弘元,38,
伊那路,48,1,564,2004/01/10,【外来植物あれこれ】（14）石鹸の代用にしたサボンソウ,山下　正幸,40,
伊那路,48,1,564,2004/01/10,印刻「般若心経」（4）,桜井　秀岳,表紙3,
伊那路,47,12,563,2003/12/10,信州の飯島氏と奥出雲三沢氏,飯島　紘,1,広域特集号
伊那路,47,12,563,2003/12/10,第二十八回県外実地調査報告,上伊那歴史研究会,8,広域特集号
伊那路,47,12,563,2003/12/10,丸丁池上家文書にみる『御公儀様・御領主様御触留』について（4）,長谷川　正次,29,広域特集号
伊那路,47,12,563,2003/12/10,【文化短信】三峰川探検,吉田　保晴,39,広域特集号
伊那路,47,12,563,2003/12/10,【上伊那遺跡めぐり】（43）若森社遺跡,太田　保,40,広域特集号
伊那路,47,12,563,2003/12/10,【外来植物あれこれ】（13）冬でも増え続ける害草ヒメオドリコソウ,山下　正幸,42,広域特集号
伊那路,47,12,563,2003/12/10,【上伊那の野外彫刻】（2）ともしび,吉澤　正昭,表紙2,広域特集号
伊那路,47,11,562,2003/11/10,千村平右衛門の「預所経営」の考察　信州伊那郡上穂村を例に（5）「御林」成立前夜　御料上穂村百姓八五郎杣入れ一件,小木曽　伸一,1,
伊那路,47,11,562,2003/11/10,風と光の記憶（3）静岡・群馬・長野に残る諸説を探る旅ノート抄（1）,堀越　肇,13,
伊那路,47,11,562,2003/11/10,芥川龍之介と井月,加藤　すみ子,19,
伊那路,47,11,562,2003/11/10,アフガニスタンでの農業協力の思い出,井口　尚樹,23,
伊那路,47,11,562,2003/11/10,歴史の「るつぼ」アフガニスタン,井口　美和子,27,
伊那路,47,11,562,2003/11/10,ウェストンと伊那路の樽風呂,田畑　真一,31,
伊那路,47,11,562,2003/11/10,丸丁池上家文書にみる『御公儀様・御領主様御触留』について（3）,長谷川　正次,34,
伊那路,47,11,562,2003/11/10,印刻「般若心経」（3）,桜井　秀岳,44,
伊那路,47,11,562,2003/11/10,【文化短信】伊那市駅前再開発ビル「いなっせ」完成,清水　満,45,
伊那路,47,11,562,2003/11/10,【古文書の窓】（58）天保五年（一八三四）他所売薬者名前帳（高遠藩）,池上　正直,46,
伊那路,47,11,562,2003/11/10,【外来植物あれこれ】（12）強害草で嫌われ物のアレチウリ,山下　正幸,48,
伊那路,47,11,562,2003/11/10,【上伊那の野外彫刻】（1）静立,吉澤　正昭,表紙2,
伊那路,47,10,561,2003/10/10,上伊那地方に伝わる織機（高機）と付属具,丸山　輝子,1,民俗特集号
伊那路,47,10,561,2003/10/10,手良の池鯉鮒大明神碑,山岸　久男,11,民俗特集号
伊那路,47,10,561,2003/10/10,風の狩人,松田　伊都子,17,民俗特集号
伊那路,47,10,561,2003/10/10,わが家の古記録に見る辰野七蔵寺子持桂の由来,中村　要,18,民俗特集号
伊那路,47,10,561,2003/10/10,峠,春日　重信,22,民俗特集号
伊那路,47,10,561,2003/10/10,黒川谷や西山のことあれこれ,小林　敏男,31,民俗特集号
伊那路,47,10,561,2003/10/10,丸丁池上家文書にみる『御公儀様・御領主様御触留』について（2）,長谷川　正次,34,民俗特集号
伊那路,47,10,561,2003/10/10,【文化短信】彼らの時代に立ち会う,下平　道子,44,民俗特集号
伊那路,47,10,561,2003/10/10,【外来植物あれこれ】（11）花粉公害草のセイタカアワダチソウ,山下　正幸,45,民俗特集号
伊那路,47,10,561,2003/10/10,【上伊那遺跡めぐり】（42）辰野町新町泉水遺跡出土の土偶,赤羽　義洋,46,民俗特集号
伊那路,47,10,561,2003/10/10,印刻「般若心経」（1）,桜井　秀岳,48,民俗特集号
伊那路,47,10,561,2003/10/10,【伊那谷の民家】（12）井上家住宅,吉澤　政己,表紙2,民俗特集号
伊那路,47,9,560,2003/09/10,回想の上伊那図書館,赤羽　篤,1,上伊那図書館特集号
伊那路,47,9,560,2003/09/10,終戦前後の上伊那図書館,春日　博人,7,上伊那図書館特集号
伊那路,47,9,560,2003/09/10,図書館　即かず離れず,代田　敬一郎,12,上伊那図書館特集号
伊那路,47,9,560,2003/09/10,創設当時の上伊那図書館　『上伊那図書館三十年史』を頼りに振り返る,伊藤　勉,16,上伊那図書館特集号
伊那路,47,9,560,2003/09/10,上伊那図書館の閉館に思う,竹入　弘元,19,上伊那図書館特集号
伊那路,47,9,560,2003/09/10,上伊那図書館に疎開した文化財,清水　満,22,上伊那図書館特集号
伊那路,47,9,560,2003/09/10,上伊那図書館の「心」を永遠に,小池　金義,26,上伊那図書館特集号
伊那路,47,9,560,2003/09/10,上伊那図書館にまつわる思い出,北原　領一,28,上伊那図書館特集号
伊那路,47,9,560,2003/09/10,さらば！！上伊那図書館その七十余年の歴史に想う　昭和二十年代後半頃の想い出など,小林　時子,30,上伊那図書館特集号
伊那路,47,9,560,2003/09/10,上伊那図書館との御縁,堀田　澄子,32,上伊那図書館特集号
伊那路,47,9,560,2003/09/10,伊澤多喜男の時代（4）やせた小柄な人物だが、かみそりの刃のような鋭い印象を与える容貌の持ち主,春日　重信,34,上伊那図書館特集号
伊那路,47,9,560,2003/09/10,箕輪町の追分と文学碑公園,矢澤　喬治,40,上伊那図書館特集号
伊那路,47,9,560,2003/09/10,【文化短信】箕輪南宮神社御鹿奉納神事,山本　勝,45,上伊那図書館特集号
伊那路,47,9,560,2003/09/10,【古文書の窓】（57）宗門人別改めの身代わり発覚し押込,三浦　孝美,46,上伊那図書館特集号
伊那路,47,9,560,2003/09/10,【外来植物あれこれ】（10）特異な形態をしたビロードモウズイカ,山下　正幸,48,上伊那図書館特集号
伊那路,47,9,560,2003/09/10,【伊那谷の民家】（11）伊沢修二生家,吉澤　政己,表紙2,上伊那図書館特集号
伊那路,47,9,560,2003/09/10,上伊那図書館の設立と閉館の経緯,清水　満,表紙3,上伊那図書館特集号
伊那路,47,8,559,2003/08/10,わが軍歴と開戦・終戦の詔勅,宮原　義彦,1,終戦特集号
伊那路,47,8,559,2003/08/10,忘れられないビルマ戦線の日々,牧田　辰三,7,終戦特集号
伊那路,47,8,559,2003/08/10,洪思翊中将を想う,中村　一,16,終戦特集号
伊那路,47,8,559,2003/08/10,会議録にみる終戦前後の区の動向　上伊那郡伊那町小沢区の場合,伊藤　一夫,24,終戦特集号
伊那路,47,8,559,2003/08/10,戦後は終っていない,浦野　和夫,31,終戦特集号
伊那路,47,8,559,2003/08/10,上伊那俳壇四十周年を迎え　源流の頃の俳句風景・わが回想のひとこま,酒井　昌好,34,終戦特集号
伊那路,47,8,559,2003/08/10,山口豊春さんを偲ぶ,矢澤　喬治,36,終戦特集号
伊那路,47,8,559,2003/08/10,仏山宗道大和尚と常円寺夏季文化講座,柿木　憲二,37,終戦特集号
伊那路,47,8,559,2003/08/10,上伊那の奥山半僧坊（6）駒ヶ根市,塩澤　一郎,43,終戦特集号
伊那路,47,8,559,2003/08/10,夏に思う,小林　勝幸,46,終戦特集号
伊那路,47,8,559,2003/08/10,【文化短信】パカパカ塾,伊藤　一彦,47,終戦特集号
伊那路,47,8,559,2003/08/10,【外来植物あれこれ】（9）大群落をつくり広まるオオキンケイギク,山下　正幸,48,終戦特集号
伊那路,47,8,559,2003/08/10,【伊那谷の民家】（10）旧三沢家住宅,吉澤　政己,表紙2,終戦特集号
伊那路,47,7,558,2003/07/10,丸丁池上家文書にみる『御公儀様・御領主様御触留』について（1）,長谷川　正次,1,
伊那路,47,7,558,2003/07/10,伊澤多喜男の時代（3）やせた小柄な人物だが、かみそりの刃のような鋭い印象を与える容貌の持ち主,春日　重信,12,
伊那路,47,7,558,2003/07/10,ふるさと伊那谷の温もり,荻原　かほり,21,
伊那路,47,7,558,2003/07/10,ウェストンと木曽駒ヶ岳の大展望,田畑　真一,25,
伊那路,47,7,558,2003/07/10,磨きあうヒューマニズムの道場　隆司先生との二十年,埋橋　正秋,28,
伊那路,47,7,558,2003/07/10,松田黄牛『周易玉契』について（4）阪本天山の高弟が書いた易経の注釈書,林　洋一,33,
伊那路,47,7,558,2003/07/10,消えてしまう分校も本校も　小谷村の統合小学校,伊藤　一彦,40,
伊那路,47,7,558,2003/07/10,【文化短信】ひな人形ワールド,赤羽　義洋,45,
伊那路,47,7,558,2003/07/10,【古文書の窓】（56）「先觸」の一札,唐木　日出男,46,
伊那路,47,7,558,2003/07/10,【外来植物あれこれ】（8）一時薬草ブームで騒がれたコンフリー（ヒレハリソウ）,山下　正幸,48,
伊那路,47,7,558,2003/07/10,【伊那谷の民家】（9）旧竹村家住宅,吉澤　政己,表紙2,
伊那路,47,6,557,2003/06/10,日本一の川・三峰川,白鳥　孝,1,自然と人間のかかわり特集号
伊那路,47,6,557,2003/06/10,長谷村三峰川流域の地下水の研究,清水　治,12,自然と人間のかかわり特集号
伊那路,47,6,557,2003/06/10,活断層と簡易水道（1）山寺上村簡易水道,山下　正幸,21,自然と人間のかかわり特集号
伊那路,47,6,557,2003/06/10,柵立押出提防　洪水との苦闘の歴史を伝える野底の天竜土手,平澤　淳一,29,自然と人間のかかわり特集号
伊那路,47,6,557,2003/06/10,伊那谷の果樹作り（3）初めの頃のエピソード,桃沢　匡行,35,自然と人間のかかわり特集号
伊那路,47,6,557,2003/06/10,『伊那路』と私,浦野　和夫,39,自然と人間のかかわり特集号
伊那路,47,6,557,2003/06/10,子守り歌,堀田　澄子,43,自然と人間のかかわり特集号
伊那路,47,6,557,2003/06/10,【文化短信】伊那市文化財審議委員会紀要刊行,伊藤　一夫,45,自然と人間のかかわり特集号
伊那路,47,6,557,2003/06/10,【上伊那遺跡めぐり】（41）八幡原遺跡,田中　清文,46,自然と人間のかかわり特集号
伊那路,47,6,557,2003/06/10,【外来植物あれこれ】（7）消滅した野生植物のワスレナグサ,山下　正幸,48,自然と人間のかかわり特集号
伊那路,47,6,557,2003/06/10,【伊那谷の民家】（8）有賀家住宅,吉澤　政己,表紙2,自然と人間のかかわり特集号
伊那路,47,5,556,2003/05/10,茶道の成立と伊那にみる茶道,久保田　裕子,1,
伊那路,47,5,556,2003/05/10,伊澤多喜男の時代（2）やせた小柄な人物だが、かみそりの刃のような鋭い印象を与える容貌の持ち主,春日　重信,11,
伊那路,47,5,556,2003/05/10,伊那谷の果樹作り（2）初めの頃のエピソード,桃沢　匡行,17,
伊那路,47,5,556,2003/05/10,松田黄牛『周易玉契』について（3）阪本天山の高弟が書いた易経の注釈書,林　洋一,21,
伊那路,47,5,556,2003/05/10,富県北福地諏訪社の歳事,登内　昭和,27,
伊那路,47,5,556,2003/05/10,地区の今昔　長谷村溝口区上城の場合,中山　源一,32,
伊那路,47,5,556,2003/05/10,【文化短信】小野宿問屋の春季一般公開,三浦　孝美,37,
伊那路,47,5,556,2003/05/10,【古文書の窓】（55）譲手形と家改の文書,黒河内　茂,38,
伊那路,47,5,556,2003/05/10,【外来植物あれこれ】（6）日本各地にはびこるヒメジョオンとハルジオン,山下　正幸,40,
伊那路,47,5,556,2003/05/10,【伊那谷の民家】（7）伊那部宿旧井澤家住宅,吉澤　政己,表紙2,
伊那路,47,4,555,2003/04/10,伊澤多喜男の時代（1）やせた小柄な人物だが、かみそりの刃のような鋭い印象を与える容貌の持ち主,春日　重信,1,
伊那路,47,4,555,2003/04/10,伊那谷の果樹作り（1）初めの頃のエピソード,桃沢　匡行,11,
伊那路,47,4,555,2003/04/10,ウェストンと『日本百名山』,田畑　真一,15,
伊那路,47,4,555,2003/04/10,伊那の井月,千曲　山人,18,
伊那路,47,4,555,2003/04/10,関西の三大奇祭,平岩　道男,23,
伊那路,47,4,555,2003/04/10,伝兵衛井筋の完成年月日考,埋橋　正秋,26,
伊那路,47,4,555,2003/04/10,若き日の思い出二題　前田先生のこと・学校給食受賞,小池　ふみ子,28,
伊那路,47,4,555,2003/04/10,黒川谷に思うこと,小林　敏男,32,
伊那路,47,4,555,2003/04/10,松田黄牛『周易玉契』について（2）阪本天山の高弟が書いた易経の注釈書,林　洋一,35,
伊那路,47,4,555,2003/04/10,【文化短信】伊那古文書研究会,久保田　裕子,45,
伊那路,47,4,555,2003/04/10,【上伊那遺跡めぐり】（40）塚本古墳,伊藤　修,46,
伊那路,47,4,555,2003/04/10,【外来植物あれこれ】（5）草原・雑草地に見られるブタナ（タンポポモドキ）,山下　正幸,48,
伊那路,47,3,554,2003/03/10,松田黄牛『周易玉契』について（1）阪本天山の高弟が書いた易経の注釈書,林　洋一,1,
伊那路,47,3,554,2003/03/10,産業人林伝の記録（2）飯田・伊那に生きるその伝統,堀越　肇,10,
伊那路,47,3,554,2003/03/10,古田人形芝居の現状と課題,柴　登巳夫,20,
伊那路,47,3,554,2003/03/10,再説・「伊那谷」と仙丈　ウェストンの本を手がかりに,有賀　功,24,
伊那路,47,3,554,2003/03/10,特別保護地域　千畳敷カール,塩澤　一郎,29,
伊那路,47,3,554,2003/03/10,井月かるた,矢島　井聲,34,
伊那路,47,3,554,2003/03/10,旬の食材・行事食,田中　久子,38,
伊那路,47,3,554,2003/03/10,中曽根の権現桜と私,伊藤　千秋,39,
伊那路,47,3,554,2003/03/10,消えてしまった分校（9）飯島小本郷分校・日曽利分校,伊藤　一彦,41,
伊那路,47,3,554,2003/03/10,【文化短信】伊那中央病院が完成,唐木　日出男,45,
伊那路,47,3,554,2003/03/10,【古文書の窓】（54）盗難届,桜井　武,46,
伊那路,47,3,554,2003/03/10,【外来植物あれこれ】（4）中間型種の多いオオマツヨイグサとアレチマツヨイグサ,山下　正幸,48,
伊那路,47,3,554,2003/03/10,【伊那谷の民家】（6）宮田本陣旧新井家住宅,吉澤　政己,表紙2,
伊那路,47,2,553,2003/02/10,伊那谷の縄文文化に学ぶ,渡辺　誠,1,交流の集い特集号
伊那路,47,2,553,2003/02/10,すみれ縄文発掘調査隊　南原遺跡発掘の記録,箕輪西小学校　六年　すみれ学級,15,交流の集い特集号
伊那路,47,2,553,2003/02/10,伊那谷と『新著聞集』　親子猿の絆の話を中心に,春日　重信,27,交流の集い特集号
伊那路,47,2,553,2003/02/10,陰陽五行思想から見る天台宗寶積山光前寺建立の成り立ち（2）,小原　秀擴,32,交流の集い特集号
伊那路,47,2,553,2003/02/10,正月,小林　勝幸,36,交流の集い特集号
伊那路,47,2,553,2003/02/10,【文化短信】ハッチョウトンボを育む,吉田　保晴,37,交流の集い特集号
伊那路,47,2,553,2003/02/10,【上伊那遺跡めぐり】（39）辰野町樋口内城遺跡,赤羽　義洋,38,交流の集い特集号
伊那路,47,2,553,2003/02/10,【外来植物あれこれ】（3）戦時中の救荒植物キクイモ,山下　正幸,40,交流の集い特集号
伊那路,47,2,553,2003/02/10,【伊那谷の民家】（5）馬島家住宅,吉澤　政己,表紙2,交流の集い特集号
伊那路,47,1,552,2003/01/10,［講演］信州・伊那谷の山と川（要旨）　短歌に詠われた風土への思い,北原　由夫,1,
伊那路,47,1,552,2003/01/10,陰陽五行思想から見る天台宗寶積山光前寺建立の成り立ち（1）,小原　秀擴,9,
伊那路,47,1,552,2003/01/10,産業人林伝の記録（1）名門東芝を支えてきたもの,堀越　肇,21,
伊那路,47,1,552,2003/01/10,消えてしまった分校（8）飯島小学校田切分校・美和小学校戸台分校,伊藤　一彦,30,
伊那路,47,1,552,2003/01/10,千村平右衛門の「預所経営」の考察　信州伊那郡上穂村を例に（4）千村氏の「御林」支配（3）,小木曽　伸一,34,
伊那路,47,1,552,2003/01/10,ウェストンと伊那路の「甲州山脈」,田畑　真一,42,
伊那路,47,1,552,2003/01/10,俳句新春作品　山の湖,酒井　昌好,44,
伊那路,47,1,552,2003/01/10,【文化短信】伊那部宿ゆかりの南画家佐々布篁石展,清水　満,45,
伊那路,47,1,552,2003/01/10,【古文書の窓】（53）近世後期・心学流布本の一つ,池上　正直,46,
伊那路,47,1,552,2003/01/10,【外来植物あれこれ】（2）山地まで侵入したコセンダングサ,山下　正幸,48,
伊那路,46,12,551,2002/12/10,「西條白菜」に学ぶ地域農業のあり方,矢澤　静二,1,
伊那路,46,12,551,2002/12/10,第二十七回県外実地踏査報告,上伊那歴史研究会,10,
伊那路,46,12,551,2002/12/10,信州高遠と長岡高頭　長岡市高頭の先祖は高遠出身である,加藤　すみ子,35,
伊那路,46,12,551,2002/12/10,電飾の里,藤原　増寿美,39,
伊那路,46,12,551,2002/12/10,【文化短信】映画もどうぞ,下平　道子,40,
伊那路,46,12,551,2002/12/10,【外来植物あれこれ】（1）繁殖力のすごいアメリカセンダングサ,山下　正幸,42,
伊那路,46,12,551,2002/12/10,【伊那谷の民家】（4）仁科家住宅,吉澤　政己,表紙2,
伊那路,46,11,550,2002/11/10,水戸浪士通過と伊那・木曽に残した詩歌,矢澤　喬治,1,
伊那路,46,11,550,2002/11/10,伊那部宿ゆかりの南画家佐々布篁石（2）肥後南画の翹楚の作品発見に寄せて,村田　栄子,8,
伊那路,46,11,550,2002/11/10,伊那谷への官設鉄道「中央線」誘致運動（2）,春日　重信,13,
伊那路,46,11,550,2002/11/10,消えてしまった分校（7）伊那里小浦分校・中川東小葛島分校,伊藤　一彦,25,
伊那路,46,11,550,2002/11/10,ウエストンは「伊那谷か」,田畑　真一,30,
伊那路,46,11,550,2002/11/10,千村平右衛門の「預所経営」の考察　信州伊那郡上穂村を例に（4）千村氏の「御林」支配（2）,小木曽　伸一,32,
伊那路,46,11,550,2002/11/10,【古文書の窓】（52）矢彦大明神の拝殿・廻廊建立請負証文,三浦　孝美,38,
伊那路,46,11,550,2002/11/10,【文化短信】公民館講座（箕輪町）,山本　勝,40,
伊那路,46,11,550,2002/11/10,【伊那谷の民家】（3）小原家住宅,吉澤　政己,表紙2,
伊那路,46,10,549,2002/10/10,民話の心　伊那谷の伝説・民話について,山本　勝,1,民俗・文芸特集号
伊那路,46,10,549,2002/10/10,百姓の昔の思い出,小林　敏男,7,民俗・文芸特集号
伊那路,46,10,549,2002/10/10,沢尻お不動尊の護符,中山　源一,10,民俗・文芸特集号
伊那路,46,10,549,2002/10/10,子育ての今昔,大槻　武治,11,民俗・文芸特集号
伊那路,46,10,549,2002/10/10,伊那部宿ゆかりの南画家佐々布篁石（1）,田中　三郎,20,民俗・文芸特集号
伊那路,46,10,549,2002/10/10,一茶を慕った矢彦雨路,千曲　山人,25,民俗・文芸特集号
伊那路,46,10,549,2002/10/10,土屋愛子氏のご逝去を悼む,上伊那郷土研究会,30,民俗・文芸特集号
伊那路,46,10,549,2002/10/10,父の肖像　背を見て育つ,酒井　由里,31,民俗・文芸特集号
伊那路,46,10,549,2002/10/10,「シベリア抑留抄」の短歌について,林　茂樹,37,民俗・文芸特集号
伊那路,46,10,549,2002/10/10,千村平右衛門の「預所経営」の考察　信州伊那郡上穂村を例に（4）千村氏の「御林」支配（1）,小木曽　伸一,41,民俗・文芸特集号
伊那路,46,10,549,2002/10/10,【伊那谷の民家】（2）堀越家住宅,吉澤　政己,表紙2,民俗・文芸特集号
伊那路,46,9,548,2002/09/10,宮脇昌三先生の略歴・編著・『伊那路』執筆目録,,1,宮脇昌三先生を偲ぶ特集号
伊那路,46,9,548,2002/09/10,弔辞・追悼文　宮脇昌三先生と俳文学,代田　敬一郎,3,宮脇昌三先生を偲ぶ特集号
伊那路,46,9,548,2002/09/10,追憶　戦友・宮脇昌三先生,小松　谷雄,6,宮脇昌三先生を偲ぶ特集号
伊那路,46,9,548,2002/09/10,学者としての宮脇先生と私達,小池　恭子,11,宮脇昌三先生を偲ぶ特集号
伊那路,46,9,548,2002/09/10,宮脇先生とあかね会,春日　道子,12,宮脇昌三先生を偲ぶ特集号
伊那路,46,9,548,2002/09/10,宮脇昌三先生を偲びて,竹内　順子,13,宮脇昌三先生を偲ぶ特集号
伊那路,46,9,548,2002/09/10,宮脇先生との出会い,山口　良子,15,宮脇昌三先生を偲ぶ特集号
伊那路,46,9,548,2002/09/10,竹馬の友、そして常に先達だった宮脇昌三さんを偲ぶ,宮下　慶正,16,宮脇昌三先生を偲ぶ特集号
伊那路,46,9,548,2002/09/10,追憶,赤羽　篤,18,宮脇昌三先生を偲ぶ特集号
伊那路,46,9,548,2002/09/10,追憶宮脇昌三先生とその周囲の人々,城取　信平,21,宮脇昌三先生を偲ぶ特集号
伊那路,46,9,548,2002/09/10,井月を中にした宮脇さんと私,春日　愚良子,23,宮脇昌三先生を偲ぶ特集号
伊那路,46,9,548,2002/09/10,伊那に生まれて（父の思い出）,宮脇　新太郎,25,宮脇昌三先生を偲ぶ特集号
伊那路,46,9,548,2002/09/10,伊那谷への官設鉄道「中央線」誘致運動（1）,春日　重信,28,宮脇昌三先生を偲ぶ特集号
伊那路,46,9,548,2002/09/10,風と光の記憶（2）帰国と終戦・戦後の苦難の乗り切り,堀越　肇,34,宮脇昌三先生を偲ぶ特集号
伊那路,46,9,548,2002/09/10,消えてしまった分校（6）中川東小桑原分校・辰野東小上野分校,伊藤　一彦,42,宮脇昌三先生を偲ぶ特集号
伊那路,46,9,548,2002/09/10,【文化短信】「きこえますか？…の音」,赤羽　義洋,47,宮脇昌三先生を偲ぶ特集号
伊那路,46,9,548,2002/09/10,【有用植物あれこれ】（82）キンギンボク,土屋　愛子,48,宮脇昌三先生を偲ぶ特集号
伊那路,46,9,548,2002/09/10,宮脇昌三先生の面影と筆跡,,表紙2,宮脇昌三先生を偲ぶ特集号
伊那路,46,8,547,2002/08/10,警報下東京での日々　当時の日記でふり返る,伊藤　勉,1,終戦特集号
伊那路,46,8,547,2002/08/10,子どもの感じた日本の敗戦,堀江　玲子,11,終戦特集号
伊那路,46,8,547,2002/08/10,遺稿『とらはれの記』抄　シベリア抑留中の詠歌を中心に,沖村　義見,16,終戦特集号
伊那路,46,8,547,2002/08/10,もの言わぬ戦士・生きた兵器軍馬　中国大陸・南方諸島に眠るその霊よ安らかに,小林　正,22,終戦特集号
伊那路,46,8,547,2002/08/10,零戦の名パイロット,浦野　和夫,25,終戦特集号
伊那路,46,8,547,2002/08/10,風と光の記憶（1）寛甸県・錦州城・極寒のチャムス,堀越　肇,28,終戦特集号
伊那路,46,8,547,2002/08/10,狐理は愛嬌もの,平岩　道男,33,終戦特集号
伊那路,46,8,547,2002/08/10,【文化短信】われら「すみれ縄文発掘調査隊」,鈴木　孝敏,37,終戦特集号
伊那路,46,8,547,2002/08/10,【上伊那遺跡めぐり】（38）まこもが池遺跡,飯塚　政美,38,終戦特集号
伊那路,46,8,547,2002/08/10,【有用植物あれこれ】（81）アオキ,土屋　愛子,40,終戦特集号
伊那路,46,8,547,2002/08/10,【伊那谷の民家】（1）小野宿問屋,吉澤　政己,表紙2,終戦特集号
伊那路,46,7,546,2002/07/10,幕末と明治初期の教育　高遠藩校「進徳館」とその周辺,春日　重信,1,
伊那路,46,7,546,2002/07/10,井月句集『余波の水くき』を解く　生誕百八十年によせて,矢島　太郎,14,
伊那路,46,7,546,2002/07/10,『白牛酪能書之写』考,矢澤　喬治,26,
伊那路,46,7,546,2002/07/10,信州と伊豆・小笠原の島々,加納　直人,29,
伊那路,46,7,546,2002/07/10,ウエストンとウエストン公園祭,田畑　真一,34,
伊那路,46,7,546,2002/07/10,消えてしまった分校（5）西箕輪小北分校・与地分校,伊藤　一彦,37,
伊那路,46,7,546,2002/07/10,郵送料の値上げは困る,上伊那郷土研究会,42,
伊那路,46,7,546,2002/07/10,【文化短信】権兵衛峠を越えたオーケストラ,堀田　澄子,45,
伊那路,46,7,546,2002/07/10,【古文書の窓】（51）請取・請合書のこと,唐木　日出男,46,
伊那路,46,7,546,2002/07/10,【有用植物あれこれ】（80）ナツグミ・トウグミ,土屋　愛子,48,
伊那路,46,7,546,2002/07/10,【伊那谷で絶滅が心配な植物】（12）ホタルカズラ,林　芳人,表紙2,
伊那路,46,6,545,2002/06/10,上伊那における水生昆虫の生態　北部（辰野町、箕輪町）天竜川水系を中心に,伊東　誉,1,自然と人間のかかわり特集号
伊那路,46,6,545,2002/06/10,ザザ虫と私,中村　和美,8,自然と人間のかかわり特集号
伊那路,46,6,545,2002/06/10,伊那谷で分布を拡大するカワウ,吉田　保晴,11,自然と人間のかかわり特集号
伊那路,46,6,545,2002/06/10,消えてしまった分校（4）赤穂小下平分校・吉瀬分校・箕輪東小長岡新田分校,伊藤　一彦,20,自然と人間のかかわり特集号
伊那路,46,6,545,2002/06/10,井月の「ひそひそと何料る…」をめぐって　私の仮説（3）,浦野　省吾,25,自然と人間のかかわり特集号
伊那路,46,6,545,2002/06/10,堀内敬造という人（2）伊沢修二につながる高遠ゆかりの音楽界の偉人,岡部　高明,31,自然と人間のかかわり特集号
伊那路,46,6,545,2002/06/10,アメリカの戦争に日本ががんじがらめになって　自動的に参戦してよいのか,唐木　達雄,37,自然と人間のかかわり特集号
伊那路,46,6,545,2002/06/10,【上伊那遺跡めぐり】（37）縄文中期の石器製作址遺跡,田中　清文,38,自然と人間のかかわり特集号
伊那路,46,6,545,2002/06/10,【有用植物あれこれ】（79）スギ,土屋　愛子,40,自然と人間のかかわり特集号
伊那路,46,6,545,2002/06/10,【伊那谷で絶滅が心配な植物】（11）サイカチ,林　芳人,表紙2,自然と人間のかかわり特集号
伊那路,46,5,544,2002/05/10,堀内敬三という人（1）伊沢修二につながる高遠ゆかりの音楽界の偉人,岡部　高明,1,
伊那路,46,5,544,2002/05/10,昭和初期の上伊那碁会を探る　堀越英雄の道行を追って,堀越　肇,8,
伊那路,46,5,544,2002/05/10,東春近小学校校歌のこと　時代背景と作詞作曲者の周辺,唐沢　純子,13,
伊那路,46,5,544,2002/05/10,阪本天山『易学対問』の現代語訳（2）,林　洋一,22,
伊那路,46,5,544,2002/05/10,雑草より怖いものが来るぞ　地球は動いている,平岩　道男,31,
伊那路,46,5,544,2002/05/10,井月の「ひそひそと何料る…」をめぐって　私の仮説（2）,浦野　省吾,34,
伊那路,46,5,544,2002/05/10,『竹村文庫』でめぐり会えた「あやに尊し」,堀田　澄子,40,
伊那路,46,5,544,2002/05/10,消えてしまった分校（3）中沢小学校東分校・南分校,伊藤　一彦,42,
伊那路,46,5,544,2002/05/10,【文化短信】進徳館で学ぶ高遠中生,,45,
伊那路,46,5,544,2002/05/10,【古文書の窓】（50）井月書簡　加納五声宛,竹入　弘元,46,
伊那路,46,5,544,2002/05/10,【有用植物あれこれ】（78）ヤマブキ,土屋　愛子,48,
伊那路,46,5,544,2002/05/10,【伊那谷で絶滅が心配な植物】（10）ハルリンドウ,林　芳人,表紙2,
伊那路,46,4,543,2002/04/10,伊能忠敬による伊那部宿・内の萱間の測量,久保村　覚人,1,
伊那路,46,4,543,2002/04/10,井月の「ひそひそと何料る…」をめぐって　私の仮説（1）,浦野　省吾,8,
伊那路,46,4,543,2002/04/10,阪本天山『易学対問』の現代語訳（1）,林　洋一,15,
伊那路,46,4,543,2002/04/10,子規100年祭特別企画展　松山の子規・漱石・山頭火・不折など,春日　愚良子,23,
伊那路,46,4,543,2002/04/10,やまびこ国体伊那会場炬火採火地,桜井　武,27,
伊那路,46,4,543,2002/04/10,故郷懐古,浦野　和夫,31,
伊那路,46,4,543,2002/04/10,絵島疑獄とその後（2）高遠の墓をめぐって,春日　重信,33,
伊那路,46,4,543,2002/04/10,消えてしまった分校（2）三義小学校芝平分校・荊口分校,伊藤　一彦,40,
伊那路,46,4,543,2002/04/10,【文化短信】上伊那郷土研究交流連絡会だより,,45,
伊那路,46,4,543,2002/04/10,【上伊那遺跡めぐり】（36）雪と東山道,伊藤　修,46,
伊那路,46,4,543,2002/04/10,【有用植物あれこれ】（77）カラミダイコン,土屋　愛子,48,
伊那路,46,3,542,2002/03/10,伊那谷の自然で大事にしたいもの　第二回「上伊那郷土研究交流の集い」講演記録（2）,北城　節雄,1,
伊那路,46,3,542,2002/03/10,第二回「上伊那郷土研究交流の集い」に参加して,蟹澤　廣美,15,
伊那路,46,3,542,2002/03/10,地域を越えた共同研究を！,塩澤　明,16,
伊那路,46,3,542,2002/03/10,絵島疑獄とその後（1）高遠の墓をめぐって,春日　重信,17,
伊那路,46,3,542,2002/03/10,明治時代の裁縫の唱歌　子守教育への情熱から生まれた唱歌,堀田　澄子,29,
伊那路,46,3,542,2002/03/10,消えてしまった分校（1）,伊藤　一彦,33,
伊那路,46,3,542,2002/03/10,【文化短信】こまめに足を運ぼう,下平　道子,37,
伊那路,46,3,542,2002/03/10,【古文書の窓】（49）県庶務課起案寄付願及郡長伺書処置回議書　上伊那郡役所等新築関係文書より,伊藤　一夫,38,
伊那路,46,3,542,2002/03/10,【有用植物あれこれ】（76）アカフサスグリ,土屋　愛子,40,
伊那路,46,3,542,2002/03/10,【伊那谷で絶滅が心配な植物】（9）イヌハギ,林　芳人,表紙2,
伊那路,46,2,541,2002/02/10,伊那谷の自然で大事にしたいもの　第二回「上伊那郷土研究交流の集い」講演記録（1）,北城　節雄,1,
伊那路,46,2,541,2002/02/10,昔の子どもたちのくらし　西箕輪上戸少年会の思い出,有賀　進,17,
伊那路,46,2,541,2002/02/10,中村元恒の手紙（13）連載の終わりに,赤羽　篤,23,
伊那路,46,2,541,2002/02/10,内藤頼寧の子　栄吉・孝吉について,神林　三喜雄,28,
伊那路,46,2,541,2002/02/10,曲馬団伊那に来る,竹入　弘元,32,
伊那路,46,2,541,2002/02/10,仁科五郎信盛考,加納　直人,35,
伊那路,46,2,541,2002/02/10,ウエストンと俵屋・水無神社,田畑　真一,39,
伊那路,46,2,541,2002/02/10,おきな草の思い出,中山　善郎,43,
伊那路,46,2,541,2002/02/10,美篶の縄文土器,矢島　太郎,44,
伊那路,46,2,541,2002/02/10,【文化短信】福与城外堀の発掘,北澤　哲朗,45,
伊那路,46,2,541,2002/02/10,【上伊那遺跡めぐり】（35）下手良中原遺跡,高松　慎一,46,
伊那路,46,2,541,2002/02/10,【有用植物あれこれ】（75）チャ,土屋　愛子,48,
伊那路,46,2,541,2002/02/10,【伊那谷で絶滅が心配な植物】（8）アマナ,林　芳人,表紙2,
伊那路,46,1,540,2002/01/10,田畑の「盆正月」　若者の遊び日要求の名残り,松澤　英太郎,1,民俗芸能特集号
伊那路,46,1,540,2002/01/10,石・岩・淵・湯に関する史話　上伊那地方の川周辺にまつわる昔話を中心として,春日　重信,5,民俗芸能特集号
伊那路,46,1,540,2002/01/10,村の観音堂と薬師堂を訪ねる　北福地公民館事業,平岩　道男,14,民俗芸能特集号
伊那路,46,1,540,2002/01/10,狐に化かされた話,小林　敏男,17,民俗芸能特集号
伊那路,46,1,540,2002/01/10,歌人桃澤夢宅と松島社,矢澤　喬治,19,民俗芸能特集号
伊那路,46,1,540,2002/01/10,芦沢村の狂言　役者連名帳等にみる,矢島　太郎,26,民俗芸能特集号
伊那路,46,1,540,2002/01/10,宮田村北割　柏木小路と私（2）,浦野　和夫,30,民俗芸能特集号
伊那路,46,1,540,2002/01/10,伊南の寺院と石仏見学会報告,田中　清文,35,民俗芸能特集号
伊那路,46,1,540,2002/01/10,【文化短信】「先祖の絵馬を囲む会」開催される,伊藤　一男,37,民俗芸能特集号
伊那路,46,1,540,2002/01/10,【古文書の窓】（48）文政十年、狂言役割定帳,池上　正直,38,民俗芸能特集号
伊那路,46,1,540,2002/01/10,【有用植物あれこれ】（74）フジバカマ,土屋　愛子,40,民俗芸能特集号
伊那路,45,12,539,2001/12/10,上越市長岡「当正寺」　井月の年譜を読み解く,下平　道子,1,
伊那路,45,12,539,2001/12/10,井月検証（5）井月懇親会　新宿にて開催,加藤　すみ子,7,
伊那路,45,12,539,2001/12/10,中村不折・画伯と、その時代（3）上京した高遠出身者の明治を訪ねて,春日　重信,11,
伊那路,45,12,539,2001/12/10,向山雅重と短歌（6）雅重晩年の歌・歌碑のことなど,小林　勝幸,17,
伊那路,45,12,539,2001/12/10,上伊那の奥山半僧坊大権現（5）中川村,塩澤　一郎,26,
伊那路,45,12,539,2001/12/10,巨大石仏を彫刻した向山重左衛門の墓石見つかる,蟹沢　廣美,28,
伊那路,45,12,539,2001/12/10,花野の仏たち,松田　伊都子,30,
伊那路,45,12,539,2001/12/10,＜高校生の主張＞日本の川にダムは必要か,金子　紘巳,32,
伊那路,45,12,539,2001/12/10,＜高校生の主張＞日本の川にダムは必要か,赤羽　碧,33,
伊那路,45,12,539,2001/12/10,中村元恒の手紙（12）謫地から椿斎へ（3）,赤羽　篤,34,
伊那路,45,12,539,2001/12/10,【文化短信】子ども未来センター（仮称）について,片桐　靖喜,39,
伊那路,45,12,539,2001/12/10,【上伊那遺跡めぐり】（34）針ヶ平第一遺跡,伊藤　修,40,
伊那路,45,12,539,2001/12/10,【有用植物あれこれ】（73）アキカラマツ,土屋　愛子,42,
伊那路,45,12,539,2001/12/10,【伊那谷で絶滅が心配な植物】（7）ホシクサ,林　芳人,表紙2,
伊那路,45,11,538,2001/11/10,甲州に飯島氏ゆかりの長慶寺を訪ねる,飯島　紘,1,広域特集号
伊那路,45,11,538,2001/11/10,第二十六回県外実地踏査報告　［尾張・三河・美濃の窯業地探訪］,上伊那歴史研究会,7,広域特集号
伊那路,45,11,538,2001/11/10,海外日本人学校から見た日本・信州・伊那　美しき都市　大連,有賀　弘,26,広域特集号
伊那路,45,11,538,2001/11/10,海外日本人学校から見た日本・信州・伊那　ブラジル見聞録,北原　克彦,30,広域特集号
伊那路,45,11,538,2001/11/10,終戦特集号を読んで,北原　文雄,34,広域特集号
伊那路,45,11,538,2001/11/10,『高津才次郎奮戦記』に寄せて,竹内　順子,35,広域特集号
伊那路,45,11,538,2001/11/10,【文化短信】ワークショップ進行中,赤羽　義洋,37,広域特集号
伊那路,45,11,538,2001/11/10,【古文書の窓】（47）御吟味二付申上候口上書,氣賀澤　厚典,38,広域特集号
伊那路,45,11,538,2001/11/10,【有用植物あれこれ】（72）アカソ,土屋　愛子,40,広域特集号
伊那路,45,11,538,2001/11/10,【伊那谷で絶滅が心配な植物】（6）コオニタビラコ,林　芳人,表紙2,広域特集号
伊那路,45,10,537,2001/10/10,なぜこの寒い信州伊那でダチョウなんですか,唐澤　豊,1,
伊那路,45,10,537,2001/10/10,【トピックス】三峰川アレチウリ駆除大作戦,吉田　保晴,6,
伊那路,45,10,537,2001/10/10,眼の前の仙丈,有賀　功,7,
伊那路,45,10,537,2001/10/10,中村不折・画伯と、その時代（2）上京した高遠出身者の明治を訪ねて,春日　重信,17,
伊那路,45,10,537,2001/10/10,宮田村北割　柏木小路と私（1）,浦野　和夫,24,
伊那路,45,10,537,2001/10/10,沖縄に散った兄、挺身隊で逝った姉（2）父の日記から今また深まる悲しみ,北原　フミ子,29,
伊那路,45,10,537,2001/10/10,銃後の教育,山本　勝,34,
伊那路,45,10,537,2001/10/10,向山雅重と短歌（5）雅重晩年の歌・歌碑のことなど,小林　勝幸,39,
伊那路,45,10,537,2001/10/10,【有用植物あれこれ】（71）ヤツデ,土屋　愛子,40,
伊那路,45,10,537,2001/10/10,【上伊那遺跡めぐり】（33）丸塚古墳,小林　克喜,46,
伊那路,45,10,537,2001/10/10,【伊那谷で絶滅が心配な植物】（5）アツモリソウ,林　芳人,表紙2,
伊那路,45,9,536,2001/09/10,井月の新しい資料,矢島　太郎,1,
伊那路,45,9,536,2001/09/10,北安曇の高遠石工作品,牛越　嘉人,9,
伊那路,45,9,536,2001/09/10,権兵衛峠の調査研究,伊那弥生ケ丘高等学校交通研究会,13,
伊那路,45,9,536,2001/09/10,国民学校の思い出,山本　勝,20,
伊那路,45,9,536,2001/09/10,「伊那谷は『谷』か」に寄せて,池上　正直,24,
伊那路,45,9,536,2001/09/10,中村元恒の手紙（11）謫地から椿斎へ（2）,赤羽　篤,27,
伊那路,45,9,536,2001/09/10,千村平右衛門の「預所経営」の考察　信州伊那郡上穂村を例に（3）千村氏の裁量権,小木曽　伸一,31,
伊那路,45,9,536,2001/09/10,【文化短信】ぼくたちわたしたちの「飯島代官捕物帖」,伊藤　修,37,
伊那路,45,9,536,2001/09/10,【古文書の窓】（46）行き倒れ人始末の記録,唐木　日出男,38,
伊那路,45,9,536,2001/09/10,【有用植物あれこれ】（70）オオバコ,土屋　愛子,40,
伊那路,45,9,536,2001/09/10,【伊那谷で絶滅が心配な植物】（4）オキナグサ,林　芳人,表紙2,
伊那路,45,8,535,2001/08/10,あの日　あの時　そして今　学徒動員で失った友を偲びつつ,建石　敏子,1,終戦特集号
伊那路,45,8,535,2001/08/10,沖縄に散った兄、挺身隊で逝った姉（1）父の日記から今また深まる悲しみ,北原　フミ子,7,終戦特集号
伊那路,45,8,535,2001/08/10,終戦の詔勅と私,福沢　靖子,12,終戦特集号
伊那路,45,8,535,2001/08/10,移民一家の悲劇,浦野　和夫,16,終戦特集号
伊那路,45,8,535,2001/08/10,林茂樹氏の「巨大空母信濃との一会」に寄せて,池上　武,18,終戦特集号
伊那路,45,8,535,2001/08/10,終戦の詔書文に巡り合った経過,北原　一正,21,終戦特集号
伊那路,45,8,535,2001/08/10,『いのちありて』を読んで　今に知る学徒動員引率教師達の苦悩,堀田　澄子,24,終戦特集号
伊那路,45,8,535,2001/08/10,学童簿の記録より,山本　勝,30,終戦特集号
伊那路,45,8,535,2001/08/10,向山雅重と短歌（4）雅重歌集「山ざくら」より,小林　勝幸,35,終戦特集号
伊那路,45,8,535,2001/08/10,【文化短信】飯島町本郷「丸山遺跡」見学会,田中　清文,37,終戦特集号
伊那路,45,8,535,2001/08/10,【上伊那遺跡めぐり】（32）原牛の臼歯化石出土地,赤羽　義洋,38,終戦特集号
伊那路,45,8,535,2001/08/10,【有用植物あれこれ】（69）スイバ,土屋　愛子,40,終戦特集号
伊那路,45,8,535,2001/08/10,【伊那谷で絶滅が心配な植物】（3）ウチョウラン,林　芳人,表紙2,終戦特集号
伊那路,45,7,534,2001/07/10,中村不折・画伯と、その時代（1）上京した高遠出身者の明治を訪ねて,春日　重信,1,
伊那路,45,7,534,2001/07/10,織田信忠　武田家との関係を中心に,市川　博之,12,
伊那路,45,7,534,2001/07/10,画家小坂芝田の大祖父「愼独斎泰啓楽翁筆碑」のこと,竹内　順子,17,
伊那路,45,7,534,2001/07/10,中村元恒の手紙（10）謫地から椿斎へ（1）,赤羽　篤,21,
伊那路,45,7,534,2001/07/10,向山雅重と短歌（3）雅重歌集「山ざくら」より,小林　勝幸,26,
伊那路,45,7,534,2001/07/10,千村平右衛門の「預所経営」の考察　信州伊那郡上穂村を例に（2）散在する村々の経営,小木曽　伸一,31,
伊那路,45,7,534,2001/07/10,【文化短信】上伊那郷土館専門委員会,伊藤　一彦,37,
伊那路,45,7,534,2001/07/10,【古文書の窓】（45）殿様御領分中御巡見,桜井　武,38,
伊那路,45,7,534,2001/07/10,【有用植物あれこれ】（68）ホオズキ,土屋　愛子,40,
伊那路,45,7,534,2001/07/10,【伊那谷で絶滅が心配な植物】（2）サクラソウ,林　芳人,表紙2,
伊那路,45,6,533,2001/06/10,天竜川における鳥類標識調査,米山　富和,1,自然と人間のかかわり特集号
伊那路,45,6,533,2001/06/10,伊那谷は「谷」か,有賀　功,9,自然と人間のかかわり特集号
伊那路,45,6,533,2001/06/10,齢400年の命を受け継ぐ桜,小原　洋一,15,自然と人間のかかわり特集号
伊那路,45,6,533,2001/06/10,向山雅重と短歌（2）雅重歌集「山ざくら」より,小林　勝幸,19,自然と人間のかかわり特集号
伊那路,45,6,533,2001/06/10,十返舎一九大出村来訪に纏わるあれこれ（2）,矢澤　喬治,26,自然と人間のかかわり特集号
伊那路,45,6,533,2001/06/10,行事あれこれ　富県北福地におけるその昔と今,登内　昭和,31,自然と人間のかかわり特集号
伊那路,45,6,533,2001/06/10,【文化短信】,清水　満,37,自然と人間のかかわり特集号
伊那路,45,6,533,2001/06/10,【上伊那遺跡めぐり】（31）富岡遺跡,飯塚　表美,38,自然と人間のかかわり特集号
伊那路,45,6,533,2001/06/10,【有用植物あれこれ】（67）スイカズラ,土屋　愛子,40,自然と人間のかかわり特集号
伊那路,45,6,533,2001/06/10,【伊那谷で絶滅が心配な植物】（1）キキョウ,林　芳人,表紙2,自然と人間のかかわり特集号
伊那路,45,5,532,2001/05/10,千村平右衛門の「預所経営」の考察　信州伊那郡上穂村を例に（1）地方から見た田沼時代幕政の動向,小木曽　伸一,1,
伊那路,45,5,532,2001/05/10,十返舎一九大出村来訪に纏わるあれこれ（1）,矢澤　喬治,7,
伊那路,45,5,532,2001/05/10,向山雅重と短歌（1）,小林　勝幸,11,
伊那路,45,5,532,2001/05/10,韻鏡と悉曇学,代田　敬一郎,17,
伊那路,45,5,532,2001/05/10,駒ヶ岳のコマクサ,大場　英明,22,
伊那路,45,5,532,2001/05/10,上伊那のコンビニエンス・ストアの展開（3）,伊藤　一彦,24,
伊那路,45,5,532,2001/05/10,上伊那地域の地域性を考える（3）地域開発・産業構造の概況、ダム建設から,山口　通之,28,
伊那路,45,5,532,2001/05/10,炭焼きの思い出,小林　敏男,33,
伊那路,45,5,532,2001/05/10,春懐郷　歌二題,日岐　三郎,35,
伊那路,45,5,532,2001/05/10,【文化短信】長大「大名行列絵巻」高遠町に,唐木　日出男,37,
伊那路,45,5,532,2001/05/10,【古文書の窓】（44）村方の記録に見る廃藩置県と戸籍区設置,伊藤　一夫,38,
伊那路,45,5,532,2001/05/10,【有用植物あれこれ】（66）エゴマ,土屋　愛子,40,
伊那路,45,5,532,2001/05/10,【伊那谷の野鳥と保護】（19）ヒバリ,小口　泰人,表紙2,
伊那路,45,4,531,2001/04/10,二十一世紀における伊那谷の縄文文化研究のあり方,渡辺　誠,1,二十一世紀特集号（2）
伊那路,45,4,531,2001/04/10,このままではわが国土の将来はない（2）,北澤　秋司,6,二十一世紀特集号（2）
伊那路,45,4,531,2001/04/10,上伊那地域の地域性を考える（2）地域開発・産業構造の概況、ダム建設から,山口　通之,10,二十一世紀特集号（2）
伊那路,45,4,531,2001/04/10,薪割名人と十月の賽銭泥棒,平岩　道男,15,二十一世紀特集号（2）
伊那路,45,4,531,2001/04/10,入野谷の友と共に,宮下　善夫,19,二十一世紀特集号（2）
伊那路,45,4,531,2001/04/10,中村元恒の手紙（9）老境と流謫,赤羽　篤,21,二十一世紀特集号（2）
伊那路,45,4,531,2001/04/10,バングラデシュの女性たち（2）,近藤　陽子,25,二十一世紀特集号（2）
伊那路,45,4,531,2001/04/10,山村に歴史あり（3）山室川周辺の史的風景,春日　重信,31,二十一世紀特集号（2）
伊那路,45,4,531,2001/04/10,【文化短信】上伊那郷土研究交流連絡会だより,伊藤　一夫,37,二十一世紀特集号（2）
伊那路,45,4,531,2001/04/10,【上伊那遺跡めぐり】（30）船山城,伊藤　修,38,二十一世紀特集号（2）
伊那路,45,4,531,2001/04/10,【有用植物あれこれ】（65）ボタン,土屋　愛子,40,二十一世紀特集号（2）
伊那路,45,3,530,2001/03/10,巨樹・老樹の保護,森本　尚武,1,二十一世紀特集号（1）
伊那路,45,3,530,2001/03/10,このままではわが国土の将来はない（1）,北澤　秋司,4,二十一世紀特集号（1）
伊那路,45,3,530,2001/03/10,上伊那地域の地域性を考える（1）地域開発・産業・環境分野を中心に,山口　通之,14,二十一世紀特集号（1）
伊那路,45,3,530,2001/03/10,私の見た初夢　200X年の文化事情,若林　敏明,20,二十一世紀特集号（1）
伊那路,45,3,530,2001/03/10,二十一世紀、上伊那農業の展望・発展,田中　哲雄,26,二十一世紀特集号（1）
伊那路,45,3,530,2001/03/10,上伊那のコンビニエンス・ストアの展開（2）,伊藤　一彦,30,二十一世紀特集号（1）
伊那路,45,3,530,2001/03/10,権兵衛街道と与地の伊那節,西村　幸男,32,二十一世紀特集号（1）
伊那路,45,3,530,2001/03/10,ウエストンと伊那路の峠,田畑　真一,36,二十一世紀特集号（1）
伊那路,45,3,530,2001/03/10,【古文書の窓】（43）助郷役赦免願い,唐木　日出男,38,二十一世紀特集号（1）
伊那路,45,3,530,2001/03/10,【有用植物あれこれ】（64）ナルコユリ,土屋　愛子,40,二十一世紀特集号（1）
伊那路,45,3,530,2001/03/10,【伊那谷の野鳥と保護】（18）アオサギ,小口　泰人,表紙2,二十一世紀特集号（1）
伊那路,45,2,529,2001/02/10,伊那谷の風土と歴史　郷土研究の課題に寄せて,市川　健夫,1,
伊那路,45,2,529,2001/02/10,郷土研究交流の集いに参加して,気賀澤　進・白鳥　孝・伊藤　一彦,5,
伊那路,45,2,529,2001/02/10,仲仙寺と羽広の獅子舞,西村　幸男,8,
伊那路,45,2,529,2001/02/10,石工　三澤紋十郎について,蟹沢　廣美,11,
伊那路,45,2,529,2001/02/10,バングラデシュの女性たち（1）,近藤　陽子,13,
伊那路,45,2,529,2001/02/10,仁科正統の断絶　切腹石見聞記,日岐　三郎,20,
伊那路,45,2,529,2001/02/10,山村に歴史あり（2）山室川周辺の史的風景,春日　重信,22,
伊那路,45,2,529,2001/02/10,ウエストンと伊那路への横断,田畑　真一,30,
伊那路,45,2,529,2001/02/10,「上伊那郡市・郷土研究交流の集い」について,伊那路編集部,32,
伊那路,45,2,529,2001/02/10,上伊那のコンビニエンス・ストアの展開（1）,伊藤　一彦,34,
伊那路,45,2,529,2001/02/10,【文化短信】駒ヶ根郷土研究会,,37,
伊那路,45,2,529,2001/02/10,【上伊那遺跡めぐり】（29）蟹沢遺跡,田中　清文,38,
伊那路,45,2,529,2001/02/10,【有用植物あれこれ】（63）イチイ,土屋　愛子,40,
伊那路,45,2,529,2001/02/10,【伊那谷の野鳥と保護】（17）オシドリ,小口　泰人,表紙2,
伊那路,45,1,528,2001/01/10,石仏の楽しみ方,坂口　和子,1,民俗芸能特集号
伊那路,45,1,528,2001/01/10,駒ヶ根地区の三峯講と秩父三峯神社を訪ねて,池田　和守,5,民俗芸能特集号
伊那路,45,1,528,2001/01/10,太鼓あれこれ,小林　千元,8,民俗芸能特集号
伊那路,45,1,528,2001/01/10,明治二十七年頃より昭和二十二年頃まで青年会（男子）について　美篤笠原区の場合,桜井　武,15,民俗芸能特集号
伊那路,45,1,528,2001/01/10,山圃画井月字午の春歳旦帖,竹入　弘元,21,民俗芸能特集号
伊那路,45,1,528,2001/01/10,飯島為幸が建てた井伊直滋の墓,桃澤　匡行,25,民俗芸能特集号
伊那路,45,1,528,2001/01/10,山村に歴史あり（1）山室川周辺の史的風景,春日　重信,28,民俗芸能特集号
伊那路,45,1,528,2001/01/10,ウエストンと急行便,田畑　真一,31,民俗芸能特集号
伊那路,45,1,528,2001/01/10,井月検証（4）,加藤　すみ子,34,民俗芸能特集号
伊那路,45,1,528,2001/01/10,【古文書の窓】（42）職人作料改定觸書,桜井　武,38,民俗芸能特集号
伊那路,45,1,528,2001/01/10,【有用植物あれこれ】（62）アカマツ,土屋　愛子,40,民俗芸能特集号
伊那路,44,12,527,2000/12/10,峠の記念碑　大同義塾と高遠の私塾,春日　重信,1,
伊那路,44,12,527,2000/12/10,史料紹介「十文字峠通行人改名帳」,林　茂樹,7,
伊那路,44,12,527,2000/12/10,ウスユキソウ雑感,唐木　勉,16,
伊那路,44,12,527,2000/12/10,片切氏と片切氏系諸族の通字（2）,伊藤　修,20,
伊那路,44,12,527,2000/12/10,井月検証（3）,加藤　すみ子,27,
伊那路,44,12,527,2000/12/10,中村元恒の手紙（8）元恒と淵井椿斎（2）,赤羽　篤,33,
伊那路,44,12,527,2000/12/10,【文化短信】,,38,
伊那路,44,12,527,2000/12/10,【有用植物あれこれ】（61）ミツマタ,土屋　愛子,39,
伊那路,44,12,527,2000/12/10,【上伊那遺跡めぐり】（28）苅谷原遺跡,太田　保,40,
伊那路,44,12,527,2000/12/10,【伊那谷の野鳥と保護】（16）ヤマセミ,小口　泰人,表紙2,
伊那路,44,11,526,2000/11/10,ガンダーラの旅雑感,横田　良己,1,広域特集号
伊那路,44,11,526,2000/11/10,アフリカ事情（2）モザンビークを再訪して,池上　甲一,9,広域特集号
伊那路,44,11,526,2000/11/10,ALT（外国語指導助手）の感想　伊那の風土や中学生など,ダニエル・ノーバーグ、カーター・クインビー、リーフ・フェーバ,17,広域特集号
伊那路,44,11,526,2000/11/10,［第二十五回県外実地踏査報告］三河と伊那とのつながり,氣賀澤　厚典・内藤　りつ子・渡辺　弘行・伊藤　一夫・三澤　和人・伊藤　一彦・平澤　昇,22,広域特集号
伊那路,44,11,526,2000/11/10,野口在色墓碑の考察,日岐　三郎,35,広域特集号
伊那路,44,11,526,2000/11/10,【古文書の窓】（41）高齢者書上帳,池上　正直,38,広域特集号
伊那路,44,11,526,2000/11/10,【有用植物あれこれ】（60）カラムシ,土屋　愛子,40,広域特集号
伊那路,44,11,526,2000/11/10,【伊那谷の野鳥と保護】（15）ノスリ,小口　泰人,表紙2,広域特集号
伊那路,44,11,526,2000/11/10,【文化短信】,,,広域特集号
伊那路,44,10,525,2000/10/10,井月祭事始め,春日　愚良子,1,
伊那路,44,10,525,2000/10/10,井月検証（2）連句から長岡出身を検証する,加藤　すみ子,5,
伊那路,44,10,525,2000/10/10,中村元恒の手紙（7）元恒と淵井椿斎（1）,赤羽　篤,9,
伊那路,44,10,525,2000/10/10,飯島町本郷地区発見の石造物を伴う礫石経について,倉沢　俊一,14,
伊那路,44,10,525,2000/10/10,『層雲』自由律俳人　前田若水（2）その作品の一部と活動ところどころ,桜井　武,17,
伊那路,44,10,525,2000/10/10,耕ちゃんと貝がら（3）,春日　チエ子,23,
伊那路,44,10,525,2000/10/10,配給通帳で見る警報下の日々,伊藤　勉,30,
伊那路,44,10,525,2000/10/10,【文化短信】みんなが入れる公民館がほしい,井内　吉彦,36,
伊那路,44,10,525,2000/10/10,【上伊那遺跡めぐり】（27）仲町遺跡,赤松　茂,38,
伊那路,44,10,525,2000/10/10,【有用植物あれこれ】（59）センナリホオズキ,土屋　愛子,40,
伊那路,44,9,524,2000/09/10,第二回樋口次郎兼光薪能　五十人のうたい「鶴亀」大合唱が第二回薪能を大成功へ導く,大森　尚人,1,
伊那路,44,9,524,2000/09/10,アメリカさんからの贈り物　東京蒲田　我が家での二点,伊藤　勉,6,
伊那路,44,9,524,2000/09/10,吾が青年期の回想（6）,平岩　道男,9,
伊那路,44,9,524,2000/09/10,伊那峡と私,浦野　和夫,14,
伊那路,44,9,524,2000/09/10,耕ちゃんと貝がら（2）,春日　チエ子,17,
伊那路,44,9,524,2000/09/10,井月検証（1）,加藤　すみ子,26,
伊那路,44,9,524,2000/09/10,荒町陣屋と大久保文書,新井　勇,30,
伊那路,44,9,524,2000/09/10,【文化短信】各郷土研究グループ等の動向,,37,
伊那路,44,9,524,2000/09/10,【古文書の窓】（40）入営兵卒同行道中記抄,伊藤　一夫,38,
伊那路,44,9,524,2000/09/10,【有用植物あれこれ】（58）イチジク,土屋　愛子,40,
伊那路,44,9,524,2000/09/10,【伊那谷の野鳥と保護】（14）オオコノハズク,小口　泰人,表紙2,
伊那路,44,8,523,2000/08/10,レイテ決戦従軍記（抜粋）,日岐　三郎,1,終戦特集号
伊那路,44,8,523,2000/08/10,戦後五十五年、終戦を思う,有賀　宏,11,終戦特集号
伊那路,44,8,523,2000/08/10,十五年戦争渦中での生育,塩澤　明,17,終戦特集号
伊那路,44,8,523,2000/08/10,北原青雲氏のご逝去を悼む,上伊那郷土研究会,20,終戦特集号
伊那路,44,8,523,2000/08/10,巨大空母「信濃」との一会,林　茂樹,21,終戦特集号
伊那路,44,8,523,2000/08/10,戦争の爪痕,浦野　和夫,25,終戦特集号
伊那路,44,8,523,2000/08/10,耕ちゃんと貝がら（1）,春日　チエ子,28,終戦特集号
伊那路,44,8,523,2000/08/10,隣国との親善を築くために,唐木　達雄,33,終戦特集号
伊那路,44,8,523,2000/08/10,最近発見された守屋貞治作地蔵菩薩坐像,田中　清文,38,終戦特集号
伊那路,44,8,523,2000/08/10,【文化短信】,,39,終戦特集号
伊那路,44,8,523,2000/08/10,【有用植物あれこれ】（57）ビロードモウズイカ,土屋　愛子,40,終戦特集号
伊那路,44,8,523,2000/08/10,【伊那谷の野鳥と保護】（13）アオバズク,小口　泰人,表紙2,終戦特集号
伊那路,44,7,522,2000/07/10,片切氏と片切氏系諸族の通字（1）,伊藤　修,1,
伊那路,44,7,522,2000/07/10,中村元恒の手紙（6）藤澤信斎と淵井椿斎,赤羽　篤,9,
伊那路,44,7,522,2000/07/10,大宮五十鈴神社（2）,塩澤　明,14,
伊那路,44,7,522,2000/07/10,＜報告＞郷土研究の交流を目指して　研究団体・有志による第一回代表者会開催,郷土研究交流連絡会事務局,20,
伊那路,44,7,522,2000/07/10,「市」を取り巻く歴史的背景（2）伊那市地域の事例より,飯塚　政美,23,
伊那路,44,7,522,2000/07/10,『層雲』自由律俳人　前田若水（1）その作品の一部と活動ところどころ,桜井　武,29,
伊那路,44,7,522,2000/07/10,【古文書の窓】（39）『花七草』諸家の追悼文・句,竹入　弘元,38,
伊那路,44,7,522,2000/07/10,【有用植物あれこれ】（56）いちょう,土屋　愛子,40,
伊那路,44,7,522,2000/07/10,【伊那谷の野鳥と保護】（12）キジバト,小口　泰人,表紙2,
伊那路,44,6,521,2000/06/10,中央アルプス千畳敷の登山道の状況と整備について,土田　勝義,1,自然と人間特集号
伊那路,44,6,521,2000/06/10,ヒメウスユキソウ,林　芳人,8,自然と人間特集号
伊那路,44,6,521,2000/06/10,中央アルプスのチョウ　千畳敷から菅の台に生息する注目種,田中　邦治,12,自然と人間特集号
伊那路,44,6,521,2000/06/10,中央アルプス中部の地形地質,北澤　夏樹,18,自然と人間特集号
伊那路,44,6,521,2000/06/10,有機質肥料の自給から無機質肥料等の購入へ（3）20世紀における施肥史の転換に思う,池上　正直,25,自然と人間特集号
伊那路,44,6,521,2000/06/10,「市」を取り巻く歴史的背景（1）伊那市地域の事例より,飯塚　政美,32,自然と人間特集号
伊那路,44,6,521,2000/06/10,【有用植物あれこれ】（55）おやまぼくち,土屋　愛子,40,自然と人間特集号
伊那路,44,6,521,2000/06/10,【伊那谷の野鳥と保護】（11）トビ,小口　泰人,表紙2,自然と人間特集号
伊那路,44,5,520,2000/05/10,大宮五十鈴神社（1）,塩澤　明,1,
伊那路,44,5,520,2000/05/10,福地の屋号,登内　昭和,8,
伊那路,44,5,520,2000/05/10,松島の秋葉信仰の変遷,矢澤　喬治,10,
伊那路,44,5,520,2000/05/10,朔風の歌,宮脇　瑞穂,19,
伊那路,44,5,520,2000/05/10,中村元恒の手紙（5）藤澤信斎への手紙（3）,赤羽　篤,20,
伊那路,44,5,520,2000/05/10,伊那の彫刻師　宮下鉄弥（2）,塩澤　一郎,25,
伊那路,44,5,520,2000/05/10,三州街道の開削とその前後（2）伊那村（町）街部の発展を中心にして,春日　博人,32,
伊那路,44,5,520,2000/05/10,明治二十七年衆議院議員選挙の記録,林　芳人,37,
伊那路,44,5,520,2000/05/10,【古文書の窓】（38）中馬と宿場の荷駄の扱いを巡る文書,唐木　日出男,38,
伊那路,44,5,520,2000/05/10,【有用植物あれこれ】（54）じゅずだま,土屋　愛子,40,
伊那路,44,4,519,2000/04/10,三州街道の開削とその前後（1）伊那村（町）街部の発展を中心にして,春日　博人,1,20世紀特集号（2）
伊那路,44,4,519,2000/04/10,有機質肥料の自給から無機質肥料等の購入へ（2）20世紀における施肥史の転換に思う,池上　正直,10,20世紀特集号（2）
伊那路,44,4,519,2000/04/10,百拾歳の軌跡に学ぶ（2）中村千別翁著『百歳のあゆみ』を基軸に,伊藤　一夫,14,20世紀特集号（2）
伊那路,44,4,519,2000/04/10,吾が青春期の回想（5）,平岩　道男,23,20世紀特集号（2）
伊那路,44,4,519,2000/04/10,ウエストン年譜の「誤り」に答える,川村　宏,26,20世紀特集号（2）
伊那路,44,4,519,2000/04/10,「ウエストンと外国人初登頂」の訂正,田畑　真一,28,20世紀特集号（2）
伊那路,44,4,519,2000/04/10,福地の民話（2）,登内　昭和,29,20世紀特集号（2）
伊那路,44,4,519,2000/04/10,飯島町の地名・字名,伊藤　真人,31,20世紀特集号（2）
伊那路,44,4,519,2000/04/10,輪旅の歌,桜井　武,33,20世紀特集号（2）
伊那路,44,4,519,2000/04/10,【文化の灯】（48）「松井緑展」開催される,田中　清文,36,20世紀特集号（2）
伊那路,44,4,519,2000/04/10,【上伊那遺跡めぐり】（26）葛島城,伊藤　修,38,20世紀特集号（2）
伊那路,44,4,519,2000/04/10,【有用植物あれこれ】（53）おどりこそう,土屋　愛子,40,20世紀特集号（2）
伊那路,44,4,519,2000/04/10,【伊那谷の野鳥と保護】（10）タゲリ,小口　泰人,表紙2,20世紀特集号（2）
伊那路,44,3,518,2000/03/10,百拾歳の軌跡に学ぶ（1）中村千別翁著『百歳のあゆみ』を基軸に,伊藤　一夫,1,20世紀特集号（1）
伊那路,44,3,518,2000/03/10,100年前の青年教師　芦部猪之吉先生,唐澤　正國,6,20世紀特集号（1）
伊那路,44,3,518,2000/03/10,有機質肥料の自給から　無機質肥料等の購入へ（1）20世紀における施肥史の転換に思う,池上　正直,15,20世紀特集号（1）
伊那路,44,3,518,2000/03/10,蚕玉様の思い出,小林　敏男,19,20世紀特集号（1）
伊那路,44,3,518,2000/03/10,伊那部文化祭における「須田経哲」資料展について　注目を集めた百年前の医師一族の写真,田中　三郎,21,20世紀特集号（1）
伊那路,44,3,518,2000/03/10,ある「意見書」　百年前の南箕輪村の一断面,松澤　英太郎,25,20世紀特集号（1）
伊那路,44,3,518,2000/03/10,私の世紀は終わっていない　比島での激戦体験から,中村　一,29,20世紀特集号（1）
伊那路,44,3,518,2000/03/10,【文化の灯】（47）上伊那郷土館専門委員会,清水　満,37,20世紀特集号（1）
伊那路,44,3,518,2000/03/10,【古文書の窓】（37）『花七草』序文,竹入　弘元,38,20世紀特集号（1）
伊那路,44,3,518,2000/03/10,【有用植物あれこれ】（52）すいせん,土屋　愛子,40,20世紀特集号（1）
伊那路,44,3,518,2000/03/10,【伊那谷の野鳥と保護】（9）カケス,小口　泰人,表紙2,20世紀特集号（1）
伊那路,44,2,517,2000/02/10,「伊那路・女性会員の集い」における講演筆記　信州三大女流歌人の人と作品　今井邦子・四賀光子・若山喜志子,堀江　玲子,1,
伊那路,44,2,517,2000/02/10,「伊那路女性会員の集い」の記録,上伊那郷土研究会,13,
伊那路,44,2,517,2000/02/10,あいさつと感想,木部　則子・関　美穂・宮沢　英子,17,
伊那路,44,2,517,2000/02/10,中村元恒の手紙（4）藤澤信斎への手紙（2）,赤羽　篤,20,
伊那路,44,2,517,2000/02/10,宮田劇場と私,浦野　和夫,26,
伊那路,44,2,517,2000/02/10,ウエストンと顕彰プレート,田畑　真一,28,
伊那路,44,2,517,2000/02/10,伊那の彫刻師　宮下鉄弥（2）,塩澤　一郎,31,
伊那路,44,2,517,2000/02/10,【文化の灯】（46）詩「ひびき」国際的な大賞を受ける,池上　正直,37,
伊那路,44,2,517,2000/02/10,【上伊那遺跡めぐり】（25）鳴尾天白遺跡出土の入組文土器,田中　清文,38,
伊那路,44,2,517,2000/02/10,【有用植物あれこれ】（51）ふくじゅそう,土屋　愛子,40,
伊那路,44,2,517,2000/02/10,【伊那谷の野鳥と保護】（8）チョウゲンボウ,小口　泰人,表紙2,
伊那路,44,1,516,2000/01/10,井月歳旦帳を読む,矢島　井声,1,民俗芸能特集号
伊那路,44,1,516,2000/01/10,伊那の彫刻師　宮下鉄弥（1）,塩澤　一郎,5,民俗芸能特集号
伊那路,44,1,516,2000/01/10,文化運動は社会を変えるか　検証・伊那市民劇場20年の歩み,若林　敏明,11,民俗芸能特集号
伊那路,44,1,516,2000/01/10,本曽倉村元禄検地御水帳　その由来と考察,原　一郎,16,民俗芸能特集号
伊那路,44,1,516,2000/01/10,ウエストンと伊那路,田畑　真一,20,民俗芸能特集号
伊那路,44,1,516,2000/01/10,井月の人物像を探る（2）,下平　道子,24,民俗芸能特集号
伊那路,44,1,516,2000/01/10,中央アルプス山麓のシカ（2）,吉田　保晴,29,民俗芸能特集号
伊那路,44,1,516,2000/01/10,【文化の灯】（45）紅葉教室（西箕輪公民館）,城取　茂美,37,民俗芸能特集号
伊那路,44,1,516,2000/01/10,【古文書の窓】（36）権兵衛峠開鑿の文書,唐木　日出男,38,民俗芸能特集号
伊那路,44,1,516,2000/01/10,【有用植物あれこれ】（50）りんどう,土屋　愛子,40,民俗芸能特集号